[2026-05-01  09:40:05] INFO stats/stats.c stats thread started
[2026-05-01  09:40:05] INFO fserve/fserve.c file serving started
[2026-05-01  09:40:05] INFO main/main.c Icecast 2.5.0 server started
[2026-05-01  09:40:05] INFO main/main.c Server's PID is 18796
[2026-05-01  09:40:05] INFO main/main.c Running on DJGooDOFF; OS: MS Windows; Address Bits: 64
[2026-05-01  09:40:05] INFO main/main.c From configuration: Our hostname is "178.49.69.37", located "Earth", with admin contact "icemaster@localhost"
[2026-05-01  09:40:05] INFO yp/yp.c YP update thread started
[2026-05-01  09:40:05] INFO event-stream/event_stream.c event queued
[2026-05-01  09:40:05] INFO connection/connection.c No TLS capability on any configured ports
[2026-05-01  09:41:10] INFO fserve/fserve.c checking for file /assets/css/style.css (./web/assets/css/style.css)
[2026-05-01  09:41:10] INFO fserve/fserve.c checking for file /assets/img/icecast.png (./web/assets/img/icecast.png)
[2026-05-01  09:41:10] INFO fserve/fserve.c checking for file /favicon.ico (./web/favicon.ico)
[2026-05-01  09:41:32] INFO fserve/fserve.c checking for file /assets/css/style.css (./web/assets/css/style.css)
[2026-05-01  09:41:32] INFO fserve/fserve.c checking for file /assets/img/icecast.png (./web/assets/img/icecast.png)
[2026-05-01  09:41:32] INFO fserve/fserve.c checking for file /favicon.ico (./web/favicon.ico)
[2026-05-01  09:41:59] INFO fserve/fserve.c checking for file /assets/css/style.css (./web/assets/css/style.css)
[2026-05-01  09:41:59] INFO fserve/fserve.c checking for file /assets/img/icecast.png (./web/assets/img/icecast.png)
[2026-05-01  09:41:59] INFO fserve/fserve.c checking for file /favicon.ico (./web/favicon.ico)
[2026-05-01  09:42:22] INFO fserve/fserve.c checking for file /assets/css/style.css (./web/assets/css/style.css)
[2026-05-01  09:42:22] INFO fserve/fserve.c checking for file /assets/img/icecast.png (./web/assets/img/icecast.png)
[2026-05-01  09:45:04] INFO event-stream/event_stream.c event queued
[2026-05-01  09:45:06] INFO connection-handle/connection_handle.c Source logging in at mountpoint "/Radio" using "SOURCE" from 127.0.0.1 as role legacy-global-source with acl legacy-global-source
[2026-05-01  09:45:06] WARN format/format.c Unsupported or legacy stream type: "audio/mpeg". Falling back to generic minimal handler for best effort.
[2026-05-01  09:45:06] INFO event-stream/event_stream.c event queued
[2026-05-01  09:45:06] INFO format-mp3/format_mp3.c No charset given for mount - with source client 1962800054287, assuming ISO8859-1
[2026-05-01  09:45:06] WARN stats/stats.c No charset found for "ISO8859-1"
[2026-05-01  09:45:06] WARN stats/stats.c No charset found for "ISO8859-1"
[2026-05-01  09:45:06] WARN stats/stats.c No charset found for "ISO8859-1"
[2026-05-01  09:45:06] WARN stats/stats.c No charset found for "ISO8859-1"
[2026-05-01  09:45:06] INFO event-stream/event_stream.c event queued
[2026-05-01  09:45:06] INFO event-stream/event_stream.c event queued
[2026-05-01  09:45:06] INFO event-stream/event_stream.c event queued
[2026-05-01  09:45:06] INFO source/source.c listener count on /Radio now 0
[2026-05-01  09:45:06] INFO event-stream/event_stream.c event queued
[2026-05-01  09:45:06] INFO event-stream/event_stream.c event queued
[2026-05-01  09:45:06] INFO event-stream/event_stream.c event queued
[2026-05-01  09:45:07] INFO admin/admin.c Received admin command listclients on mount '/Radio'
[2026-05-01  09:45:11] INFO admin/admin.c Received admin command metadata on mount '/Radio'
[2026-05-01  09:45:11] WARN admin/admin.c Client 000001C9851BC160 (role=legacy-global-source, acl=legacy-global-source, username=source) uses safe method GET on /admin/metadata
[2026-05-01  09:45:11] INFO admin/admin.c Metadata on mountpoint /Radio changed to "6A\x20-\x20Energy\x208\x20-\x202Whales\x20feat.\x20TR\x20Tactics\x20-\x20Weak"
[2026-05-01  09:45:11] INFO event-stream/event_stream.c event queued
[2026-05-01  09:45:11] WARN stats/stats.c No charset found for "ISO8859-1"
[2026-05-01  09:45:11] WARN stats/stats.c No charset found for "ISO8859-1"
[2026-05-01  09:45:11] INFO event-stream/event_stream.c event queued
[2026-05-01  09:45:17] INFO admin/admin.c Received admin command listclients on mount '/Radio'
[2026-05-01  09:45:18] INFO admin/admin.c Received admin command metadata on mount '/Radio'
[2026-05-01  09:45:18] WARN admin/admin.c Client 000001C9851BD310 (role=legacy-global-source, acl=legacy-global-source, username=source) uses safe method GET on /admin/metadata
[2026-05-01  09:45:18] INFO admin/admin.c Metadata on mountpoint /Radio changed to "4A\x20-\x20Energy\x208\x20-\x20Dimension\x20&\x20Arctic\x20Lake\x20-\x20Plus\x20Minus\x20(Original\x20Mix)\x20[by\x20DragoN_Sky]"
[2026-05-01  09:45:18] INFO event-stream/event_stream.c event queued
[2026-05-01  09:45:18] WARN stats/stats.c No charset found for "ISO8859-1"
[2026-05-01  09:45:18] WARN stats/stats.c No charset found for "ISO8859-1"
[2026-05-01  09:45:18] INFO event-stream/event_stream.c event queued
[2026-05-01  09:45:26] INFO fserve/fserve.c checking for file /assets/img/icecast.png (./web/assets/img/icecast.png)
[2026-05-01  09:45:26] INFO fserve/fserve.c checking for file /assets/css/style.css (./web/assets/css/style.css)
[2026-05-01  09:45:27] INFO admin/admin.c Received admin command listclients on mount '/Radio'
[2026-05-01  09:45:27] INFO fserve/fserve.c checking for file /favicon.ico (./web/favicon.ico)
[2026-05-01  09:45:37] INFO admin/admin.c Received admin command listclients on mount '/Radio'
[2026-05-01  09:45:41] INFO event-stream/event_stream.c event queued
[2026-05-01  09:45:47] INFO admin/admin.c Received admin command listclients on mount '/Radio'
[2026-05-01  09:45:49] INFO fserve/fserve.c checking for file /radio (./web/radio)
[2026-05-01  09:45:49] WARN fserve/fserve.c req for file "./web/radio" No such file or directory
[2026-05-01  09:45:50] INFO fserve/fserve.c checking for file /assets/css/style.css (./web/assets/css/style.css)
[2026-05-01  09:45:50] INFO fserve/fserve.c checking for file /assets/img/icecast.png (./web/assets/img/icecast.png)
[2026-05-01  09:45:57] INFO admin/admin.c Received admin command listclients on mount '/Radio'
[2026-05-01  09:46:07] INFO admin/admin.c Received admin command listclients on mount '/Radio'
[2026-05-01  09:46:14] INFO event-stream/event_stream.c event queued
[2026-05-01  09:46:14] INFO source/source.c listener count on /Radio now 1
[2026-05-01  09:46:14] INFO event-stream/event_stream.c event queued
[2026-05-01  09:46:14] INFO source/source.c listener count on /Radio now 0
[2026-05-01  09:46:14] INFO event-stream/event_stream.c event queued
[2026-05-01  09:46:14] INFO event-stream/event_stream.c event queued
[2026-05-01  09:46:15] INFO event-stream/event_stream.c event queued
[2026-05-01  09:46:15] INFO source/source.c listener count on /Radio now 1
[2026-05-01  09:46:15] INFO event-stream/event_stream.c event queued
[2026-05-01  09:46:17] INFO admin/admin.c Received admin command listclients on mount '/Radio'
[2026-05-01  09:46:27] INFO admin/admin.c Received admin command listclients on mount '/Radio'
[2026-05-01  09:46:37] INFO admin/admin.c Received admin command listclients on mount '/Radio'
[2026-05-01  09:46:47] INFO admin/admin.c Received admin command listclients on mount '/Radio'
[2026-05-01  09:46:57] INFO admin/admin.c Received admin command listclients on mount '/Radio'
[2026-05-01  09:46:57] INFO admin/admin.c Received admin command metadata on mount '/Radio'
[2026-05-01  09:46:57] WARN admin/admin.c Client 000001C9851F9920 (role=legacy-global-source, acl=legacy-global-source, username=source) uses safe method GET on /admin/metadata
[2026-05-01  09:46:57] INFO admin/admin.c Metadata on mountpoint /Radio changed to "4A\x20-\x20Energy\x207\x20-\x20Encode\x20-\x20None"
[2026-05-01  09:46:57] INFO event-stream/event_stream.c event queued
[2026-05-01  09:46:57] WARN stats/stats.c No charset found for "ISO8859-1"
[2026-05-01  09:46:57] WARN stats/stats.c No charset found for "ISO8859-1"
[2026-05-01  09:46:57] INFO event-stream/event_stream.c event queued
[2026-05-01  09:47:07] INFO admin/admin.c Received admin command listclients on mount '/Radio'
[2026-05-01  09:47:17] INFO admin/admin.c Received admin command listclients on mount '/Radio'
[2026-05-01  09:47:27] INFO admin/admin.c Received admin command listclients on mount '/Radio'
[2026-05-01  09:47:37] INFO admin/admin.c Received admin command listclients on mount '/Radio'
[2026-05-01  09:47:47] INFO admin/admin.c Received admin command listclients on mount '/Radio'
[2026-05-01  09:47:57] INFO admin/admin.c Received admin command listclients on mount '/Radio'
[2026-05-01  09:48:07] INFO admin/admin.c Received admin command listclients on mount '/Radio'
[2026-05-01  09:48:17] INFO admin/admin.c Received admin command listclients on mount '/Radio'
[2026-05-01  09:48:27] INFO admin/admin.c Received admin command listclients on mount '/Radio'
[2026-05-01  09:48:37] INFO admin/admin.c Received admin command listclients on mount '/Radio'
[2026-05-01  09:48:47] INFO admin/admin.c Received admin command listclients on mount '/Radio'
[2026-05-01  09:48:57] INFO admin/admin.c Received admin command listclients on mount '/Radio'
[2026-05-01  09:49:07] INFO admin/admin.c Received admin command listclients on mount '/Radio'
[2026-05-01  09:49:17] INFO admin/admin.c Received admin command listclients on mount '/Radio'
[2026-05-01  09:49:27] INFO admin/admin.c Received admin command listclients on mount '/Radio'
[2026-05-01  09:49:37] INFO admin/admin.c Received admin command listclients on mount '/Radio'
[2026-05-01  09:49:47] INFO admin/admin.c Received admin command listclients on mount '/Radio'
[2026-05-01  09:49:57] INFO admin/admin.c Received admin command listclients on mount '/Radio'
[2026-05-01  09:50:07] INFO admin/admin.c Received admin command listclients on mount '/Radio'
[2026-05-01  09:50:17] INFO admin/admin.c Received admin command listclients on mount '/Radio'
[2026-05-01  09:50:27] INFO admin/admin.c Received admin command listclients on mount '/Radio'
[2026-05-01  09:50:37] INFO admin/admin.c Received admin command listclients on mount '/Radio'
[2026-05-01  09:50:47] INFO admin/admin.c Received admin command listclients on mount '/Radio'
[2026-05-01  09:50:57] INFO admin/admin.c Received admin command listclients on mount '/Radio'
[2026-05-01  09:51:07] INFO admin/admin.c Received admin command listclients on mount '/Radio'
[2026-05-01  09:51:17] INFO admin/admin.c Received admin command listclients on mount '/Radio'
[2026-05-01  09:51:27] INFO admin/admin.c Received admin command listclients on mount '/Radio'
[2026-05-01  09:51:37] INFO admin/admin.c Received admin command listclients on mount '/Radio'
[2026-05-01  09:51:47] INFO admin/admin.c Received admin command listclients on mount '/Radio'
[2026-05-01  09:51:57] INFO admin/admin.c Received admin command listclients on mount '/Radio'
[2026-05-01  09:52:07] INFO admin/admin.c Received admin command listclients on mount '/Radio'
[2026-05-01  09:52:17] INFO admin/admin.c Received admin command listclients on mount '/Radio'
[2026-05-01  09:52:27] INFO admin/admin.c Received admin command listclients on mount '/Radio'
[2026-05-01  09:52:37] INFO admin/admin.c Received admin command listclients on mount '/Radio'
[2026-05-01  09:52:47] INFO admin/admin.c Received admin command listclients on mount '/Radio'
[2026-05-01  09:52:57] INFO admin/admin.c Received admin command listclients on mount '/Radio'
[2026-05-01  09:53:07] INFO admin/admin.c Received admin command listclients on mount '/Radio'
[2026-05-01  09:53:17] INFO admin/admin.c Received admin command listclients on mount '/Radio'
[2026-05-01  09:53:27] INFO admin/admin.c Received admin command listclients on mount '/Radio'
[2026-05-01  09:53:37] INFO admin/admin.c Received admin command listclients on mount '/Radio'
[2026-05-01  09:53:47] INFO admin/admin.c Received admin command listclients on mount '/Radio'
[2026-05-01  09:53:54] INFO admin/admin.c Received admin command metadata on mount '/Radio'
[2026-05-01  09:53:54] WARN admin/admin.c Client 000001C9851F9920 (role=legacy-global-source, acl=legacy-global-source, username=source) uses safe method GET on /admin/metadata
[2026-05-01  09:53:54] INFO admin/admin.c Metadata on mountpoint /Radio changed to "Jump\x20System\x20-\x20Shut\x20Down"
[2026-05-01  09:53:54] INFO event-stream/event_stream.c event queued
[2026-05-01  09:53:54] WARN stats/stats.c No charset found for "ISO8859-1"
[2026-05-01  09:53:54] WARN stats/stats.c No charset found for "ISO8859-1"
[2026-05-01  09:53:54] INFO event-stream/event_stream.c event queued
[2026-05-01  09:53:57] INFO admin/admin.c Received admin command listclients on mount '/Radio'
[2026-05-01  09:54:07] INFO admin/admin.c Received admin command listclients on mount '/Radio'
[2026-05-01  09:54:17] INFO admin/admin.c Received admin command listclients on mount '/Radio'
[2026-05-01  09:54:27] INFO admin/admin.c Received admin command listclients on mount '/Radio'
[2026-05-01  09:54:37] INFO admin/admin.c Received admin command listclients on mount '/Radio'
[2026-05-01  09:54:47] INFO admin/admin.c Received admin command listclients on mount '/Radio'
[2026-05-01  09:54:57] INFO admin/admin.c Received admin command listclients on mount '/Radio'
[2026-05-01  09:55:07] INFO admin/admin.c Received admin command listclients on mount '/Radio'
[2026-05-01  09:55:17] INFO admin/admin.c Received admin command listclients on mount '/Radio'
[2026-05-01  09:55:27] INFO admin/admin.c Received admin command listclients on mount '/Radio'
[2026-05-01  09:55:37] INFO admin/admin.c Received admin command listclients on mount '/Radio'
[2026-05-01  09:55:47] INFO admin/admin.c Received admin command listclients on mount '/Radio'
[2026-05-01  09:55:57] INFO admin/admin.c Received admin command listclients on mount '/Radio'
[2026-05-01  09:56:07] INFO admin/admin.c Received admin command listclients on mount '/Radio'
[2026-05-01  09:56:17] INFO admin/admin.c Received admin command listclients on mount '/Radio'
[2026-05-01  09:56:27] INFO admin/admin.c Received admin command listclients on mount '/Radio'
[2026-05-01  09:56:37] INFO admin/admin.c Received admin command listclients on mount '/Radio'
[2026-05-01  09:56:47] INFO admin/admin.c Received admin command listclients on mount '/Radio'
[2026-05-01  09:56:57] INFO admin/admin.c Received admin command listclients on mount '/Radio'
[2026-05-01  09:57:07] INFO admin/admin.c Received admin command listclients on mount '/Radio'
[2026-05-01  09:57:17] INFO admin/admin.c Received admin command listclients on mount '/Radio'
[2026-05-01  09:57:27] INFO admin/admin.c Received admin command listclients on mount '/Radio'
[2026-05-01  09:57:37] INFO admin/admin.c Received admin command listclients on mount '/Radio'
[2026-05-01  09:57:47] INFO admin/admin.c Received admin command listclients on mount '/Radio'
[2026-05-01  09:57:57] INFO admin/admin.c Received admin command listclients on mount '/Radio'
[2026-05-01  09:58:07] INFO admin/admin.c Received admin command listclients on mount '/Radio'
[2026-05-01  09:58:12] INFO admin/admin.c Received admin command metadata on mount '/Radio'
[2026-05-01  09:58:12] WARN admin/admin.c Client 000001C9851F96E0 (role=legacy-global-source, acl=legacy-global-source, username=source) uses safe method GET on /admin/metadata
[2026-05-01  09:58:12] INFO admin/admin.c Metadata on mountpoint /Radio changed to "Ilussha\x20-\x20Distress\x20Signal"
[2026-05-01  09:58:13] INFO event-stream/event_stream.c event queued
[2026-05-01  09:58:13] WARN stats/stats.c No charset found for "ISO8859-1"
[2026-05-01  09:58:13] WARN stats/stats.c No charset found for "ISO8859-1"
[2026-05-01  09:58:13] INFO event-stream/event_stream.c event queued
[2026-05-01  09:58:17] INFO admin/admin.c Received admin command listclients on mount '/Radio'
[2026-05-01  09:58:27] INFO admin/admin.c Received admin command listclients on mount '/Radio'
[2026-05-01  09:58:37] INFO admin/admin.c Received admin command listclients on mount '/Radio'
[2026-05-01  09:58:47] INFO admin/admin.c Received admin command listclients on mount '/Radio'
[2026-05-01  09:58:57] INFO admin/admin.c Received admin command listclients on mount '/Radio'
[2026-05-01  09:59:01] INFO event-stream/event_stream.c event queued
[2026-05-01  09:59:01] INFO source/source.c listener count on /Radio now 2
[2026-05-01  09:59:01] INFO event-stream/event_stream.c event queued
[2026-05-01  09:59:01] INFO source/source.c listener count on /Radio now 1
[2026-05-01  09:59:01] INFO event-stream/event_stream.c event queued
[2026-05-01  09:59:02] INFO event-stream/event_stream.c event queued
[2026-05-01  09:59:02] INFO source/source.c listener count on /Radio now 2
[2026-05-01  09:59:02] INFO event-stream/event_stream.c event queued
[2026-05-01  09:59:03] INFO source/source.c listener count on /Radio now 1
[2026-05-01  09:59:03] INFO event-stream/event_stream.c event queued
[2026-05-01  09:59:07] INFO admin/admin.c Received admin command listclients on mount '/Radio'
[2026-05-01  09:59:17] INFO admin/admin.c Received admin command listclients on mount '/Radio'
[2026-05-01  09:59:27] INFO admin/admin.c Received admin command listclients on mount '/Radio'
[2026-05-01  09:59:37] INFO admin/admin.c Received admin command listclients on mount '/Radio'
[2026-05-01  09:59:47] INFO admin/admin.c Received admin command listclients on mount '/Radio'
[2026-05-01  09:59:57] INFO admin/admin.c Received admin command listclients on mount '/Radio'
[2026-05-01  10:00:07] INFO admin/admin.c Received admin command listclients on mount '/Radio'
[2026-05-01  10:00:17] INFO admin/admin.c Received admin command listclients on mount '/Radio'
[2026-05-01  10:00:27] INFO admin/admin.c Received admin command listclients on mount '/Radio'
[2026-05-01  10:00:37] INFO admin/admin.c Received admin command listclients on mount '/Radio'
[2026-05-01  10:00:47] INFO admin/admin.c Received admin command listclients on mount '/Radio'
[2026-05-01  10:00:57] INFO admin/admin.c Received admin command listclients on mount '/Radio'
[2026-05-01  10:01:01] INFO admin/admin.c Received admin command metadata on mount '/Radio'
[2026-05-01  10:01:01] WARN admin/admin.c Client 000001C9851F96E0 (role=legacy-global-source, acl=legacy-global-source, username=source) uses safe method GET on /admin/metadata
[2026-05-01  10:01:01] INFO admin/admin.c Metadata on mountpoint /Radio changed to "9A\x20-\x20Energy\x206\x20-\x20LowR\x20-\x20Oooga"
[2026-05-01  10:01:01] INFO event-stream/event_stream.c event queued
[2026-05-01  10:01:01] WARN stats/stats.c No charset found for "ISO8859-1"
[2026-05-01  10:01:01] WARN stats/stats.c No charset found for "ISO8859-1"
[2026-05-01  10:01:01] INFO event-stream/event_stream.c event queued
[2026-05-01  10:01:07] INFO admin/admin.c Received admin command listclients on mount '/Radio'
[2026-05-01  10:01:17] INFO admin/admin.c Received admin command listclients on mount '/Radio'
[2026-05-01  10:01:27] INFO admin/admin.c Received admin command listclients on mount '/Radio'
[2026-05-01  10:01:37] INFO admin/admin.c Received admin command listclients on mount '/Radio'
[2026-05-01  10:01:47] INFO admin/admin.c Received admin command listclients on mount '/Radio'
[2026-05-01  10:01:57] INFO admin/admin.c Received admin command listclients on mount '/Radio'
[2026-05-01  10:02:07] INFO admin/admin.c Received admin command listclients on mount '/Radio'
[2026-05-01  10:02:17] INFO admin/admin.c Received admin command listclients on mount '/Radio'
[2026-05-01  10:02:27] INFO admin/admin.c Received admin command listclients on mount '/Radio'
[2026-05-01  10:02:37] INFO admin/admin.c Received admin command listclients on mount '/Radio'
[2026-05-01  10:02:47] INFO admin/admin.c Received admin command listclients on mount '/Radio'
[2026-05-01  10:02:57] INFO admin/admin.c Received admin command listclients on mount '/Radio'
[2026-05-01  10:03:07] INFO admin/admin.c Received admin command listclients on mount '/Radio'
[2026-05-01  10:03:17] INFO admin/admin.c Received admin command listclients on mount '/Radio'
[2026-05-01  10:03:27] INFO admin/admin.c Received admin command listclients on mount '/Radio'
[2026-05-01  10:03:37] INFO admin/admin.c Received admin command listclients on mount '/Radio'
[2026-05-01  10:03:47] INFO admin/admin.c Received admin command listclients on mount '/Radio'
[2026-05-01  10:03:57] INFO admin/admin.c Received admin command listclients on mount '/Radio'
[2026-05-01  10:04:07] INFO admin/admin.c Received admin command listclients on mount '/Radio'
[2026-05-01  10:04:17] INFO admin/admin.c Received admin command listclients on mount '/Radio'
[2026-05-01  10:04:27] INFO admin/admin.c Received admin command listclients on mount '/Radio'
[2026-05-01  10:04:37] INFO admin/admin.c Received admin command listclients on mount '/Radio'
[2026-05-01  10:04:47] INFO admin/admin.c Received admin command listclients on mount '/Radio'
[2026-05-01  10:04:57] INFO admin/admin.c Received admin command listclients on mount '/Radio'
[2026-05-01  10:05:07] INFO admin/admin.c Received admin command listclients on mount '/Radio'
[2026-05-01  10:05:17] INFO admin/admin.c Received admin command listclients on mount '/Radio'
[2026-05-01  10:05:27] INFO admin/admin.c Received admin command listclients on mount '/Radio'
[2026-05-01  10:05:37] INFO admin/admin.c Received admin command listclients on mount '/Radio'
[2026-05-01  10:05:47] INFO admin/admin.c Received admin command listclients on mount '/Radio'
[2026-05-01  10:05:57] INFO admin/admin.c Received admin command listclients on mount '/Radio'
[2026-05-01  10:06:07] INFO admin/admin.c Received admin command listclients on mount '/Radio'
[2026-05-01  10:06:09] INFO admin/admin.c Received admin command metadata on mount '/Radio'
[2026-05-01  10:06:09] WARN admin/admin.c Client 000001C9851F94A0 (role=legacy-global-source, acl=legacy-global-source, username=source) uses safe method GET on /admin/metadata
[2026-05-01  10:06:09] INFO admin/admin.c Metadata on mountpoint /Radio changed to "Owl\x20Vision\x20-\x20EXODUZ"
[2026-05-01  10:06:09] INFO event-stream/event_stream.c event queued
[2026-05-01  10:06:09] WARN stats/stats.c No charset found for "ISO8859-1"
[2026-05-01  10:06:09] WARN stats/stats.c No charset found for "ISO8859-1"
[2026-05-01  10:06:09] INFO event-stream/event_stream.c event queued
[2026-05-01  10:06:17] INFO admin/admin.c Received admin command listclients on mount '/Radio'
[2026-05-01  10:06:27] INFO admin/admin.c Received admin command listclients on mount '/Radio'
[2026-05-01  10:06:37] INFO admin/admin.c Received admin command listclients on mount '/Radio'
[2026-05-01  10:06:47] INFO admin/admin.c Received admin command listclients on mount '/Radio'
[2026-05-01  10:06:57] INFO admin/admin.c Received admin command listclients on mount '/Radio'
[2026-05-01  10:07:07] INFO admin/admin.c Received admin command listclients on mount '/Radio'
[2026-05-01  10:07:17] INFO admin/admin.c Received admin command listclients on mount '/Radio'
[2026-05-01  10:07:27] INFO admin/admin.c Received admin command listclients on mount '/Radio'
[2026-05-01  10:07:37] INFO admin/admin.c Received admin command listclients on mount '/Radio'
[2026-05-01  10:07:47] INFO admin/admin.c Received admin command listclients on mount '/Radio'
[2026-05-01  10:07:57] INFO admin/admin.c Received admin command listclients on mount '/Radio'
[2026-05-01  10:08:07] INFO admin/admin.c Received admin command listclients on mount '/Radio'
[2026-05-01  10:08:17] INFO admin/admin.c Received admin command listclients on mount '/Radio'
[2026-05-01  10:08:27] INFO admin/admin.c Received admin command listclients on mount '/Radio'
[2026-05-01  10:08:37] INFO admin/admin.c Received admin command listclients on mount '/Radio'
[2026-05-01  10:08:47] INFO admin/admin.c Received admin command listclients on mount '/Radio'
[2026-05-01  10:08:50] INFO admin/admin.c Received admin command metadata on mount '/Radio'
[2026-05-01  10:08:50] WARN admin/admin.c Client 000001C9851F96E0 (role=legacy-global-source, acl=legacy-global-source, username=source) uses safe method GET on /admin/metadata
[2026-05-01  10:08:50] INFO admin/admin.c Metadata on mountpoint /Radio changed to "6A\x20-\x20Energy\x207\x20-\x20Aktive\x20-\x20Let\x20It\x20Off\x20(Original\x20Mix)"
[2026-05-01  10:08:50] INFO event-stream/event_stream.c event queued
[2026-05-01  10:08:50] WARN stats/stats.c No charset found for "ISO8859-1"
[2026-05-01  10:08:50] WARN stats/stats.c No charset found for "ISO8859-1"
[2026-05-01  10:08:50] INFO event-stream/event_stream.c event queued
[2026-05-01  10:08:57] INFO admin/admin.c Received admin command listclients on mount '/Radio'
[2026-05-01  10:09:07] INFO admin/admin.c Received admin command listclients on mount '/Radio'
[2026-05-01  10:09:17] INFO admin/admin.c Received admin command listclients on mount '/Radio'
[2026-05-01  10:09:27] INFO admin/admin.c Received admin command listclients on mount '/Radio'
[2026-05-01  10:09:37] INFO admin/admin.c Received admin command listclients on mount '/Radio'
[2026-05-01  10:09:39] INFO source/source.c End of Stream /Radio
[2026-05-01  10:09:39] INFO source/source.c Source from 127.0.0.1 at "/Radio" exiting
[2026-05-01  10:09:39] INFO event-stream/event_stream.c event queued
[2026-05-01  10:09:39] INFO source/source.c 1 active listeners on /Radio released
[2026-05-01  10:09:50] INFO connection-handle/connection_handle.c Source logging in at mountpoint "/Radio" using "SOURCE" from 127.0.0.1 as role legacy-global-source with acl legacy-global-source
[2026-05-01  10:09:50] WARN format/format.c Unsupported or legacy stream type: "audio/mpeg". Falling back to generic minimal handler for best effort.
[2026-05-01  10:09:50] INFO event-stream/event_stream.c event queued
[2026-05-01  10:09:50] INFO format-mp3/format_mp3.c No charset given for mount - with source client 1962800054456, assuming ISO8859-1
[2026-05-01  10:09:50] WARN stats/stats.c No charset found for "ISO8859-1"
[2026-05-01  10:09:50] WARN stats/stats.c No charset found for "ISO8859-1"
[2026-05-01  10:09:50] WARN stats/stats.c No charset found for "ISO8859-1"
[2026-05-01  10:09:50] WARN stats/stats.c No charset found for "ISO8859-1"
[2026-05-01  10:09:50] INFO event-stream/event_stream.c event queued
[2026-05-01  10:09:50] INFO event-stream/event_stream.c event queued
[2026-05-01  10:09:50] INFO event-stream/event_stream.c event queued
[2026-05-01  10:09:50] INFO source/source.c listener count on /Radio now 0
[2026-05-01  10:09:50] INFO event-stream/event_stream.c event queued
[2026-05-01  10:09:50] INFO event-stream/event_stream.c event queued
[2026-05-01  10:09:50] INFO admin/admin.c Received admin command metadata on mount '/Radio'
[2026-05-01  10:09:50] WARN admin/admin.c Client 000001C985551680 (role=legacy-global-source, acl=legacy-global-source, username=source) uses safe method GET on /admin/metadata
[2026-05-01  10:09:50] INFO admin/admin.c Metadata on mountpoint /Radio changed to "6A\x20-\x20Energy\x208\x20-\x202Whales\x20feat.\x20TR\x20Tactics\x20-\x20Weak"
[2026-05-01  10:09:50] INFO event-stream/event_stream.c event queued
[2026-05-01  10:09:50] WARN stats/stats.c No charset found for "ISO8859-1"
[2026-05-01  10:09:50] WARN stats/stats.c No charset found for "ISO8859-1"
[2026-05-01  10:09:50] INFO event-stream/event_stream.c event queued
[2026-05-01  10:09:59] INFO admin/admin.c Received admin command listclients on mount '/Radio'
[2026-05-01  10:10:09] INFO admin/admin.c Received admin command listclients on mount '/Radio'
[2026-05-01  10:10:19] INFO admin/admin.c Received admin command listclients on mount '/Radio'
[2026-05-01  10:10:25] INFO event-stream/event_stream.c event queued
[2026-05-01  10:10:29] INFO admin/admin.c Received admin command listclients on mount '/Radio'
[2026-05-01  10:10:39] INFO admin/admin.c Received admin command listclients on mount '/Radio'
[2026-05-01  10:10:49] INFO admin/admin.c Received admin command listclients on mount '/Radio'
[2026-05-01  10:10:59] INFO admin/admin.c Received admin command listclients on mount '/Radio'
[2026-05-01  10:11:09] INFO admin/admin.c Received admin command listclients on mount '/Radio'
[2026-05-01  10:11:19] INFO admin/admin.c Received admin command listclients on mount '/Radio'
[2026-05-01  10:11:29] INFO admin/admin.c Received admin command listclients on mount '/Radio'
[2026-05-01  10:11:39] INFO admin/admin.c Received admin command listclients on mount '/Radio'
[2026-05-01  10:11:49] INFO admin/admin.c Received admin command listclients on mount '/Radio'
[2026-05-01  10:11:59] INFO admin/admin.c Received admin command listclients on mount '/Radio'
[2026-05-01  10:12:09] INFO admin/admin.c Received admin command listclients on mount '/Radio'
[2026-05-01  10:12:19] INFO admin/admin.c Received admin command listclients on mount '/Radio'
[2026-05-01  10:12:29] INFO admin/admin.c Received admin command listclients on mount '/Radio'
[2026-05-01  10:12:39] INFO admin/admin.c Received admin command listclients on mount '/Radio'
[2026-05-01  10:12:49] INFO admin/admin.c Received admin command listclients on mount '/Radio'
[2026-05-01  10:12:59] INFO admin/admin.c Received admin command listclients on mount '/Radio'
[2026-05-01  10:13:09] INFO admin/admin.c Received admin command listclients on mount '/Radio'
[2026-05-01  10:13:19] INFO admin/admin.c Received admin command listclients on mount '/Radio'
[2026-05-01  10:13:30] INFO admin/admin.c Received admin command listclients on mount '/Radio'
[2026-05-01  10:13:40] INFO admin/admin.c Received admin command listclients on mount '/Radio'
[2026-05-01  10:13:50] INFO admin/admin.c Received admin command listclients on mount '/Radio'
[2026-05-01  10:14:00] INFO admin/admin.c Received admin command listclients on mount '/Radio'
[2026-05-01  10:14:10] INFO admin/admin.c Received admin command listclients on mount '/Radio'
[2026-05-01  10:14:14] INFO admin/admin.c Received admin command metadata on mount '/Radio'
[2026-05-01  10:14:14] WARN admin/admin.c Client 000001C985552760 (role=legacy-global-source, acl=legacy-global-source, username=source) uses safe method GET on /admin/metadata
[2026-05-01  10:14:14] INFO admin/admin.c Metadata on mountpoint /Radio changed to "1788-L\x20-\x20HI-TECH"
[2026-05-01  10:14:14] INFO event-stream/event_stream.c event queued
[2026-05-01  10:14:14] WARN stats/stats.c No charset found for "ISO8859-1"
[2026-05-01  10:14:14] WARN stats/stats.c No charset found for "ISO8859-1"
[2026-05-01  10:14:14] INFO event-stream/event_stream.c event queued
[2026-05-01  10:14:20] INFO admin/admin.c Received admin command listclients on mount '/Radio'
[2026-05-01  10:14:30] INFO admin/admin.c Received admin command listclients on mount '/Radio'
[2026-05-01  10:14:40] INFO admin/admin.c Received admin command listclients on mount '/Radio'
[2026-05-01  10:14:50] INFO admin/admin.c Received admin command listclients on mount '/Radio'
[2026-05-01  10:15:00] INFO admin/admin.c Received admin command listclients on mount '/Radio'
[2026-05-01  10:15:10] INFO admin/admin.c Received admin command listclients on mount '/Radio'
[2026-05-01  10:15:20] INFO admin/admin.c Received admin command listclients on mount '/Radio'
[2026-05-01  10:15:30] INFO admin/admin.c Received admin command listclients on mount '/Radio'
[2026-05-01  10:15:40] INFO admin/admin.c Received admin command listclients on mount '/Radio'
[2026-05-01  10:15:50] INFO admin/admin.c Received admin command listclients on mount '/Radio'
[2026-05-01  10:16:00] INFO admin/admin.c Received admin command listclients on mount '/Radio'
[2026-05-01  10:16:08] EROR connection-handle/connection_handle.c Wrong request type from client
[2026-05-01  10:16:10] INFO admin/admin.c Received admin command listclients on mount '/Radio'
[2026-05-01  10:16:15] INFO event-stream/event_stream.c event queued
[2026-05-01  10:16:15] INFO source/source.c listener count on /Radio now 1
[2026-05-01  10:16:15] INFO event-stream/event_stream.c event queued
[2026-05-01  10:16:16] INFO source/source.c listener count on /Radio now 0
[2026-05-01  10:16:16] INFO event-stream/event_stream.c event queued
[2026-05-01  10:16:16] INFO event-stream/event_stream.c event queued
[2026-05-01  10:16:20] INFO admin/admin.c Received admin command listclients on mount '/Radio'
[2026-05-01  10:16:22] INFO event-stream/event_stream.c event queued
[2026-05-01  10:16:22] INFO source/source.c listener count on /Radio now 1
[2026-05-01  10:16:22] INFO event-stream/event_stream.c event queued
[2026-05-01  10:16:27] INFO source/source.c listener count on /Radio now 0
[2026-05-01  10:16:27] INFO event-stream/event_stream.c event queued
[2026-05-01  10:16:27] INFO event-stream/event_stream.c event queued
[2026-05-01  10:16:30] INFO admin/admin.c Received admin command listclients on mount '/Radio'
[2026-05-01  10:16:40] INFO admin/admin.c Received admin command listclients on mount '/Radio'
[2026-05-01  10:16:50] INFO admin/admin.c Received admin command listclients on mount '/Radio'
[2026-05-01  10:16:58] INFO admin/admin.c Received admin command metadata on mount '/Radio'
[2026-05-01  10:16:58] WARN admin/admin.c Client 000001C985552F40 (role=legacy-global-source, acl=legacy-global-source, username=source) uses safe method GET on /admin/metadata
[2026-05-01  10:16:58] INFO admin/admin.c Metadata on mountpoint /Radio changed to "9A\x20-\x20Energy\x208\x20-\x20Zombie\x20Cats,\x20Sinister\x20Souls\x20-\x20X-Step"
[2026-05-01  10:16:58] INFO event-stream/event_stream.c event queued
[2026-05-01  10:16:58] WARN stats/stats.c No charset found for "ISO8859-1"
[2026-05-01  10:16:58] WARN stats/stats.c No charset found for "ISO8859-1"
[2026-05-01  10:16:58] INFO event-stream/event_stream.c event queued
[2026-05-01  10:17:00] INFO admin/admin.c Received admin command listclients on mount '/Radio'
[2026-05-01  10:17:10] INFO admin/admin.c Received admin command listclients on mount '/Radio'
[2026-05-01  10:17:20] INFO admin/admin.c Received admin command listclients on mount '/Radio'
[2026-05-01  10:17:30] INFO admin/admin.c Received admin command listclients on mount '/Radio'
[2026-05-01  10:17:38] INFO event-stream/event_stream.c event queued
[2026-05-01  10:17:38] INFO source/source.c listener count on /Radio now 1
[2026-05-01  10:17:38] INFO event-stream/event_stream.c event queued
[2026-05-01  10:17:40] INFO admin/admin.c Received admin command listclients on mount '/Radio'
[2026-05-01  10:17:43] INFO source/source.c listener count on /Radio now 0
[2026-05-01  10:17:43] INFO event-stream/event_stream.c event queued
[2026-05-01  10:17:43] INFO event-stream/event_stream.c event queued
[2026-05-01  10:17:50] INFO admin/admin.c Received admin command listclients on mount '/Radio'
[2026-05-01  10:18:00] INFO admin/admin.c Received admin command listclients on mount '/Radio'
[2026-05-01  10:18:10] INFO admin/admin.c Received admin command listclients on mount '/Radio'
[2026-05-01  10:18:20] INFO admin/admin.c Received admin command listclients on mount '/Radio'
[2026-05-01  10:18:30] INFO admin/admin.c Received admin command listclients on mount '/Radio'
[2026-05-01  10:18:40] INFO admin/admin.c Received admin command listclients on mount '/Radio'
[2026-05-01  10:18:50] INFO admin/admin.c Received admin command listclients on mount '/Radio'
[2026-05-01  10:19:00] INFO admin/admin.c Received admin command listclients on mount '/Radio'
[2026-05-01  10:19:10] INFO admin/admin.c Received admin command listclients on mount '/Radio'
[2026-05-01  10:19:20] INFO admin/admin.c Received admin command listclients on mount '/Radio'
[2026-05-01  10:19:23] INFO fserve/fserve.c checking for file /assets/css/style.css (./web/assets/css/style.css)
[2026-05-01  10:19:23] INFO fserve/fserve.c checking for file /assets/img/icecast.png (./web/assets/img/icecast.png)
[2026-05-01  10:19:23] INFO fserve/fserve.c checking for file /favicon.ico (./web/favicon.ico)
[2026-05-01  10:19:30] INFO admin/admin.c Received admin command listclients on mount '/Radio'
[2026-05-01  10:19:38] INFO fserve/fserve.c checking for file /assets/css/style.css (./web/assets/css/style.css)
[2026-05-01  10:19:38] INFO fserve/fserve.c checking for file /assets/img/icecast.png (./web/assets/img/icecast.png)
[2026-05-01  10:19:40] INFO admin/admin.c Received admin command listclients on mount '/Radio'
[2026-05-01  10:19:40] INFO fserve/fserve.c checking for file /assets/css/style.css (./web/assets/css/style.css)
[2026-05-01  10:19:40] INFO fserve/fserve.c checking for file /assets/img/icecast.png (./web/assets/img/icecast.png)
[2026-05-01  10:19:41] INFO fserve/fserve.c checking for file /assets/css/style.css (./web/assets/css/style.css)
[2026-05-01  10:19:41] INFO fserve/fserve.c checking for file /assets/img/icecast.png (./web/assets/img/icecast.png)
[2026-05-01  10:19:44] INFO fserve/fserve.c checking for file /assets/css/style.css (./web/assets/css/style.css)
[2026-05-01  10:19:44] INFO fserve/fserve.c checking for file /assets/img/icecast.png (./web/assets/img/icecast.png)
[2026-05-01  10:19:45] INFO fserve/fserve.c checking for file /assets/css/style.css (./web/assets/css/style.css)
[2026-05-01  10:19:45] INFO fserve/fserve.c checking for file /assets/img/icecast.png (./web/assets/img/icecast.png)
[2026-05-01  10:19:48] INFO fserve/fserve.c checking for file /assets/css/style.css (./web/assets/css/style.css)
[2026-05-01  10:19:48] INFO fserve/fserve.c checking for file /assets/img/icecast.png (./web/assets/img/icecast.png)
[2026-05-01  10:19:50] INFO admin/admin.c Received admin command listclients on mount '/Radio'
[2026-05-01  10:20:00] INFO admin/admin.c Received admin command listclients on mount '/Radio'
[2026-05-01  10:20:10] INFO admin/admin.c Received admin command listclients on mount '/Radio'
[2026-05-01  10:20:20] INFO admin/admin.c Received admin command listclients on mount '/Radio'
[2026-05-01  10:20:30] INFO admin/admin.c Received admin command listclients on mount '/Radio'
[2026-05-01  10:20:40] INFO admin/admin.c Received admin command listclients on mount '/Radio'
[2026-05-01  10:20:50] INFO admin/admin.c Received admin command listclients on mount '/Radio'
[2026-05-01  10:21:00] INFO admin/admin.c Received admin command listclients on mount '/Radio'
[2026-05-01  10:21:10] INFO admin/admin.c Received admin command listclients on mount '/Radio'
[2026-05-01  10:21:20] INFO admin/admin.c Received admin command listclients on mount '/Radio'
[2026-05-01  10:21:30] INFO admin/admin.c Received admin command listclients on mount '/Radio'
[2026-05-01  10:21:40] INFO admin/admin.c Received admin command listclients on mount '/Radio'
[2026-05-01  10:21:45] INFO admin/admin.c Received admin command metadata on mount '/Radio'
[2026-05-01  10:21:45] WARN admin/admin.c Client 000001C985552640 (role=legacy-global-source, acl=legacy-global-source, username=source) uses safe method GET on /admin/metadata
[2026-05-01  10:21:45] INFO admin/admin.c Metadata on mountpoint /Radio changed to "Retro\x20Mars,\x20Swedish\x20Revolution\x20-\x20TRON"
[2026-05-01  10:21:45] INFO event-stream/event_stream.c event queued
[2026-05-01  10:21:45] WARN stats/stats.c No charset found for "ISO8859-1"
[2026-05-01  10:21:45] WARN stats/stats.c No charset found for "ISO8859-1"
[2026-05-01  10:21:45] INFO event-stream/event_stream.c event queued
[2026-05-01  10:21:50] INFO admin/admin.c Received admin command listclients on mount '/Radio'
[2026-05-01  10:22:00] INFO admin/admin.c Received admin command listclients on mount '/Radio'
[2026-05-01  10:22:10] INFO admin/admin.c Received admin command listclients on mount '/Radio'
[2026-05-01  10:22:20] INFO admin/admin.c Received admin command listclients on mount '/Radio'
[2026-05-01  10:22:30] INFO admin/admin.c Received admin command listclients on mount '/Radio'
[2026-05-01  10:22:40] INFO admin/admin.c Received admin command listclients on mount '/Radio'
[2026-05-01  10:22:50] INFO admin/admin.c Received admin command listclients on mount '/Radio'
[2026-05-01  10:23:00] INFO admin/admin.c Received admin command listclients on mount '/Radio'
[2026-05-01  10:23:10] INFO admin/admin.c Received admin command listclients on mount '/Radio'
[2026-05-01  10:23:18] INFO event-stream/event_stream.c event queued
[2026-05-01  10:23:18] INFO source/source.c listener count on /Radio now 1
[2026-05-01  10:23:18] INFO event-stream/event_stream.c event queued
[2026-05-01  10:23:20] INFO admin/admin.c Received admin command listclients on mount '/Radio'
[2026-05-01  10:23:23] INFO event-stream/event_stream.c event queued
[2026-05-01  10:23:28] INFO source/source.c listener count on /Radio now 0
[2026-05-01  10:23:28] INFO event-stream/event_stream.c event queued
[2026-05-01  10:23:28] INFO event-stream/event_stream.c event queued
[2026-05-01  10:23:30] INFO admin/admin.c Received admin command listclients on mount '/Radio'
[2026-05-01  10:23:40] INFO admin/admin.c Received admin command listclients on mount '/Radio'
[2026-05-01  10:23:50] INFO admin/admin.c Received admin command listclients on mount '/Radio'
[2026-05-01  10:24:00] INFO admin/admin.c Received admin command listclients on mount '/Radio'
[2026-05-01  10:24:10] INFO admin/admin.c Received admin command listclients on mount '/Radio'
[2026-05-01  10:24:20] INFO admin/admin.c Received admin command listclients on mount '/Radio'
[2026-05-01  10:24:30] INFO admin/admin.c Received admin command metadata on mount '/Radio'
[2026-05-01  10:24:30] WARN admin/admin.c Client 000001C985552AC0 (role=legacy-global-source, acl=legacy-global-source, username=source) uses safe method GET on /admin/metadata
[2026-05-01  10:24:30] INFO admin/admin.c Metadata on mountpoint /Radio changed to "8A\x20-\x20Energy\x208\x20-\x20Koven\x20-\x20Light\x20Up"
[2026-05-01  10:24:30] INFO event-stream/event_stream.c event queued
[2026-05-01  10:24:30] WARN stats/stats.c No charset found for "ISO8859-1"
[2026-05-01  10:24:30] WARN stats/stats.c No charset found for "ISO8859-1"
[2026-05-01  10:24:30] INFO event-stream/event_stream.c event queued
[2026-05-01  10:24:30] INFO admin/admin.c Received admin command listclients on mount '/Radio'
[2026-05-01  10:24:40] INFO admin/admin.c Received admin command listclients on mount '/Radio'
[2026-05-01  10:24:50] INFO admin/admin.c Received admin command listclients on mount '/Radio'
[2026-05-01  10:25:00] INFO admin/admin.c Received admin command listclients on mount '/Radio'
[2026-05-01  10:25:10] INFO admin/admin.c Received admin command listclients on mount '/Radio'
[2026-05-01  10:25:20] INFO admin/admin.c Received admin command listclients on mount '/Radio'
[2026-05-01  10:25:30] INFO admin/admin.c Received admin command listclients on mount '/Radio'
[2026-05-01  10:25:40] INFO admin/admin.c Received admin command listclients on mount '/Radio'
[2026-05-01  10:25:44] INFO event-stream/event_stream.c event queued
[2026-05-01  10:25:44] INFO source/source.c listener count on /Radio now 1
[2026-05-01  10:25:44] INFO event-stream/event_stream.c event queued
[2026-05-01  10:25:50] INFO admin/admin.c Received admin command listclients on mount '/Radio'
[2026-05-01  10:26:00] INFO admin/admin.c Received admin command listclients on mount '/Radio'
[2026-05-01  10:26:10] INFO admin/admin.c Received admin command listclients on mount '/Radio'
[2026-05-01  10:26:20] INFO admin/admin.c Received admin command listclients on mount '/Radio'
[2026-05-01  10:26:30] INFO admin/admin.c Received admin command listclients on mount '/Radio'
[2026-05-01  10:26:40] INFO admin/admin.c Received admin command listclients on mount '/Radio'
[2026-05-01  10:26:50] INFO admin/admin.c Received admin command listclients on mount '/Radio'
[2026-05-01  10:26:57] INFO source/source.c Client 319 (47.239.194.61) has fallen too far behind, removing
[2026-05-01  10:26:57] INFO source/source.c listener count on /Radio now 0
[2026-05-01  10:26:57] INFO event-stream/event_stream.c event queued
[2026-05-01  10:26:57] INFO event-stream/event_stream.c event queued
[2026-05-01  10:27:00] INFO admin/admin.c Received admin command listclients on mount '/Radio'
[2026-05-01  10:27:10] INFO admin/admin.c Received admin command listclients on mount '/Radio'
[2026-05-01  10:27:20] INFO admin/admin.c Received admin command listclients on mount '/Radio'
[2026-05-01  10:27:30] INFO admin/admin.c Received admin command listclients on mount '/Radio'
[2026-05-01  10:27:40] INFO admin/admin.c Received admin command listclients on mount '/Radio'
[2026-05-01  10:27:50] INFO admin/admin.c Received admin command listclients on mount '/Radio'
[2026-05-01  10:28:00] INFO admin/admin.c Received admin command listclients on mount '/Radio'
[2026-05-01  10:28:10] INFO admin/admin.c Received admin command listclients on mount '/Radio'
[2026-05-01  10:28:20] INFO admin/admin.c Received admin command listclients on mount '/Radio'
[2026-05-01  10:28:21] INFO admin/admin.c Received admin command metadata on mount '/Radio'
[2026-05-01  10:28:21] WARN admin/admin.c Client 000001C985557D20 (role=legacy-global-source, acl=legacy-global-source, username=source) uses safe method GET on /admin/metadata
[2026-05-01  10:28:21] INFO admin/admin.c Metadata on mountpoint /Radio changed to "4A\x20-\x20Energy\x208\x20-\x20Smooth,\x20Disphonia\x20-\x20Plump"
[2026-05-01  10:28:21] INFO event-stream/event_stream.c event queued
[2026-05-01  10:28:21] WARN stats/stats.c No charset found for "ISO8859-1"
[2026-05-01  10:28:21] WARN stats/stats.c No charset found for "ISO8859-1"
[2026-05-01  10:28:21] INFO event-stream/event_stream.c event queued
[2026-05-01  10:28:30] INFO admin/admin.c Received admin command listclients on mount '/Radio'
[2026-05-01  10:28:40] INFO admin/admin.c Received admin command listclients on mount '/Radio'
[2026-05-01  10:28:50] INFO admin/admin.c Received admin command listclients on mount '/Radio'
[2026-05-01  10:29:00] INFO admin/admin.c Received admin command listclients on mount '/Radio'
[2026-05-01  10:29:10] INFO admin/admin.c Received admin command listclients on mount '/Radio'
[2026-05-01  10:29:20] INFO admin/admin.c Received admin command listclients on mount '/Radio'
[2026-05-01  10:29:30] INFO admin/admin.c Received admin command listclients on mount '/Radio'
[2026-05-01  10:29:40] INFO admin/admin.c Received admin command listclients on mount '/Radio'
[2026-05-01  10:29:50] INFO admin/admin.c Received admin command listclients on mount '/Radio'
[2026-05-01  10:30:00] INFO admin/admin.c Received admin command listclients on mount '/Radio'
[2026-05-01  10:30:10] INFO admin/admin.c Received admin command listclients on mount '/Radio'
[2026-05-01  10:30:20] INFO admin/admin.c Received admin command listclients on mount '/Radio'
[2026-05-01  10:30:30] INFO admin/admin.c Received admin command listclients on mount '/Radio'
[2026-05-01  10:30:40] INFO admin/admin.c Received admin command listclients on mount '/Radio'
[2026-05-01  10:30:50] INFO admin/admin.c Received admin command listclients on mount '/Radio'
[2026-05-01  10:31:00] INFO admin/admin.c Received admin command listclients on mount '/Radio'
[2026-05-01  10:31:10] INFO admin/admin.c Received admin command listclients on mount '/Radio'
[2026-05-01  10:31:20] INFO admin/admin.c Received admin command listclients on mount '/Radio'
[2026-05-01  10:31:30] INFO event-stream/event_stream.c event queued
[2026-05-01  10:31:30] INFO source/source.c listener count on /Radio now 1
[2026-05-01  10:31:30] INFO event-stream/event_stream.c event queued
[2026-05-01  10:31:30] INFO admin/admin.c Received admin command listclients on mount '/Radio'
[2026-05-01  10:31:31] INFO event-stream/event_stream.c event queued
[2026-05-01  10:31:31] INFO source/source.c listener count on /Radio now 2
[2026-05-01  10:31:31] INFO event-stream/event_stream.c event queued
[2026-05-01  10:31:40] INFO admin/admin.c Received admin command listclients on mount '/Radio'
[2026-05-01  10:31:50] INFO admin/admin.c Received admin command listclients on mount '/Radio'
[2026-05-01  10:31:56] INFO event-stream/event_stream.c event queued
[2026-05-01  10:31:56] INFO source/source.c listener count on /Radio now 3
[2026-05-01  10:31:56] INFO event-stream/event_stream.c event queued
[2026-05-01  10:32:00] INFO admin/admin.c Received admin command listclients on mount '/Radio'
[2026-05-01  10:32:10] INFO admin/admin.c Received admin command listclients on mount '/Radio'
[2026-05-01  10:32:11] INFO event-stream/event_stream.c event queued
[2026-05-01  10:32:11] INFO source/source.c listener count on /Radio now 4
[2026-05-01  10:32:11] INFO event-stream/event_stream.c event queued
[2026-05-01  10:32:20] INFO admin/admin.c Received admin command listclients on mount '/Radio'
[2026-05-01  10:32:27] INFO admin/admin.c Received admin command metadata on mount '/Radio'
[2026-05-01  10:32:27] WARN admin/admin.c Client 000001C9855581A0 (role=legacy-global-source, acl=legacy-global-source, username=source) uses safe method GET on /admin/metadata
[2026-05-01  10:32:27] INFO admin/admin.c Metadata on mountpoint /Radio changed to "Alexander\x20S.\x20-\x20ATLANTA"
[2026-05-01  10:32:27] INFO event-stream/event_stream.c event queued
[2026-05-01  10:32:27] WARN stats/stats.c No charset found for "ISO8859-1"
[2026-05-01  10:32:27] WARN stats/stats.c No charset found for "ISO8859-1"
[2026-05-01  10:32:27] INFO event-stream/event_stream.c event queued
[2026-05-01  10:32:30] INFO admin/admin.c Received admin command listclients on mount '/Radio'
[2026-05-01  10:32:40] INFO admin/admin.c Received admin command listclients on mount '/Radio'
[2026-05-01  10:32:50] INFO admin/admin.c Received admin command listclients on mount '/Radio'
[2026-05-01  10:33:00] INFO admin/admin.c Received admin command listclients on mount '/Radio'
[2026-05-01  10:33:10] INFO admin/admin.c Received admin command listclients on mount '/Radio'
[2026-05-01  10:33:20] INFO admin/admin.c Received admin command listclients on mount '/Radio'
[2026-05-01  10:33:30] INFO admin/admin.c Received admin command listclients on mount '/Radio'
[2026-05-01  10:33:40] INFO admin/admin.c Received admin command listclients on mount '/Radio'
[2026-05-01  10:33:41] INFO event-stream/event_stream.c event queued
[2026-05-01  10:33:41] INFO source/source.c listener count on /Radio now 5
[2026-05-01  10:33:41] INFO event-stream/event_stream.c event queued
[2026-05-01  10:33:50] INFO admin/admin.c Received admin command listclients on mount '/Radio'
[2026-05-01  10:33:52] INFO event-stream/event_stream.c event queued
[2026-05-01  10:33:52] INFO source/source.c listener count on /Radio now 6
[2026-05-01  10:33:52] INFO event-stream/event_stream.c event queued
[2026-05-01  10:34:00] INFO admin/admin.c Received admin command listclients on mount '/Radio'
[2026-05-01  10:34:04] INFO event-stream/event_stream.c event queued
[2026-05-01  10:34:04] INFO source/source.c listener count on /Radio now 7
[2026-05-01  10:34:04] INFO event-stream/event_stream.c event queued
[2026-05-01  10:34:05] INFO event-stream/event_stream.c event queued
[2026-05-01  10:34:05] INFO source/source.c listener count on /Radio now 8
[2026-05-01  10:34:05] INFO event-stream/event_stream.c event queued
[2026-05-01  10:34:10] INFO admin/admin.c Received admin command listclients on mount '/Radio'
[2026-05-01  10:34:20] EROR connection-handle/connection_handle.c Wrong request type from client
[2026-05-01  10:34:20] INFO admin/admin.c Received admin command listclients on mount '/Radio'
[2026-05-01  10:34:30] INFO admin/admin.c Received admin command listclients on mount '/Radio'
[2026-05-01  10:34:40] INFO admin/admin.c Received admin command listclients on mount '/Radio'
[2026-05-01  10:34:50] INFO admin/admin.c Received admin command listclients on mount '/Radio'
[2026-05-01  10:35:00] INFO admin/admin.c Received admin command listclients on mount '/Radio'
[2026-05-01  10:35:02] INFO source/source.c End of Stream /Radio
[2026-05-01  10:35:02] INFO source/source.c Source from 127.0.0.1 at "/Radio" exiting
[2026-05-01  10:35:02] INFO event-stream/event_stream.c event queued
[2026-05-01  10:35:02] INFO connection-handle/connection_handle.c Source logging in at mountpoint "/Radio" using "SOURCE" from 127.0.0.1 as role legacy-global-source with acl legacy-global-source
[2026-05-01  10:35:02] EROR util/util.c Input string does not parse as KVA. Selecting first option.
[2026-05-01  10:35:02] WARN connection-handle/connection_handle.c Mountpoint "/Radio" in use
[2026-05-01  10:35:02] INFO source/source.c 8 active listeners on /Radio released
[2026-05-01  10:35:07] INFO connection-handle/connection_handle.c Source logging in at mountpoint "/Radio" using "SOURCE" from 127.0.0.1 as role legacy-global-source with acl legacy-global-source
[2026-05-01  10:35:07] WARN format/format.c Unsupported or legacy stream type: "audio/mpeg". Falling back to generic minimal handler for best effort.
[2026-05-01  10:35:07] INFO event-stream/event_stream.c event queued
[2026-05-01  10:35:07] INFO format-mp3/format_mp3.c No charset given for mount - with source client 1962800054660, assuming ISO8859-1
[2026-05-01  10:35:07] WARN stats/stats.c No charset found for "ISO8859-1"
[2026-05-01  10:35:07] WARN stats/stats.c No charset found for "ISO8859-1"
[2026-05-01  10:35:07] WARN stats/stats.c No charset found for "ISO8859-1"
[2026-05-01  10:35:07] WARN stats/stats.c No charset found for "ISO8859-1"
[2026-05-01  10:35:07] INFO event-stream/event_stream.c event queued
[2026-05-01  10:35:07] INFO event-stream/event_stream.c event queued
[2026-05-01  10:35:07] INFO event-stream/event_stream.c event queued
[2026-05-01  10:35:07] INFO source/source.c listener count on /Radio now 0
[2026-05-01  10:35:07] INFO event-stream/event_stream.c event queued
[2026-05-01  10:35:07] INFO event-stream/event_stream.c event queued
[2026-05-01  10:35:10] INFO admin/admin.c Received admin command listclients on mount '/Radio'
[2026-05-01  10:35:12] INFO admin/admin.c Received admin command metadata on mount '/Radio'
[2026-05-01  10:35:12] WARN admin/admin.c Client 000001C985558500 (role=legacy-global-source, acl=legacy-global-source, username=source) uses safe method GET on /admin/metadata
[2026-05-01  10:35:12] INFO admin/admin.c Metadata on mountpoint /Radio changed to "Alexander\x20S.\x20-\x20ATLANTA"
[2026-05-01  10:35:12] INFO event-stream/event_stream.c event queued
[2026-05-01  10:35:12] WARN stats/stats.c No charset found for "ISO8859-1"
[2026-05-01  10:35:12] WARN stats/stats.c No charset found for "ISO8859-1"
[2026-05-01  10:35:12] INFO event-stream/event_stream.c event queued
[2026-05-01  10:35:16] INFO event-stream/event_stream.c event queued
[2026-05-01  10:35:16] INFO source/source.c listener count on /Radio now 1
[2026-05-01  10:35:16] INFO event-stream/event_stream.c event queued
[2026-05-01  10:35:20] INFO admin/admin.c Received admin command listclients on mount '/Radio'
[2026-05-01  10:35:30] INFO admin/admin.c Received admin command listclients on mount '/Radio'
[2026-05-01  10:35:33] INFO admin/admin.c Received admin command metadata on mount '/Radio'
[2026-05-01  10:35:33] WARN admin/admin.c Client 000001C985558980 (role=legacy-global-source, acl=legacy-global-source, username=source) uses safe method GET on /admin/metadata
[2026-05-01  10:35:33] INFO admin/admin.c Metadata on mountpoint /Radio changed to "Hotcaller\x20&\x20Second\x20Degree\x20-\x20Communication\x20Failure"
[2026-05-01  10:35:33] INFO event-stream/event_stream.c event queued
[2026-05-01  10:35:33] WARN stats/stats.c No charset found for "ISO8859-1"
[2026-05-01  10:35:33] WARN stats/stats.c No charset found for "ISO8859-1"
[2026-05-01  10:35:33] INFO event-stream/event_stream.c event queued
[2026-05-01  10:35:40] INFO admin/admin.c Received admin command listclients on mount '/Radio'
[2026-05-01  10:35:42] INFO event-stream/event_stream.c event queued
[2026-05-01  10:35:50] INFO admin/admin.c Received admin command listclients on mount '/Radio'
[2026-05-01  10:36:00] INFO admin/admin.c Received admin command listclients on mount '/Radio'
[2026-05-01  10:36:10] INFO admin/admin.c Received admin command listclients on mount '/Radio'
[2026-05-01  10:36:14] INFO admin/admin.c Received admin command metadata on mount '/Radio'
[2026-05-01  10:36:14] WARN admin/admin.c Client 000001C985559A60 (role=legacy-global-source, acl=legacy-global-source, username=source) uses safe method GET on /admin/metadata
[2026-05-01  10:36:14] INFO admin/admin.c Metadata on mountpoint /Radio changed to "Lucille\x20Croft\x20&\x20BRVMES,\x20TINYKVT\x20-\x20Misery\x20(Original\x20Mix)\x20[by\x20DragoN_Sky]"
[2026-05-01  10:36:14] INFO event-stream/event_stream.c event queued
[2026-05-01  10:36:14] WARN stats/stats.c No charset found for "ISO8859-1"
[2026-05-01  10:36:14] WARN stats/stats.c No charset found for "ISO8859-1"
[2026-05-01  10:36:14] INFO event-stream/event_stream.c event queued
[2026-05-01  10:36:20] INFO admin/admin.c Received admin command listclients on mount '/Radio'
[2026-05-01  10:36:30] INFO admin/admin.c Received admin command listclients on mount '/Radio'
[2026-05-01  10:36:40] INFO admin/admin.c Received admin command listclients on mount '/Radio'
[2026-05-01  10:36:50] INFO admin/admin.c Received admin command listclients on mount '/Radio'
[2026-05-01  10:36:59] INFO event-stream/event_stream.c event queued
[2026-05-01  10:36:59] INFO source/source.c listener count on /Radio now 2
[2026-05-01  10:36:59] INFO event-stream/event_stream.c event queued
[2026-05-01  10:37:00] INFO admin/admin.c Received admin command listclients on mount '/Radio'
[2026-05-01  10:37:10] INFO admin/admin.c Received admin command listclients on mount '/Radio'
[2026-05-01  10:37:20] INFO admin/admin.c Received admin command listclients on mount '/Radio'
[2026-05-01  10:37:30] INFO admin/admin.c Received admin command listclients on mount '/Radio'
[2026-05-01  10:37:40] INFO admin/admin.c Received admin command listclients on mount '/Radio'
[2026-05-01  10:37:50] INFO admin/admin.c Received admin command listclients on mount '/Radio'
[2026-05-01  10:38:00] INFO admin/admin.c Received admin command listclients on mount '/Radio'
[2026-05-01  10:38:10] INFO admin/admin.c Received admin command listclients on mount '/Radio'
[2026-05-01  10:38:20] INFO admin/admin.c Received admin command listclients on mount '/Radio'
[2026-05-01  10:38:30] INFO admin/admin.c Received admin command listclients on mount '/Radio'
[2026-05-01  10:38:40] INFO admin/admin.c Received admin command listclients on mount '/Radio'
[2026-05-01  10:38:50] INFO admin/admin.c Received admin command listclients on mount '/Radio'
[2026-05-01  10:39:00] INFO admin/admin.c Received admin command listclients on mount '/Radio'
[2026-05-01  10:39:10] INFO admin/admin.c Received admin command listclients on mount '/Radio'
[2026-05-01  10:39:20] INFO admin/admin.c Received admin command listclients on mount '/Radio'
[2026-05-01  10:39:30] INFO admin/admin.c Received admin command listclients on mount '/Radio'
[2026-05-01  10:39:35] INFO admin/admin.c Received admin command metadata on mount '/Radio'
[2026-05-01  10:39:35] WARN admin/admin.c Client 000001C985558AA0 (role=legacy-global-source, acl=legacy-global-source, username=source) uses safe method GET on /admin/metadata
[2026-05-01  10:39:35] INFO admin/admin.c Metadata on mountpoint /Radio changed to "1A\x20-\x20Energy\x208\x20-\x20Neonlight\x20-\x20Bad\x20Omen"
[2026-05-01  10:39:35] INFO event-stream/event_stream.c event queued
[2026-05-01  10:39:35] WARN stats/stats.c No charset found for "ISO8859-1"
[2026-05-01  10:39:35] WARN stats/stats.c No charset found for "ISO8859-1"
[2026-05-01  10:39:35] INFO event-stream/event_stream.c event queued
[2026-05-01  10:39:40] INFO admin/admin.c Received admin command listclients on mount '/Radio'
[2026-05-01  10:39:50] INFO admin/admin.c Received admin command listclients on mount '/Radio'
[2026-05-01  10:39:54] INFO event-stream/event_stream.c event queued
[2026-05-01  10:39:54] INFO source/source.c listener count on /Radio now 3
[2026-05-01  10:39:54] INFO event-stream/event_stream.c event queued
[2026-05-01  10:39:54] INFO event-stream/event_stream.c event queued
[2026-05-01  10:39:54] INFO source/source.c listener count on /Radio now 4
[2026-05-01  10:39:54] INFO event-stream/event_stream.c event queued
[2026-05-01  10:40:00] INFO admin/admin.c Received admin command listclients on mount '/Radio'
[2026-05-01  10:40:10] INFO admin/admin.c Received admin command listclients on mount '/Radio'
[2026-05-01  10:40:16] INFO source/source.c listener count on /Radio now 3
[2026-05-01  10:40:16] INFO event-stream/event_stream.c event queued
[2026-05-01  10:40:20] INFO admin/admin.c Received admin command listclients on mount '/Radio'
[2026-05-01  10:40:30] INFO admin/admin.c Received admin command listclients on mount '/Radio'
[2026-05-01  10:40:40] INFO admin/admin.c Received admin command listclients on mount '/Radio'
[2026-05-01  10:40:50] INFO admin/admin.c Received admin command listclients on mount '/Radio'
[2026-05-01  10:41:00] INFO admin/admin.c Received admin command listclients on mount '/Radio'
[2026-05-01  10:41:10] INFO admin/admin.c Received admin command listclients on mount '/Radio'
[2026-05-01  10:41:20] INFO admin/admin.c Received admin command listclients on mount '/Radio'
[2026-05-01  10:41:30] INFO admin/admin.c Received admin command listclients on mount '/Radio'
[2026-05-01  10:41:40] INFO admin/admin.c Received admin command listclients on mount '/Radio'
[2026-05-01  10:41:45] INFO source/source.c End of Stream /Radio
[2026-05-01  10:41:45] INFO source/source.c Source from 127.0.0.1 at "/Radio" exiting
[2026-05-01  10:41:45] INFO event-stream/event_stream.c event queued
[2026-05-01  10:41:45] INFO source/source.c 3 active listeners on /Radio released
[2026-05-01  10:50:38] INFO stats/stats.c stats thread started
[2026-05-01  10:50:38] INFO fserve/fserve.c file serving started
[2026-05-01  10:50:38] INFO main/main.c Icecast 2.5.0 server started
[2026-05-01  10:50:38] INFO main/main.c Server's PID is 31228
[2026-05-01  10:50:38] INFO main/main.c Running on DJGooDOFF; OS: MS Windows; Address Bits: 64
[2026-05-01  10:50:38] INFO main/main.c From configuration: Our hostname is "178.49.69.37", located "Earth", with admin contact "icemaster@localhost"
[2026-05-01  10:50:38] INFO yp/yp.c YP update thread started
[2026-05-01  10:50:38] INFO event-stream/event_stream.c event queued
[2026-05-01  10:50:38] INFO connection/connection.c No TLS capability on any configured ports
[2026-05-01  10:50:44] INFO connection-handle/connection_handle.c Source logging in at mountpoint "/Radio" using "SOURCE" from 127.0.0.1 as role legacy-global-source with acl legacy-global-source
[2026-05-01  10:50:44] WARN format/format.c Unsupported or legacy stream type: "audio/mpeg". Falling back to generic minimal handler for best effort.
[2026-05-01  10:50:44] INFO event-stream/event_stream.c event queued
[2026-05-01  10:50:44] INFO format-mp3/format_mp3.c No charset given for mount - with source client 1395864371200, assuming ISO8859-1
[2026-05-01  10:50:44] WARN stats/stats.c No charset found for "ISO8859-1"
[2026-05-01  10:50:44] WARN stats/stats.c No charset found for "ISO8859-1"
[2026-05-01  10:50:44] WARN stats/stats.c No charset found for "ISO8859-1"
[2026-05-01  10:50:44] WARN stats/stats.c No charset found for "ISO8859-1"
[2026-05-01  10:50:44] INFO event-stream/event_stream.c event queued
[2026-05-01  10:50:44] INFO event-stream/event_stream.c event queued
[2026-05-01  10:50:44] INFO event-stream/event_stream.c event queued
[2026-05-01  10:50:44] INFO source/source.c listener count on /Radio now 0
[2026-05-01  10:50:44] INFO event-stream/event_stream.c event queued
[2026-05-01  10:50:44] INFO event-stream/event_stream.c event queued
[2026-05-01  10:50:44] INFO admin/admin.c Received admin command metadata on mount '/Radio'
[2026-05-01  10:50:44] WARN admin/admin.c Client 0000014546DE3AE0 (role=legacy-global-source, acl=legacy-global-source, username=source) uses safe method GET on /admin/metadata
[2026-05-01  10:50:44] INFO admin/admin.c Metadata on mountpoint /Radio changed to "6A\x20-\x20Energy\x208\x20-\x202Whales\x20feat.\x20TR\x20Tactics\x20-\x20Weak"
[2026-05-01  10:50:44] INFO event-stream/event_stream.c event queued
[2026-05-01  10:50:44] WARN stats/stats.c No charset found for "ISO8859-1"
[2026-05-01  10:50:44] WARN stats/stats.c No charset found for "ISO8859-1"
[2026-05-01  10:50:44] INFO event-stream/event_stream.c event queued
[2026-05-01  10:50:51] INFO event-stream/event_stream.c event queued
[2026-05-01  10:50:51] INFO source/source.c listener count on /Radio now 1
[2026-05-01  10:50:51] INFO event-stream/event_stream.c event queued
[2026-05-01  10:50:54] INFO admin/admin.c Received admin command listclients on mount '/Radio'
[2026-05-01  10:51:04] INFO admin/admin.c Received admin command listclients on mount '/Radio'
[2026-05-01  10:51:14] INFO admin/admin.c Received admin command listclients on mount '/Radio'
[2026-05-01  10:51:19] INFO event-stream/event_stream.c event queued
[2026-05-01  10:51:24] INFO admin/admin.c Received admin command listclients on mount '/Radio'
[2026-05-01  10:51:34] INFO admin/admin.c Received admin command listclients on mount '/Radio'
[2026-05-01  10:51:44] INFO admin/admin.c Received admin command listclients on mount '/Radio'
[2026-05-01  10:51:54] INFO admin/admin.c Received admin command listclients on mount '/Radio'
[2026-05-01  10:52:04] INFO admin/admin.c Received admin command listclients on mount '/Radio'
[2026-05-01  10:52:14] INFO admin/admin.c Received admin command listclients on mount '/Radio'
[2026-05-01  10:52:24] INFO admin/admin.c Received admin command listclients on mount '/Radio'
[2026-05-01  10:52:34] INFO admin/admin.c Received admin command listclients on mount '/Radio'
[2026-05-01  10:52:44] INFO admin/admin.c Received admin command listclients on mount '/Radio'
[2026-05-01  10:52:54] INFO admin/admin.c Received admin command listclients on mount '/Radio'
[2026-05-01  10:53:04] INFO admin/admin.c Received admin command listclients on mount '/Radio'
[2026-05-01  10:53:14] INFO admin/admin.c Received admin command listclients on mount '/Radio'
[2026-05-01  10:53:24] INFO admin/admin.c Received admin command listclients on mount '/Radio'
[2026-05-01  10:53:34] INFO admin/admin.c Received admin command listclients on mount '/Radio'
[2026-05-01  10:53:44] INFO admin/admin.c Received admin command listclients on mount '/Radio'
[2026-05-01  10:53:54] INFO admin/admin.c Received admin command listclients on mount '/Radio'
[2026-05-01  10:54:04] INFO admin/admin.c Received admin command listclients on mount '/Radio'
[2026-05-01  10:54:14] INFO admin/admin.c Received admin command listclients on mount '/Radio'
[2026-05-01  10:54:24] INFO admin/admin.c Received admin command listclients on mount '/Radio'
[2026-05-01  10:54:34] INFO admin/admin.c Received admin command listclients on mount '/Radio'
[2026-05-01  10:54:44] INFO admin/admin.c Received admin command listclients on mount '/Radio'
[2026-05-01  10:54:54] INFO admin/admin.c Received admin command listclients on mount '/Radio'
[2026-05-01  10:55:04] INFO admin/admin.c Received admin command listclients on mount '/Radio'
[2026-05-01  10:55:08] INFO admin/admin.c Received admin command metadata on mount '/Radio'
[2026-05-01  10:55:08] WARN admin/admin.c Client 0000014546DE32D0 (role=legacy-global-source, acl=legacy-global-source, username=source) uses safe method GET on /admin/metadata
[2026-05-01  10:55:08] INFO admin/admin.c Metadata on mountpoint /Radio changed to "Tim\x20Ismag\x20-\x20Revenge"
[2026-05-01  10:55:08] INFO event-stream/event_stream.c event queued
[2026-05-01  10:55:08] WARN stats/stats.c No charset found for "ISO8859-1"
[2026-05-01  10:55:08] WARN stats/stats.c No charset found for "ISO8859-1"
[2026-05-01  10:55:08] INFO event-stream/event_stream.c event queued
[2026-05-01  10:55:14] INFO admin/admin.c Received admin command listclients on mount '/Radio'
[2026-05-01  10:55:24] INFO admin/admin.c Received admin command listclients on mount '/Radio'
[2026-05-01  10:55:34] INFO admin/admin.c Received admin command listclients on mount '/Radio'
[2026-05-01  10:55:44] INFO admin/admin.c Received admin command listclients on mount '/Radio'
[2026-05-01  10:55:51] INFO source/source.c listener count on /Radio now 0
[2026-05-01  10:55:51] INFO event-stream/event_stream.c event queued
[2026-05-01  10:55:51] INFO event-stream/event_stream.c event queued
[2026-05-01  10:55:54] INFO admin/admin.c Received admin command listclients on mount '/Radio'
[2026-05-01  10:56:04] INFO admin/admin.c Received admin command listclients on mount '/Radio'
[2026-05-01  10:56:14] INFO admin/admin.c Received admin command listclients on mount '/Radio'
[2026-05-01  10:56:24] INFO admin/admin.c Received admin command listclients on mount '/Radio'
[2026-05-01  10:56:34] INFO admin/admin.c Received admin command listclients on mount '/Radio'
[2026-05-01  10:56:44] INFO admin/admin.c Received admin command listclients on mount '/Radio'
[2026-05-01  10:56:48] INFO event-stream/event_stream.c event queued
[2026-05-01  10:56:48] INFO source/source.c listener count on /Radio now 1
[2026-05-01  10:56:48] INFO event-stream/event_stream.c event queued
[2026-05-01  10:56:54] INFO admin/admin.c Received admin command listclients on mount '/Radio'
[2026-05-01  10:57:04] INFO admin/admin.c Received admin command listclients on mount '/Radio'
[2026-05-01  10:57:14] INFO admin/admin.c Received admin command listclients on mount '/Radio'
[2026-05-01  10:57:19] INFO admin/admin.c Received admin command metadata on mount '/Radio'
[2026-05-01  10:57:19] WARN admin/admin.c Client 0000014546DE2600 (role=legacy-global-source, acl=legacy-global-source, username=source) uses safe method GET on /admin/metadata
[2026-05-01  10:57:19] INFO admin/admin.c Metadata on mountpoint /Radio changed to "FWLR\x20-\x20Bust\x20It\x20Out\x20(Original\x20Mix)\x20[by\x20DragoN_Sky]"
[2026-05-01  10:57:19] INFO event-stream/event_stream.c event queued
[2026-05-01  10:57:19] WARN stats/stats.c No charset found for "ISO8859-1"
[2026-05-01  10:57:19] WARN stats/stats.c No charset found for "ISO8859-1"
[2026-05-01  10:57:19] INFO event-stream/event_stream.c event queued
[2026-05-01  10:57:24] INFO admin/admin.c Received admin command listclients on mount '/Radio'
[2026-05-01  10:57:34] INFO admin/admin.c Received admin command listclients on mount '/Radio'
[2026-05-01  10:57:44] INFO admin/admin.c Received admin command listclients on mount '/Radio'
[2026-05-01  10:57:54] INFO admin/admin.c Received admin command listclients on mount '/Radio'
[2026-05-01  10:58:04] INFO admin/admin.c Received admin command listclients on mount '/Radio'
[2026-05-01  10:58:14] INFO admin/admin.c Received admin command listclients on mount '/Radio'
[2026-05-01  10:58:24] INFO admin/admin.c Received admin command listclients on mount '/Radio'
[2026-05-01  10:58:34] INFO admin/admin.c Received admin command listclients on mount '/Radio'
[2026-05-01  10:58:44] INFO admin/admin.c Received admin command listclients on mount '/Radio'
[2026-05-01  10:58:54] INFO admin/admin.c Received admin command listclients on mount '/Radio'
[2026-05-01  10:59:04] INFO admin/admin.c Received admin command listclients on mount '/Radio'
[2026-05-01  10:59:14] INFO admin/admin.c Received admin command listclients on mount '/Radio'
[2026-05-01  10:59:24] INFO admin/admin.c Received admin command listclients on mount '/Radio'
[2026-05-01  10:59:34] INFO admin/admin.c Received admin command listclients on mount '/Radio'
[2026-05-01  10:59:44] INFO admin/admin.c Received admin command listclients on mount '/Radio'
[2026-05-01  10:59:54] INFO admin/admin.c Received admin command listclients on mount '/Radio'
[2026-05-01  11:00:04] INFO admin/admin.c Received admin command listclients on mount '/Radio'
[2026-05-01  11:00:14] INFO admin/admin.c Received admin command listclients on mount '/Radio'
[2026-05-01  11:00:21] INFO admin/admin.c Received admin command metadata on mount '/Radio'
[2026-05-01  11:00:21] WARN admin/admin.c Client 0000014546DE2730 (role=legacy-global-source, acl=legacy-global-source, username=source) uses safe method GET on /admin/metadata
[2026-05-01  11:00:21] INFO admin/admin.c Metadata on mountpoint /Radio changed to "Gesaffelstein\x20-\x20Pursuit\x20(KLOUD\x20Remix)\x20[by\x20DragoN_Sky]"
[2026-05-01  11:00:21] INFO event-stream/event_stream.c event queued
[2026-05-01  11:00:21] WARN stats/stats.c No charset found for "ISO8859-1"
[2026-05-01  11:00:21] WARN stats/stats.c No charset found for "ISO8859-1"
[2026-05-01  11:00:21] INFO event-stream/event_stream.c event queued
[2026-05-01  11:00:24] INFO admin/admin.c Received admin command listclients on mount '/Radio'
[2026-05-01  11:00:34] INFO admin/admin.c Received admin command listclients on mount '/Radio'
[2026-05-01  11:00:44] INFO admin/admin.c Received admin command listclients on mount '/Radio'
[2026-05-01  11:00:54] INFO admin/admin.c Received admin command listclients on mount '/Radio'
[2026-05-01  11:01:04] INFO admin/admin.c Received admin command listclients on mount '/Radio'
[2026-05-01  11:01:14] INFO admin/admin.c Received admin command listclients on mount '/Radio'
[2026-05-01  11:01:24] INFO admin/admin.c Received admin command listclients on mount '/Radio'
[2026-05-01  11:01:34] INFO admin/admin.c Received admin command listclients on mount '/Radio'
[2026-05-01  11:01:34] INFO admin/admin.c Received admin command metadata on mount '/Radio'
[2026-05-01  11:01:34] WARN admin/admin.c Client 0000014546DE2850 (role=legacy-global-source, acl=legacy-global-source, username=source) uses safe method GET on /admin/metadata
[2026-05-01  11:01:34] INFO admin/admin.c Metadata on mountpoint /Radio changed to "FWLR\x20-\x20Bust\x20It\x20Out\x20(Original\x20Mix)\x20[by\x20DragoN_Sky]"
[2026-05-01  11:01:34] INFO event-stream/event_stream.c event queued
[2026-05-01  11:01:34] WARN stats/stats.c No charset found for "ISO8859-1"
[2026-05-01  11:01:34] WARN stats/stats.c No charset found for "ISO8859-1"
[2026-05-01  11:01:34] INFO event-stream/event_stream.c event queued
[2026-05-01  11:01:44] INFO admin/admin.c Received admin command listclients on mount '/Radio'
[2026-05-01  11:01:48] INFO source/source.c listener count on /Radio now 0
[2026-05-01  11:01:48] INFO event-stream/event_stream.c event queued
[2026-05-01  11:01:48] INFO event-stream/event_stream.c event queued
[2026-05-01  11:01:54] INFO admin/admin.c Received admin command listclients on mount '/Radio'
[2026-05-01  11:02:04] INFO admin/admin.c Received admin command listclients on mount '/Radio'
[2026-05-01  11:02:14] INFO admin/admin.c Received admin command listclients on mount '/Radio'
[2026-05-01  11:02:19] INFO event-stream/event_stream.c event queued
[2026-05-01  11:02:19] INFO source/source.c listener count on /Radio now 1
[2026-05-01  11:02:19] INFO event-stream/event_stream.c event queued
[2026-05-01  11:02:19] INFO source/source.c listener count on /Radio now 0
[2026-05-01  11:02:19] INFO event-stream/event_stream.c event queued
[2026-05-01  11:02:19] INFO event-stream/event_stream.c event queued
[2026-05-01  11:02:19] INFO event-stream/event_stream.c event queued
[2026-05-01  11:02:19] INFO source/source.c listener count on /Radio now 1
[2026-05-01  11:02:19] INFO event-stream/event_stream.c event queued
[2026-05-01  11:02:24] INFO admin/admin.c Received admin command listclients on mount '/Radio'
[2026-05-01  11:02:27] INFO source/source.c listener count on /Radio now 0
[2026-05-01  11:02:27] INFO event-stream/event_stream.c event queued
[2026-05-01  11:02:27] INFO event-stream/event_stream.c event queued
[2026-05-01  11:02:34] INFO admin/admin.c Received admin command listclients on mount '/Radio'
[2026-05-01  11:02:44] INFO admin/admin.c Received admin command listclients on mount '/Radio'
[2026-05-01  11:02:54] INFO admin/admin.c Received admin command listclients on mount '/Radio'
[2026-05-01  11:03:02] INFO event-stream/event_stream.c event queued
[2026-05-01  11:03:02] INFO source/source.c listener count on /Radio now 1
[2026-05-01  11:03:02] INFO event-stream/event_stream.c event queued
[2026-05-01  11:03:04] INFO admin/admin.c Received admin command listclients on mount '/Radio'
[2026-05-01  11:03:14] INFO admin/admin.c Received admin command listclients on mount '/Radio'
[2026-05-01  11:03:24] INFO admin/admin.c Received admin command listclients on mount '/Radio'
[2026-05-01  11:03:34] INFO admin/admin.c Received admin command listclients on mount '/Radio'
[2026-05-01  11:03:44] INFO admin/admin.c Received admin command listclients on mount '/Radio'
[2026-05-01  11:03:47] INFO event-stream/event_stream.c event queued
[2026-05-01  11:03:47] INFO source/source.c listener count on /Radio now 2
[2026-05-01  11:03:47] INFO event-stream/event_stream.c event queued
[2026-05-01  11:03:47] INFO source/source.c listener count on /Radio now 1
[2026-05-01  11:03:47] INFO event-stream/event_stream.c event queued
[2026-05-01  11:03:48] INFO event-stream/event_stream.c event queued
[2026-05-01  11:03:48] INFO source/source.c listener count on /Radio now 2
[2026-05-01  11:03:48] INFO event-stream/event_stream.c event queued
[2026-05-01  11:03:50] INFO source/source.c listener count on /Radio now 1
[2026-05-01  11:03:50] INFO event-stream/event_stream.c event queued
[2026-05-01  11:03:54] INFO admin/admin.c Received admin command listclients on mount '/Radio'
[2026-05-01  11:04:04] INFO admin/admin.c Received admin command listclients on mount '/Radio'
[2026-05-01  11:04:14] INFO admin/admin.c Received admin command listclients on mount '/Radio'
[2026-05-01  11:04:18] INFO fserve/fserve.c checking for file /assets/css/style.css (./web/assets/css/style.css)
[2026-05-01  11:04:18] INFO fserve/fserve.c checking for file /assets/img/icecast.png (./web/assets/img/icecast.png)
[2026-05-01  11:04:21] INFO event-stream/event_stream.c event queued
[2026-05-01  11:04:21] INFO source/source.c listener count on /Radio now 2
[2026-05-01  11:04:21] INFO event-stream/event_stream.c event queued
[2026-05-01  11:04:24] INFO admin/admin.c Received admin command listclients on mount '/Radio'
[2026-05-01  11:04:26] INFO source/source.c listener count on /Radio now 1
[2026-05-01  11:04:26] INFO event-stream/event_stream.c event queued
[2026-05-01  11:04:34] INFO admin/admin.c Received admin command listclients on mount '/Radio'
[2026-05-01  11:04:36] INFO admin/admin.c Received admin command metadata on mount '/Radio'
[2026-05-01  11:04:36] WARN admin/admin.c Client 0000014546E3BEE0 (role=legacy-global-source, acl=legacy-global-source, username=source) uses safe method GET on /admin/metadata
[2026-05-01  11:04:36] INFO admin/admin.c Metadata on mountpoint /Radio changed to "Gesaffelstein\x20-\x20Pursuit\x20(KLOUD\x20Remix)\x20[by\x20DragoN_Sky]"
[2026-05-01  11:04:36] INFO event-stream/event_stream.c event queued
[2026-05-01  11:04:36] WARN stats/stats.c No charset found for "ISO8859-1"
[2026-05-01  11:04:36] WARN stats/stats.c No charset found for "ISO8859-1"
[2026-05-01  11:04:36] INFO event-stream/event_stream.c event queued
[2026-05-01  11:04:37] INFO fserve/fserve.c checking for file /assets/css/style.css (./web/assets/css/style.css)
[2026-05-01  11:04:38] INFO fserve/fserve.c checking for file /assets/img/icecast.png (./web/assets/img/icecast.png)
[2026-05-01  11:04:44] INFO admin/admin.c Received admin command listclients on mount '/Radio'
[2026-05-01  11:04:54] INFO admin/admin.c Received admin command listclients on mount '/Radio'
[2026-05-01  11:05:04] INFO admin/admin.c Received admin command listclients on mount '/Radio'
[2026-05-01  11:05:14] INFO admin/admin.c Received admin command listclients on mount '/Radio'
[2026-05-01  11:05:24] INFO admin/admin.c Received admin command listclients on mount '/Radio'
[2026-05-01  11:05:34] INFO admin/admin.c Received admin command listclients on mount '/Radio'
[2026-05-01  11:05:44] INFO admin/admin.c Received admin command listclients on mount '/Radio'
[2026-05-01  11:05:54] INFO admin/admin.c Received admin command listclients on mount '/Radio'
[2026-05-01  11:06:04] INFO admin/admin.c Received admin command listclients on mount '/Radio'
[2026-05-01  11:06:14] INFO admin/admin.c Received admin command listclients on mount '/Radio'
[2026-05-01  11:06:24] INFO admin/admin.c Received admin command listclients on mount '/Radio'
[2026-05-01  11:06:34] INFO admin/admin.c Received admin command listclients on mount '/Radio'
[2026-05-01  11:06:44] INFO admin/admin.c Received admin command listclients on mount '/Radio'
[2026-05-01  11:06:54] INFO admin/admin.c Received admin command listclients on mount '/Radio'
[2026-05-01  11:07:04] INFO admin/admin.c Received admin command listclients on mount '/Radio'
[2026-05-01  11:07:14] INFO admin/admin.c Received admin command listclients on mount '/Radio'
[2026-05-01  11:07:24] INFO admin/admin.c Received admin command listclients on mount '/Radio'
[2026-05-01  11:07:34] INFO admin/admin.c Received admin command listclients on mount '/Radio'
[2026-05-01  11:07:44] INFO admin/admin.c Received admin command listclients on mount '/Radio'
[2026-05-01  11:07:54] INFO admin/admin.c Received admin command listclients on mount '/Radio'
[2026-05-01  11:08:02] INFO source/source.c listener count on /Radio now 0
[2026-05-01  11:08:02] INFO event-stream/event_stream.c event queued
[2026-05-01  11:08:02] INFO event-stream/event_stream.c event queued
[2026-05-01  11:08:04] INFO admin/admin.c Received admin command listclients on mount '/Radio'
[2026-05-01  11:08:14] INFO admin/admin.c Received admin command listclients on mount '/Radio'
[2026-05-01  11:08:14] INFO admin/admin.c Received admin command metadata on mount '/Radio'
[2026-05-01  11:08:14] WARN admin/admin.c Client 00000145471F9B00 (role=legacy-global-source, acl=legacy-global-source, username=source) uses safe method GET on /admin/metadata
[2026-05-01  11:08:14] INFO admin/admin.c Metadata on mountpoint /Radio changed to "Gosha\x20-\x20Get\x20Busy\x20(Extended\x20Mix)\x20[by\x20DragoN_Sky]"
[2026-05-01  11:08:14] INFO event-stream/event_stream.c event queued
[2026-05-01  11:08:14] WARN stats/stats.c No charset found for "ISO8859-1"
[2026-05-01  11:08:14] WARN stats/stats.c No charset found for "ISO8859-1"
[2026-05-01  11:08:14] INFO event-stream/event_stream.c event queued
[2026-05-01  11:08:24] INFO admin/admin.c Received admin command listclients on mount '/Radio'
[2026-05-01  11:08:34] INFO admin/admin.c Received admin command listclients on mount '/Radio'
[2026-05-01  11:08:44] INFO admin/admin.c Received admin command listclients on mount '/Radio'
[2026-05-01  11:08:47] INFO event-stream/event_stream.c event queued
[2026-05-01  11:08:47] INFO source/source.c listener count on /Radio now 1
[2026-05-01  11:08:47] INFO event-stream/event_stream.c event queued
[2026-05-01  11:08:54] INFO admin/admin.c Received admin command listclients on mount '/Radio'
[2026-05-01  11:09:04] INFO admin/admin.c Received admin command listclients on mount '/Radio'
[2026-05-01  11:09:14] INFO admin/admin.c Received admin command listclients on mount '/Radio'
[2026-05-01  11:09:24] INFO admin/admin.c Received admin command listclients on mount '/Radio'
[2026-05-01  11:09:34] INFO admin/admin.c Received admin command listclients on mount '/Radio'
[2026-05-01  11:09:44] INFO admin/admin.c Received admin command listclients on mount '/Radio'
[2026-05-01  11:09:54] INFO admin/admin.c Received admin command listclients on mount '/Radio'
[2026-05-01  11:10:04] INFO admin/admin.c Received admin command listclients on mount '/Radio'
[2026-05-01  11:10:14] INFO admin/admin.c Received admin command listclients on mount '/Radio'
[2026-05-01  11:10:24] INFO admin/admin.c Received admin command listclients on mount '/Radio'
[2026-05-01  11:10:34] INFO admin/admin.c Received admin command listclients on mount '/Radio'
[2026-05-01  11:10:44] INFO admin/admin.c Received admin command listclients on mount '/Radio'
[2026-05-01  11:10:54] INFO admin/admin.c Received admin command listclients on mount '/Radio'
[2026-05-01  11:11:04] INFO admin/admin.c Received admin command listclients on mount '/Radio'
[2026-05-01  11:11:14] INFO admin/admin.c Received admin command listclients on mount '/Radio'
[2026-05-01  11:11:24] INFO admin/admin.c Received admin command listclients on mount '/Radio'
[2026-05-01  11:11:33] INFO admin/admin.c Received admin command metadata on mount '/Radio'
[2026-05-01  11:11:33] WARN admin/admin.c Client 00000145471F9200 (role=legacy-global-source, acl=legacy-global-source, username=source) uses safe method GET on /admin/metadata
[2026-05-01  11:11:33] INFO admin/admin.c Metadata on mountpoint /Radio changed to "Habstrakt\x20-\x20The\x20Sound\x20(Original\x20Mix)"
[2026-05-01  11:11:33] INFO event-stream/event_stream.c event queued
[2026-05-01  11:11:33] WARN stats/stats.c No charset found for "ISO8859-1"
[2026-05-01  11:11:33] WARN stats/stats.c No charset found for "ISO8859-1"
[2026-05-01  11:11:33] INFO event-stream/event_stream.c event queued
[2026-05-01  11:11:34] INFO admin/admin.c Received admin command listclients on mount '/Radio'
[2026-05-01  11:11:44] INFO admin/admin.c Received admin command listclients on mount '/Radio'
[2026-05-01  11:11:54] INFO admin/admin.c Received admin command listclients on mount '/Radio'
[2026-05-01  11:12:04] INFO admin/admin.c Received admin command listclients on mount '/Radio'
[2026-05-01  11:12:14] INFO admin/admin.c Received admin command listclients on mount '/Radio'
[2026-05-01  11:12:24] INFO admin/admin.c Received admin command listclients on mount '/Radio'
[2026-05-01  11:12:34] INFO admin/admin.c Received admin command listclients on mount '/Radio'
[2026-05-01  11:12:44] INFO admin/admin.c Received admin command listclients on mount '/Radio'
[2026-05-01  11:12:54] INFO admin/admin.c Received admin command listclients on mount '/Radio'
[2026-05-01  11:13:04] INFO admin/admin.c Received admin command listclients on mount '/Radio'
[2026-05-01  11:13:14] INFO admin/admin.c Received admin command listclients on mount '/Radio'
[2026-05-01  11:13:24] INFO admin/admin.c Received admin command listclients on mount '/Radio'
[2026-05-01  11:13:34] INFO admin/admin.c Received admin command listclients on mount '/Radio'
[2026-05-01  11:13:44] INFO admin/admin.c Received admin command listclients on mount '/Radio'
[2026-05-01  11:13:47] INFO source/source.c listener count on /Radio now 0
[2026-05-01  11:13:47] INFO event-stream/event_stream.c event queued
[2026-05-01  11:13:47] INFO event-stream/event_stream.c event queued
[2026-05-01  11:13:54] INFO admin/admin.c Received admin command listclients on mount '/Radio'
[2026-05-01  11:14:04] INFO admin/admin.c Received admin command listclients on mount '/Radio'
[2026-05-01  11:14:10] INFO fserve/fserve.c checking for file /assets/img/icecast.png (./web/assets/img/icecast.png)
[2026-05-01  11:14:10] INFO fserve/fserve.c checking for file /assets/css/style.css (./web/assets/css/style.css)
[2026-05-01  11:14:14] INFO admin/admin.c Received admin command listclients on mount '/Radio'
[2026-05-01  11:14:24] INFO admin/admin.c Received admin command listclients on mount '/Radio'
[2026-05-01  11:14:31] INFO event-stream/event_stream.c event queued
[2026-05-01  11:14:31] INFO source/source.c listener count on /Radio now 1
[2026-05-01  11:14:31] INFO event-stream/event_stream.c event queued
[2026-05-01  11:14:31] INFO source/source.c listener count on /Radio now 0
[2026-05-01  11:14:31] INFO event-stream/event_stream.c event queued
[2026-05-01  11:14:31] INFO event-stream/event_stream.c event queued
[2026-05-01  11:14:32] INFO event-stream/event_stream.c event queued
[2026-05-01  11:14:32] INFO source/source.c listener count on /Radio now 1
[2026-05-01  11:14:32] INFO event-stream/event_stream.c event queued
[2026-05-01  11:14:34] INFO source/source.c listener count on /Radio now 0
[2026-05-01  11:14:34] INFO event-stream/event_stream.c event queued
[2026-05-01  11:14:34] INFO event-stream/event_stream.c event queued
[2026-05-01  11:14:34] INFO admin/admin.c Received admin command listclients on mount '/Radio'
[2026-05-01  11:14:36] INFO fserve/fserve.c checking for file /Radio.xspf (./web/Radio.xspf)
[2026-05-01  11:14:44] INFO admin/admin.c Received admin command listclients on mount '/Radio'
[2026-05-01  11:14:50] INFO event-stream/event_stream.c event queued
[2026-05-01  11:14:50] INFO event-stream/event_stream.c event queued
[2026-05-01  11:14:50] INFO source/source.c listener count on /Radio now 1
[2026-05-01  11:14:50] INFO event-stream/event_stream.c event queued
[2026-05-01  11:14:54] INFO admin/admin.c Received admin command listclients on mount '/Radio'
[2026-05-01  11:15:02] INFO admin/admin.c Received admin command metadata on mount '/Radio'
[2026-05-01  11:15:02] WARN admin/admin.c Client 00000145471F9D40 (role=legacy-global-source, acl=legacy-global-source, username=source) uses safe method GET on /admin/metadata
[2026-05-01  11:15:02] INFO admin/admin.c Metadata on mountpoint /Radio changed to "Hotcaller\x20&\x20Second\x20Degree\x20-\x20Communication\x20Failure"
[2026-05-01  11:15:02] INFO event-stream/event_stream.c event queued
[2026-05-01  11:15:02] WARN stats/stats.c No charset found for "ISO8859-1"
[2026-05-01  11:15:02] WARN stats/stats.c No charset found for "ISO8859-1"
[2026-05-01  11:15:02] INFO event-stream/event_stream.c event queued
[2026-05-01  11:15:04] INFO admin/admin.c Received admin command listclients on mount '/Radio'
[2026-05-01  11:15:14] INFO admin/admin.c Received admin command listclients on mount '/Radio'
[2026-05-01  11:15:24] INFO admin/admin.c Received admin command listclients on mount '/Radio'
[2026-05-01  11:15:32] INFO source/source.c listener count on /Radio now 0
[2026-05-01  11:15:32] INFO event-stream/event_stream.c event queued
[2026-05-01  11:15:32] INFO event-stream/event_stream.c event queued
[2026-05-01  11:15:34] INFO admin/admin.c Received admin command listclients on mount '/Radio'
[2026-05-01  11:15:44] INFO admin/admin.c Received admin command listclients on mount '/Radio'
[2026-05-01  11:15:54] INFO admin/admin.c Received admin command listclients on mount '/Radio'
[2026-05-01  11:16:04] INFO admin/admin.c Received admin command listclients on mount '/Radio'
[2026-05-01  11:16:14] INFO admin/admin.c Received admin command listclients on mount '/Radio'
[2026-05-01  11:16:24] INFO admin/admin.c Received admin command listclients on mount '/Radio'
[2026-05-01  11:16:34] INFO admin/admin.c Received admin command listclients on mount '/Radio'
[2026-05-01  11:16:44] INFO admin/admin.c Received admin command listclients on mount '/Radio'
[2026-05-01  11:16:54] INFO admin/admin.c Received admin command listclients on mount '/Radio'
[2026-05-01  11:17:04] INFO admin/admin.c Received admin command listclients on mount '/Radio'
[2026-05-01  11:17:14] INFO admin/admin.c Received admin command listclients on mount '/Radio'
[2026-05-01  11:17:24] INFO admin/admin.c Received admin command listclients on mount '/Radio'
[2026-05-01  11:17:34] INFO admin/admin.c Received admin command listclients on mount '/Radio'
[2026-05-01  11:17:44] INFO admin/admin.c Received admin command listclients on mount '/Radio'
[2026-05-01  11:17:54] INFO admin/admin.c Received admin command listclients on mount '/Radio'
[2026-05-01  11:18:04] INFO admin/admin.c Received admin command listclients on mount '/Radio'
[2026-05-01  11:18:14] INFO admin/admin.c Received admin command listclients on mount '/Radio'
[2026-05-01  11:18:22] INFO admin/admin.c Received admin command metadata on mount '/Radio'
[2026-05-01  11:18:22] WARN admin/admin.c Client 00000145471F9200 (role=legacy-global-source, acl=legacy-global-source, username=source) uses safe method GET on /admin/metadata
[2026-05-01  11:18:22] INFO admin/admin.c Metadata on mountpoint /Radio changed to "iBenji,\x20Glitch\x20Lazzer\x20-\x20Open\x20Your\x20Mind"
[2026-05-01  11:18:22] INFO event-stream/event_stream.c event queued
[2026-05-01  11:18:22] WARN stats/stats.c No charset found for "ISO8859-1"
[2026-05-01  11:18:22] WARN stats/stats.c No charset found for "ISO8859-1"
[2026-05-01  11:18:22] INFO event-stream/event_stream.c event queued
[2026-05-01  11:18:24] INFO admin/admin.c Received admin command listclients on mount '/Radio'
[2026-05-01  11:18:34] INFO admin/admin.c Received admin command listclients on mount '/Radio'
[2026-05-01  11:18:44] INFO admin/admin.c Received admin command listclients on mount '/Radio'
[2026-05-01  11:18:54] INFO admin/admin.c Received admin command listclients on mount '/Radio'
[2026-05-01  11:19:04] INFO admin/admin.c Received admin command listclients on mount '/Radio'
[2026-05-01  11:19:14] INFO admin/admin.c Received admin command listclients on mount '/Radio'
[2026-05-01  11:19:24] INFO admin/admin.c Received admin command listclients on mount '/Radio'
[2026-05-01  11:19:34] INFO admin/admin.c Received admin command listclients on mount '/Radio'
[2026-05-01  11:19:44] INFO admin/admin.c Received admin command listclients on mount '/Radio'
[2026-05-01  11:19:52] INFO event-stream/event_stream.c event queued
[2026-05-01  11:19:52] INFO source/source.c listener count on /Radio now 1
[2026-05-01  11:19:52] INFO event-stream/event_stream.c event queued
[2026-05-01  11:19:54] INFO admin/admin.c Received admin command listclients on mount '/Radio'
[2026-05-01  11:20:04] INFO admin/admin.c Received admin command listclients on mount '/Radio'
[2026-05-01  11:20:06] INFO admin/admin.c Received admin command metadata on mount '/Radio'
[2026-05-01  11:20:06] WARN admin/admin.c Client 00000145471F8900 (role=legacy-global-source, acl=legacy-global-source, username=source) uses safe method GET on /admin/metadata
[2026-05-01  11:20:06] INFO admin/admin.c Metadata on mountpoint /Radio changed to "FWLR\x20-\x20Bust\x20It\x20Out\x20(Original\x20Mix)\x20[by\x20DragoN_Sky]"
[2026-05-01  11:20:06] INFO event-stream/event_stream.c event queued
[2026-05-01  11:20:06] WARN stats/stats.c No charset found for "ISO8859-1"
[2026-05-01  11:20:06] WARN stats/stats.c No charset found for "ISO8859-1"
[2026-05-01  11:20:06] INFO event-stream/event_stream.c event queued
[2026-05-01  11:20:14] INFO admin/admin.c Received admin command listclients on mount '/Radio'
[2026-05-01  11:20:24] INFO admin/admin.c Received admin command listclients on mount '/Radio'
[2026-05-01  11:20:34] INFO admin/admin.c Received admin command listclients on mount '/Radio'
[2026-05-01  11:20:44] INFO admin/admin.c Received admin command listclients on mount '/Radio'
[2026-05-01  11:20:54] INFO admin/admin.c Received admin command listclients on mount '/Radio'
[2026-05-01  11:21:04] INFO admin/admin.c Received admin command listclients on mount '/Radio'
[2026-05-01  11:21:14] INFO admin/admin.c Received admin command listclients on mount '/Radio'
[2026-05-01  11:21:24] INFO admin/admin.c Received admin command listclients on mount '/Radio'
[2026-05-01  11:21:34] INFO admin/admin.c Received admin command listclients on mount '/Radio'
[2026-05-01  11:21:44] INFO admin/admin.c Received admin command listclients on mount '/Radio'
[2026-05-01  11:21:54] INFO admin/admin.c Received admin command listclients on mount '/Radio'
[2026-05-01  11:21:57] INFO event-stream/event_stream.c event queued
[2026-05-01  11:21:57] INFO source/source.c listener count on /Radio now 2
[2026-05-01  11:21:57] INFO event-stream/event_stream.c event queued
[2026-05-01  11:22:04] INFO admin/admin.c Received admin command listclients on mount '/Radio'
[2026-05-01  11:22:14] INFO admin/admin.c Received admin command listclients on mount '/Radio'
[2026-05-01  11:22:24] INFO admin/admin.c Received admin command listclients on mount '/Radio'
[2026-05-01  11:22:34] INFO admin/admin.c Received admin command listclients on mount '/Radio'
[2026-05-01  11:22:44] INFO admin/admin.c Received admin command listclients on mount '/Radio'
[2026-05-01  11:22:54] INFO admin/admin.c Received admin command listclients on mount '/Radio'
[2026-05-01  11:23:04] INFO admin/admin.c Received admin command listclients on mount '/Radio'
[2026-05-01  11:23:08] INFO admin/admin.c Received admin command metadata on mount '/Radio'
[2026-05-01  11:23:08] WARN admin/admin.c Client 00000145471F87E0 (role=legacy-global-source, acl=legacy-global-source, username=source) uses safe method GET on /admin/metadata
[2026-05-01  11:23:08] INFO admin/admin.c Metadata on mountpoint /Radio changed to "Gesaffelstein\x20-\x20Pursuit\x20(KLOUD\x20Remix)\x20[by\x20DragoN_Sky]"
[2026-05-01  11:23:08] INFO event-stream/event_stream.c event queued
[2026-05-01  11:23:08] WARN stats/stats.c No charset found for "ISO8859-1"
[2026-05-01  11:23:08] WARN stats/stats.c No charset found for "ISO8859-1"
[2026-05-01  11:23:08] INFO event-stream/event_stream.c event queued
[2026-05-01  11:23:14] INFO admin/admin.c Received admin command listclients on mount '/Radio'
[2026-05-01  11:23:24] INFO admin/admin.c Received admin command listclients on mount '/Radio'
[2026-05-01  11:23:34] INFO admin/admin.c Received admin command listclients on mount '/Radio'
[2026-05-01  11:23:44] INFO admin/admin.c Received admin command listclients on mount '/Radio'
[2026-05-01  11:23:54] INFO admin/admin.c Received admin command listclients on mount '/Radio'
[2026-05-01  11:24:04] INFO admin/admin.c Received admin command listclients on mount '/Radio'
[2026-05-01  11:24:14] INFO admin/admin.c Received admin command listclients on mount '/Radio'
[2026-05-01  11:24:24] INFO admin/admin.c Received admin command listclients on mount '/Radio'
[2026-05-01  11:24:34] INFO admin/admin.c Received admin command listclients on mount '/Radio'
[2026-05-01  11:24:44] INFO admin/admin.c Received admin command listclients on mount '/Radio'
[2026-05-01  11:24:52] INFO source/source.c listener count on /Radio now 1
[2026-05-01  11:24:52] INFO event-stream/event_stream.c event queued
[2026-05-01  11:24:54] INFO admin/admin.c Received admin command listclients on mount '/Radio'
[2026-05-01  11:24:57] INFO event-stream/event_stream.c event queued
[2026-05-01  11:24:57] INFO source/source.c listener count on /Radio now 2
[2026-05-01  11:24:57] INFO event-stream/event_stream.c event queued
[2026-05-01  11:25:04] INFO admin/admin.c Received admin command listclients on mount '/Radio'
[2026-05-01  11:25:14] INFO admin/admin.c Received admin command listclients on mount '/Radio'
[2026-05-01  11:25:24] INFO admin/admin.c Received admin command listclients on mount '/Radio'
[2026-05-01  11:25:25] INFO source/source.c End of Stream /Radio
[2026-05-01  11:25:25] INFO source/source.c Source from 127.0.0.1 at "/Radio" exiting
[2026-05-01  11:25:25] INFO event-stream/event_stream.c event queued
[2026-05-01  11:25:25] INFO source/source.c 2 active listeners on /Radio released
[2026-05-01  11:25:25] INFO connection-handle/connection_handle.c Source logging in at mountpoint "/Radio" using "SOURCE" from 127.0.0.1 as role legacy-global-source with acl legacy-global-source
[2026-05-01  11:25:25] WARN format/format.c Unsupported or legacy stream type: "audio/mpeg". Falling back to generic minimal handler for best effort.
[2026-05-01  11:25:25] INFO event-stream/event_stream.c event queued
[2026-05-01  11:25:25] INFO format-mp3/format_mp3.c No charset given for mount - with source client 1395864371451, assuming ISO8859-1
[2026-05-01  11:25:25] WARN stats/stats.c No charset found for "ISO8859-1"
[2026-05-01  11:25:25] WARN stats/stats.c No charset found for "ISO8859-1"
[2026-05-01  11:25:25] WARN stats/stats.c No charset found for "ISO8859-1"
[2026-05-01  11:25:25] WARN stats/stats.c No charset found for "ISO8859-1"
[2026-05-01  11:25:25] INFO event-stream/event_stream.c event queued
[2026-05-01  11:25:25] INFO event-stream/event_stream.c event queued
[2026-05-01  11:25:26] INFO event-stream/event_stream.c event queued
[2026-05-01  11:25:26] INFO source/source.c listener count on /Radio now 0
[2026-05-01  11:25:26] INFO event-stream/event_stream.c event queued
[2026-05-01  11:25:26] INFO event-stream/event_stream.c event queued
[2026-05-01  11:25:30] INFO admin/admin.c Received admin command metadata on mount '/Radio'
[2026-05-01  11:25:30] WARN admin/admin.c Client 00000145471F8A20 (role=legacy-global-source, acl=legacy-global-source, username=source) uses safe method GET on /admin/metadata
[2026-05-01  11:25:30] INFO admin/admin.c Metadata on mountpoint /Radio changed to "Gesaffelstein\x20-\x20Pursuit\x20(KLOUD\x20Remix)\x20[by\x20DragoN_Sky]"
[2026-05-01  11:25:30] INFO event-stream/event_stream.c event queued
[2026-05-01  11:25:30] WARN stats/stats.c No charset found for "ISO8859-1"
[2026-05-01  11:25:30] WARN stats/stats.c No charset found for "ISO8859-1"
[2026-05-01  11:25:30] INFO event-stream/event_stream.c event queued
[2026-05-01  11:25:34] INFO admin/admin.c Received admin command listclients on mount '/Radio'
[2026-05-01  11:25:44] INFO admin/admin.c Received admin command listclients on mount '/Radio'
[2026-05-01  11:25:54] INFO admin/admin.c Received admin command listclients on mount '/Radio'
[2026-05-01  11:26:00] INFO event-stream/event_stream.c event queued
[2026-05-01  11:26:04] INFO event-stream/event_stream.c event queued
[2026-05-01  11:26:04] INFO source/source.c listener count on /Radio now 1
[2026-05-01  11:26:04] INFO event-stream/event_stream.c event queued
[2026-05-01  11:26:04] INFO admin/admin.c Received admin command listclients on mount '/Radio'
[2026-05-01  11:26:14] INFO admin/admin.c Received admin command listclients on mount '/Radio'
[2026-05-01  11:26:24] INFO admin/admin.c Received admin command listclients on mount '/Radio'
[2026-05-01  11:26:34] INFO admin/admin.c Received admin command listclients on mount '/Radio'
[2026-05-01  11:26:44] INFO admin/admin.c Received admin command listclients on mount '/Radio'
[2026-05-01  11:26:46] INFO admin/admin.c Received admin command metadata on mount '/Radio'
[2026-05-01  11:26:46] WARN admin/admin.c Client 0000014547227A10 (role=legacy-global-source, acl=legacy-global-source, username=source) uses safe method GET on /admin/metadata
[2026-05-01  11:26:46] INFO admin/admin.c Metadata on mountpoint /Radio changed to "Gosha\x20-\x20Get\x20Busy\x20(Extended\x20Mix)\x20[by\x20DragoN_Sky]"
[2026-05-01  11:26:46] INFO event-stream/event_stream.c event queued
[2026-05-01  11:26:46] WARN stats/stats.c No charset found for "ISO8859-1"
[2026-05-01  11:26:46] WARN stats/stats.c No charset found for "ISO8859-1"
[2026-05-01  11:26:46] INFO event-stream/event_stream.c event queued
[2026-05-01  11:26:54] INFO admin/admin.c Received admin command listclients on mount '/Radio'
[2026-05-01  11:27:04] INFO admin/admin.c Received admin command listclients on mount '/Radio'
[2026-05-01  11:27:14] INFO admin/admin.c Received admin command listclients on mount '/Radio'
[2026-05-01  11:27:24] INFO admin/admin.c Received admin command listclients on mount '/Radio'
[2026-05-01  11:27:34] INFO admin/admin.c Received admin command listclients on mount '/Radio'
[2026-05-01  11:27:44] INFO admin/admin.c Received admin command listclients on mount '/Radio'
[2026-05-01  11:27:54] INFO admin/admin.c Received admin command listclients on mount '/Radio'
[2026-05-01  11:28:04] INFO admin/admin.c Received admin command listclients on mount '/Radio'
[2026-05-01  11:28:07] INFO event-stream/event_stream.c event queued
[2026-05-01  11:28:07] INFO source/source.c listener count on /Radio now 2
[2026-05-01  11:28:07] INFO event-stream/event_stream.c event queued
[2026-05-01  11:28:14] INFO admin/admin.c Received admin command listclients on mount '/Radio'
[2026-05-01  11:28:24] INFO admin/admin.c Received admin command listclients on mount '/Radio'
[2026-05-01  11:28:34] INFO admin/admin.c Received admin command listclients on mount '/Radio'
[2026-05-01  11:28:44] INFO admin/admin.c Received admin command listclients on mount '/Radio'
[2026-05-01  11:28:54] INFO admin/admin.c Received admin command listclients on mount '/Radio'
[2026-05-01  11:29:04] INFO admin/admin.c Received admin command listclients on mount '/Radio'
[2026-05-01  11:29:14] INFO admin/admin.c Received admin command listclients on mount '/Radio'
[2026-05-01  11:29:24] INFO admin/admin.c Received admin command listclients on mount '/Radio'
[2026-05-01  11:29:34] INFO admin/admin.c Received admin command listclients on mount '/Radio'
[2026-05-01  11:29:44] INFO admin/admin.c Received admin command listclients on mount '/Radio'
[2026-05-01  11:29:54] INFO admin/admin.c Received admin command listclients on mount '/Radio'
[2026-05-01  11:30:04] INFO admin/admin.c Received admin command listclients on mount '/Radio'
[2026-05-01  11:30:05] INFO admin/admin.c Received admin command metadata on mount '/Radio'
[2026-05-01  11:30:05] WARN admin/admin.c Client 0000014547226C90 (role=legacy-global-source, acl=legacy-global-source, username=source) uses safe method GET on /admin/metadata
[2026-05-01  11:30:05] INFO admin/admin.c Metadata on mountpoint /Radio changed to "Habstrakt\x20-\x20The\x20Sound\x20(Original\x20Mix)"
[2026-05-01  11:30:05] INFO event-stream/event_stream.c event queued
[2026-05-01  11:30:05] WARN stats/stats.c No charset found for "ISO8859-1"
[2026-05-01  11:30:05] WARN stats/stats.c No charset found for "ISO8859-1"
[2026-05-01  11:30:05] INFO event-stream/event_stream.c event queued
[2026-05-01  11:30:14] INFO admin/admin.c Received admin command listclients on mount '/Radio'
[2026-05-01  11:30:24] INFO admin/admin.c Received admin command listclients on mount '/Radio'
[2026-05-01  11:30:34] INFO admin/admin.c Received admin command listclients on mount '/Radio'
[2026-05-01  11:30:44] INFO admin/admin.c Received admin command listclients on mount '/Radio'
[2026-05-01  11:30:54] INFO admin/admin.c Received admin command listclients on mount '/Radio'
[2026-05-01  11:31:04] INFO source/source.c listener count on /Radio now 1
[2026-05-01  11:31:04] INFO event-stream/event_stream.c event queued
[2026-05-01  11:31:04] INFO admin/admin.c Received admin command listclients on mount '/Radio'
[2026-05-01  11:31:14] INFO admin/admin.c Received admin command listclients on mount '/Radio'
[2026-05-01  11:31:24] INFO admin/admin.c Received admin command listclients on mount '/Radio'
[2026-05-01  11:31:34] INFO admin/admin.c Received admin command listclients on mount '/Radio'
[2026-05-01  11:31:44] INFO admin/admin.c Received admin command listclients on mount '/Radio'
[2026-05-01  11:31:54] INFO admin/admin.c Received admin command listclients on mount '/Radio'
[2026-05-01  11:32:04] INFO admin/admin.c Received admin command listclients on mount '/Radio'
[2026-05-01  11:32:14] INFO admin/admin.c Received admin command listclients on mount '/Radio'
[2026-05-01  11:32:24] INFO admin/admin.c Received admin command listclients on mount '/Radio'
[2026-05-01  11:32:34] INFO admin/admin.c Received admin command listclients on mount '/Radio'
[2026-05-01  11:32:44] INFO admin/admin.c Received admin command listclients on mount '/Radio'
[2026-05-01  11:32:54] INFO admin/admin.c Received admin command listclients on mount '/Radio'
[2026-05-01  11:33:04] INFO admin/admin.c Received admin command listclients on mount '/Radio'
[2026-05-01  11:33:07] INFO source/source.c listener count on /Radio now 0
[2026-05-01  11:33:07] INFO event-stream/event_stream.c event queued
[2026-05-01  11:33:07] INFO event-stream/event_stream.c event queued
[2026-05-01  11:33:14] INFO admin/admin.c Received admin command listclients on mount '/Radio'
[2026-05-01  11:33:24] INFO admin/admin.c Received admin command listclients on mount '/Radio'
[2026-05-01  11:33:34] INFO admin/admin.c Received admin command metadata on mount '/Radio'
[2026-05-01  11:33:34] WARN admin/admin.c Client 00000145472277D0 (role=legacy-global-source, acl=legacy-global-source, username=source) uses safe method GET on /admin/metadata
[2026-05-01  11:33:34] INFO admin/admin.c Metadata on mountpoint /Radio changed to "Hotcaller\x20&\x20Second\x20Degree\x20-\x20Communication\x20Failure"
[2026-05-01  11:33:34] INFO event-stream/event_stream.c event queued
[2026-05-01  11:33:34] WARN stats/stats.c No charset found for "ISO8859-1"
[2026-05-01  11:33:34] WARN stats/stats.c No charset found for "ISO8859-1"
[2026-05-01  11:33:34] INFO event-stream/event_stream.c event queued
[2026-05-01  11:33:34] INFO admin/admin.c Received admin command listclients on mount '/Radio'
[2026-05-01  11:33:44] INFO admin/admin.c Received admin command listclients on mount '/Radio'
[2026-05-01  11:33:54] INFO admin/admin.c Received admin command listclients on mount '/Radio'
[2026-05-01  11:34:04] INFO admin/admin.c Received admin command listclients on mount '/Radio'
[2026-05-01  11:34:14] INFO admin/admin.c Received admin command listclients on mount '/Radio'
[2026-05-01  11:34:24] INFO admin/admin.c Received admin command listclients on mount '/Radio'
[2026-05-01  11:34:34] INFO admin/admin.c Received admin command listclients on mount '/Radio'
[2026-05-01  11:34:44] INFO admin/admin.c Received admin command listclients on mount '/Radio'
[2026-05-01  11:34:54] INFO admin/admin.c Received admin command listclients on mount '/Radio'
[2026-05-01  11:35:04] INFO admin/admin.c Received admin command listclients on mount '/Radio'
[2026-05-01  11:35:14] INFO admin/admin.c Received admin command listclients on mount '/Radio'
[2026-05-01  11:35:24] INFO admin/admin.c Received admin command listclients on mount '/Radio'
[2026-05-01  11:35:34] INFO admin/admin.c Received admin command listclients on mount '/Radio'
[2026-05-01  11:35:44] INFO admin/admin.c Received admin command listclients on mount '/Radio'
[2026-05-01  11:35:54] INFO admin/admin.c Received admin command listclients on mount '/Radio'
[2026-05-01  11:36:04] INFO admin/admin.c Received admin command listclients on mount '/Radio'
[2026-05-01  11:36:14] INFO admin/admin.c Received admin command listclients on mount '/Radio'
[2026-05-01  11:36:24] INFO admin/admin.c Received admin command listclients on mount '/Radio'
[2026-05-01  11:36:34] INFO admin/admin.c Received admin command listclients on mount '/Radio'
[2026-05-01  11:36:44] INFO admin/admin.c Received admin command listclients on mount '/Radio'
[2026-05-01  11:36:54] INFO admin/admin.c Received admin command metadata on mount '/Radio'
[2026-05-01  11:36:54] WARN admin/admin.c Client 0000014547226ED0 (role=legacy-global-source, acl=legacy-global-source, username=source) uses safe method GET on /admin/metadata
[2026-05-01  11:36:54] INFO admin/admin.c Metadata on mountpoint /Radio changed to "iBenji,\x20Glitch\x20Lazzer\x20-\x20Open\x20Your\x20Mind"
[2026-05-01  11:36:54] INFO event-stream/event_stream.c event queued
[2026-05-01  11:36:54] WARN stats/stats.c No charset found for "ISO8859-1"
[2026-05-01  11:36:54] WARN stats/stats.c No charset found for "ISO8859-1"
[2026-05-01  11:36:54] INFO event-stream/event_stream.c event queued
[2026-05-01  11:36:54] INFO admin/admin.c Received admin command listclients on mount '/Radio'
[2026-05-01  11:37:04] INFO admin/admin.c Received admin command listclients on mount '/Radio'
[2026-05-01  11:37:14] INFO admin/admin.c Received admin command listclients on mount '/Radio'
[2026-05-01  11:37:24] INFO admin/admin.c Received admin command listclients on mount '/Radio'
[2026-05-01  11:37:34] INFO admin/admin.c Received admin command listclients on mount '/Radio'
[2026-05-01  11:37:44] INFO admin/admin.c Received admin command listclients on mount '/Radio'
[2026-05-01  11:37:54] INFO admin/admin.c Received admin command listclients on mount '/Radio'
[2026-05-01  11:38:04] INFO admin/admin.c Received admin command listclients on mount '/Radio'
[2026-05-01  11:38:14] INFO admin/admin.c Received admin command listclients on mount '/Radio'
[2026-05-01  11:38:24] INFO admin/admin.c Received admin command listclients on mount '/Radio'
[2026-05-01  11:38:34] INFO admin/admin.c Received admin command listclients on mount '/Radio'
[2026-05-01  11:38:44] INFO admin/admin.c Received admin command listclients on mount '/Radio'
[2026-05-01  11:38:54] INFO admin/admin.c Received admin command listclients on mount '/Radio'
[2026-05-01  11:39:04] INFO admin/admin.c Received admin command listclients on mount '/Radio'
[2026-05-01  11:39:14] INFO admin/admin.c Received admin command listclients on mount '/Radio'
[2026-05-01  11:39:24] INFO admin/admin.c Received admin command listclients on mount '/Radio'
[2026-05-01  11:39:34] INFO admin/admin.c Received admin command listclients on mount '/Radio'
[2026-05-01  11:39:44] INFO admin/admin.c Received admin command listclients on mount '/Radio'
[2026-05-01  11:39:54] INFO admin/admin.c Received admin command listclients on mount '/Radio'
[2026-05-01  11:40:04] INFO admin/admin.c Received admin command listclients on mount '/Radio'
[2026-05-01  11:40:11] INFO admin/admin.c Received admin command metadata on mount '/Radio'
[2026-05-01  11:40:11] WARN admin/admin.c Client 0000014547227C50 (role=legacy-global-source, acl=legacy-global-source, username=source) uses safe method GET on /admin/metadata
[2026-05-01  11:40:11] INFO admin/admin.c Metadata on mountpoint /Radio changed to "Ilussha\x20-\x20Distress\x20Signal"
[2026-05-01  11:40:11] INFO event-stream/event_stream.c event queued
[2026-05-01  11:40:11] WARN stats/stats.c No charset found for "ISO8859-1"
[2026-05-01  11:40:11] WARN stats/stats.c No charset found for "ISO8859-1"
[2026-05-01  11:40:11] INFO event-stream/event_stream.c event queued
[2026-05-01  11:40:14] INFO admin/admin.c Received admin command listclients on mount '/Radio'
[2026-05-01  11:40:24] INFO admin/admin.c Received admin command listclients on mount '/Radio'
[2026-05-01  11:40:34] INFO admin/admin.c Received admin command listclients on mount '/Radio'
[2026-05-01  11:40:44] INFO admin/admin.c Received admin command listclients on mount '/Radio'
[2026-05-01  11:40:54] INFO admin/admin.c Received admin command listclients on mount '/Radio'
[2026-05-01  11:41:04] INFO admin/admin.c Received admin command listclients on mount '/Radio'
[2026-05-01  11:41:14] INFO admin/admin.c Received admin command listclients on mount '/Radio'
[2026-05-01  11:41:24] INFO admin/admin.c Received admin command listclients on mount '/Radio'
[2026-05-01  11:41:34] INFO admin/admin.c Received admin command listclients on mount '/Radio'
[2026-05-01  11:41:44] INFO admin/admin.c Received admin command listclients on mount '/Radio'
[2026-05-01  11:41:54] INFO admin/admin.c Received admin command listclients on mount '/Radio'
[2026-05-01  11:42:04] INFO admin/admin.c Received admin command listclients on mount '/Radio'
[2026-05-01  11:42:14] INFO admin/admin.c Received admin command listclients on mount '/Radio'
[2026-05-01  11:42:24] INFO admin/admin.c Received admin command listclients on mount '/Radio'
[2026-05-01  11:42:34] INFO admin/admin.c Received admin command listclients on mount '/Radio'
[2026-05-01  11:42:44] INFO admin/admin.c Received admin command listclients on mount '/Radio'
[2026-05-01  11:42:54] INFO admin/admin.c Received admin command listclients on mount '/Radio'
[2026-05-01  11:43:00] INFO admin/admin.c Received admin command metadata on mount '/Radio'
[2026-05-01  11:43:00] WARN admin/admin.c Client 00000145472277D0 (role=legacy-global-source, acl=legacy-global-source, username=source) uses safe method GET on /admin/metadata
[2026-05-01  11:43:00] INFO admin/admin.c Metadata on mountpoint /Radio changed to "Infraction,\x20Jinaction\x20-\x20Mad\x20At\x20Chu"
[2026-05-01  11:43:00] INFO event-stream/event_stream.c event queued
[2026-05-01  11:43:00] WARN stats/stats.c No charset found for "ISO8859-1"
[2026-05-01  11:43:00] WARN stats/stats.c No charset found for "ISO8859-1"
[2026-05-01  11:43:00] INFO event-stream/event_stream.c event queued
[2026-05-01  11:43:04] INFO admin/admin.c Received admin command listclients on mount '/Radio'
[2026-05-01  11:43:14] INFO admin/admin.c Received admin command listclients on mount '/Radio'
[2026-05-01  11:43:24] INFO admin/admin.c Received admin command listclients on mount '/Radio'
[2026-05-01  11:43:34] INFO admin/admin.c Received admin command listclients on mount '/Radio'
[2026-05-01  11:43:44] INFO admin/admin.c Received admin command listclients on mount '/Radio'
[2026-05-01  11:43:54] INFO admin/admin.c Received admin command listclients on mount '/Radio'
[2026-05-01  11:44:04] INFO admin/admin.c Received admin command listclients on mount '/Radio'
[2026-05-01  11:44:14] INFO admin/admin.c Received admin command listclients on mount '/Radio'
[2026-05-01  11:44:24] INFO admin/admin.c Received admin command listclients on mount '/Radio'
[2026-05-01  11:44:34] INFO admin/admin.c Received admin command listclients on mount '/Radio'
[2026-05-01  11:44:44] INFO admin/admin.c Received admin command listclients on mount '/Radio'
[2026-05-01  11:44:54] INFO admin/admin.c Received admin command listclients on mount '/Radio'
[2026-05-01  11:45:04] INFO admin/admin.c Received admin command listclients on mount '/Radio'
[2026-05-01  11:45:14] INFO admin/admin.c Received admin command listclients on mount '/Radio'
[2026-05-01  11:45:24] INFO admin/admin.c Received admin command listclients on mount '/Radio'
[2026-05-01  11:45:34] INFO admin/admin.c Received admin command listclients on mount '/Radio'
[2026-05-01  11:45:44] INFO admin/admin.c Received admin command listclients on mount '/Radio'
[2026-05-01  11:45:53] INFO admin/admin.c Received admin command metadata on mount '/Radio'
[2026-05-01  11:45:53] WARN admin/admin.c Client 00000145472289D0 (role=legacy-global-source, acl=legacy-global-source, username=source) uses safe method GET on /admin/metadata
[2026-05-01  11:45:53] INFO admin/admin.c Metadata on mountpoint /Radio changed to "Jacknife\x20&\x20The\x20Bloody\x20Beetroots\x20-\x20Jericho\x20(Extended\x20Mix)"
[2026-05-01  11:45:53] INFO event-stream/event_stream.c event queued
[2026-05-01  11:45:53] WARN stats/stats.c No charset found for "ISO8859-1"
[2026-05-01  11:45:53] WARN stats/stats.c No charset found for "ISO8859-1"
[2026-05-01  11:45:53] INFO event-stream/event_stream.c event queued
[2026-05-01  11:45:54] INFO admin/admin.c Received admin command listclients on mount '/Radio'
[2026-05-01  11:46:04] INFO admin/admin.c Received admin command listclients on mount '/Radio'
[2026-05-01  11:46:14] INFO admin/admin.c Received admin command listclients on mount '/Radio'
[2026-05-01  11:46:24] INFO admin/admin.c Received admin command listclients on mount '/Radio'
[2026-05-01  11:46:34] INFO admin/admin.c Received admin command listclients on mount '/Radio'
[2026-05-01  11:46:35] INFO event-stream/event_stream.c event queued
[2026-05-01  11:46:35] INFO source/source.c listener count on /Radio now 1
[2026-05-01  11:46:35] INFO event-stream/event_stream.c event queued
[2026-05-01  11:46:44] INFO admin/admin.c Received admin command listclients on mount '/Radio'
[2026-05-01  11:46:54] INFO admin/admin.c Received admin command listclients on mount '/Radio'
[2026-05-01  11:47:04] INFO admin/admin.c Received admin command listclients on mount '/Radio'
[2026-05-01  11:47:14] INFO admin/admin.c Received admin command listclients on mount '/Radio'
[2026-05-01  11:47:24] INFO admin/admin.c Received admin command listclients on mount '/Radio'
[2026-05-01  11:47:34] INFO admin/admin.c Received admin command listclients on mount '/Radio'
[2026-05-01  11:47:44] INFO admin/admin.c Received admin command listclients on mount '/Radio'
[2026-05-01  11:47:54] INFO admin/admin.c Received admin command listclients on mount '/Radio'
[2026-05-01  11:48:04] INFO admin/admin.c Received admin command listclients on mount '/Radio'
[2026-05-01  11:48:14] INFO admin/admin.c Received admin command listclients on mount '/Radio'
[2026-05-01  11:48:24] INFO admin/admin.c Received admin command listclients on mount '/Radio'
[2026-05-01  11:48:34] INFO admin/admin.c Received admin command listclients on mount '/Radio'
[2026-05-01  11:48:44] INFO admin/admin.c Received admin command listclients on mount '/Radio'
[2026-05-01  11:48:54] INFO admin/admin.c Received admin command listclients on mount '/Radio'
[2026-05-01  11:49:04] INFO admin/admin.c Received admin command listclients on mount '/Radio'
[2026-05-01  11:49:14] INFO admin/admin.c Received admin command listclients on mount '/Radio'
[2026-05-01  11:49:24] INFO admin/admin.c Received admin command listclients on mount '/Radio'
[2026-05-01  11:49:34] INFO admin/admin.c Received admin command listclients on mount '/Radio'
[2026-05-01  11:49:46] INFO admin/admin.c Received admin command listclients on mount '/Radio'
[2026-05-01  11:49:49] INFO admin/admin.c Received admin command metadata on mount '/Radio'
[2026-05-01  11:49:49] WARN admin/admin.c Client 0000014547226C90 (role=legacy-global-source, acl=legacy-global-source, username=source) uses safe method GET on /admin/metadata
[2026-05-01  11:49:49] INFO admin/admin.c Metadata on mountpoint /Radio changed to "Jump\x20System\x20-\x20Shut\x20Down"
[2026-05-01  11:49:49] INFO event-stream/event_stream.c event queued
[2026-05-01  11:49:49] WARN stats/stats.c No charset found for "ISO8859-1"
[2026-05-01  11:49:49] WARN stats/stats.c No charset found for "ISO8859-1"
[2026-05-01  11:49:49] INFO event-stream/event_stream.c event queued
[2026-05-01  11:49:56] INFO admin/admin.c Received admin command listclients on mount '/Radio'
[2026-05-01  11:50:06] INFO admin/admin.c Received admin command listclients on mount '/Radio'
[2026-05-01  11:50:16] INFO admin/admin.c Received admin command listclients on mount '/Radio'
[2026-05-01  11:50:26] INFO admin/admin.c Received admin command listclients on mount '/Radio'
[2026-05-01  11:50:36] INFO admin/admin.c Received admin command listclients on mount '/Radio'
[2026-05-01  11:50:46] INFO admin/admin.c Received admin command listclients on mount '/Radio'
[2026-05-01  11:50:56] INFO admin/admin.c Received admin command listclients on mount '/Radio'
[2026-05-01  11:51:06] INFO admin/admin.c Received admin command listclients on mount '/Radio'
[2026-05-01  11:51:16] INFO admin/admin.c Received admin command listclients on mount '/Radio'
[2026-05-01  11:51:26] INFO admin/admin.c Received admin command listclients on mount '/Radio'
[2026-05-01  11:51:35] INFO source/source.c listener count on /Radio now 0
[2026-05-01  11:51:35] INFO event-stream/event_stream.c event queued
[2026-05-01  11:51:35] INFO event-stream/event_stream.c event queued
[2026-05-01  11:51:36] INFO admin/admin.c Received admin command listclients on mount '/Radio'
[2026-05-01  11:51:46] INFO admin/admin.c Received admin command listclients on mount '/Radio'
[2026-05-01  11:51:56] INFO admin/admin.c Received admin command listclients on mount '/Radio'
[2026-05-01  11:52:06] INFO admin/admin.c Received admin command listclients on mount '/Radio'
[2026-05-01  11:52:16] INFO admin/admin.c Received admin command listclients on mount '/Radio'
[2026-05-01  11:52:26] INFO admin/admin.c Received admin command listclients on mount '/Radio'
[2026-05-01  11:52:36] INFO admin/admin.c Received admin command listclients on mount '/Radio'
[2026-05-01  11:52:46] INFO admin/admin.c Received admin command listclients on mount '/Radio'
[2026-05-01  11:52:56] INFO admin/admin.c Received admin command listclients on mount '/Radio'
[2026-05-01  11:53:06] INFO admin/admin.c Received admin command listclients on mount '/Radio'
[2026-05-01  11:53:16] INFO admin/admin.c Received admin command listclients on mount '/Radio'
[2026-05-01  11:53:26] INFO admin/admin.c Received admin command listclients on mount '/Radio'
[2026-05-01  11:53:36] INFO admin/admin.c Received admin command listclients on mount '/Radio'
[2026-05-01  11:53:46] INFO admin/admin.c Received admin command listclients on mount '/Radio'
[2026-05-01  11:53:56] INFO admin/admin.c Received admin command listclients on mount '/Radio'
[2026-05-01  11:54:06] INFO admin/admin.c Received admin command listclients on mount '/Radio'
[2026-05-01  11:54:08] INFO admin/admin.c Received admin command metadata on mount '/Radio'
[2026-05-01  11:54:08] WARN admin/admin.c Client 0000014547226FF0 (role=legacy-global-source, acl=legacy-global-source, username=source) uses safe method GET on /admin/metadata
[2026-05-01  11:54:08] INFO admin/admin.c Metadata on mountpoint /Radio changed to "KLOUD\x20-\x20ERROR\x20www.4clubbers.pl\x20[by\x20TwilighT]"
[2026-05-01  11:54:08] INFO event-stream/event_stream.c event queued
[2026-05-01  11:54:08] WARN stats/stats.c No charset found for "ISO8859-1"
[2026-05-01  11:54:08] WARN stats/stats.c No charset found for "ISO8859-1"
[2026-05-01  11:54:08] INFO event-stream/event_stream.c event queued
[2026-05-01  11:54:16] INFO admin/admin.c Received admin command listclients on mount '/Radio'
[2026-05-01  11:54:26] INFO admin/admin.c Received admin command listclients on mount '/Radio'
[2026-05-01  11:54:36] INFO admin/admin.c Received admin command listclients on mount '/Radio'
[2026-05-01  11:54:46] INFO admin/admin.c Received admin command listclients on mount '/Radio'
[2026-05-01  11:54:56] INFO admin/admin.c Received admin command listclients on mount '/Radio'
[2026-05-01  11:55:06] INFO admin/admin.c Received admin command listclients on mount '/Radio'
[2026-05-01  11:55:16] INFO admin/admin.c Received admin command listclients on mount '/Radio'
[2026-05-01  11:55:26] INFO admin/admin.c Received admin command listclients on mount '/Radio'
[2026-05-01  11:55:36] INFO admin/admin.c Received admin command listclients on mount '/Radio'
[2026-05-01  11:55:46] INFO admin/admin.c Received admin command listclients on mount '/Radio'
[2026-05-01  11:55:56] INFO admin/admin.c Received admin command listclients on mount '/Radio'
[2026-05-01  11:56:06] INFO admin/admin.c Received admin command listclients on mount '/Radio'
[2026-05-01  11:56:16] INFO admin/admin.c Received admin command listclients on mount '/Radio'
[2026-05-01  11:56:26] INFO admin/admin.c Received admin command listclients on mount '/Radio'
[2026-05-01  11:56:36] INFO admin/admin.c Received admin command listclients on mount '/Radio'
[2026-05-01  11:56:46] INFO admin/admin.c Received admin command listclients on mount '/Radio'
[2026-05-01  11:56:56] INFO admin/admin.c Received admin command listclients on mount '/Radio'
[2026-05-01  11:57:06] INFO admin/admin.c Received admin command listclients on mount '/Radio'
[2026-05-01  11:57:16] INFO admin/admin.c Received admin command listclients on mount '/Radio'
[2026-05-01  11:57:26] INFO admin/admin.c Received admin command listclients on mount '/Radio'
[2026-05-01  11:57:36] INFO admin/admin.c Received admin command listclients on mount '/Radio'
[2026-05-01  11:57:46] INFO admin/admin.c Received admin command listclients on mount '/Radio'
[2026-05-01  11:57:56] INFO admin/admin.c Received admin command listclients on mount '/Radio'
[2026-05-01  11:58:05] INFO admin/admin.c Received admin command metadata on mount '/Radio'
[2026-05-01  11:58:05] WARN admin/admin.c Client 0000014547226C90 (role=legacy-global-source, acl=legacy-global-source, username=source) uses safe method GET on /admin/metadata
[2026-05-01  11:58:05] INFO admin/admin.c Metadata on mountpoint /Radio changed to "Krafty\x20Kuts,\x20Dubra\x20-\x20Step\x20to\x20This"
[2026-05-01  11:58:05] INFO event-stream/event_stream.c event queued
[2026-05-01  11:58:05] WARN stats/stats.c No charset found for "ISO8859-1"
[2026-05-01  11:58:05] WARN stats/stats.c No charset found for "ISO8859-1"
[2026-05-01  11:58:05] INFO event-stream/event_stream.c event queued
[2026-05-01  11:58:06] INFO admin/admin.c Received admin command listclients on mount '/Radio'
[2026-05-01  11:58:16] INFO admin/admin.c Received admin command listclients on mount '/Radio'
[2026-05-01  11:58:26] INFO admin/admin.c Received admin command listclients on mount '/Radio'
[2026-05-01  11:58:36] INFO admin/admin.c Received admin command listclients on mount '/Radio'
[2026-05-01  11:58:46] INFO admin/admin.c Received admin command listclients on mount '/Radio'
[2026-05-01  11:58:56] INFO admin/admin.c Received admin command listclients on mount '/Radio'
[2026-05-01  11:59:06] INFO admin/admin.c Received admin command listclients on mount '/Radio'
[2026-05-01  11:59:16] INFO admin/admin.c Received admin command listclients on mount '/Radio'
[2026-05-01  11:59:26] INFO admin/admin.c Received admin command listclients on mount '/Radio'
[2026-05-01  11:59:36] INFO admin/admin.c Received admin command listclients on mount '/Radio'
[2026-05-01  11:59:46] INFO admin/admin.c Received admin command listclients on mount '/Radio'
[2026-05-01  11:59:56] INFO admin/admin.c Received admin command listclients on mount '/Radio'
[2026-05-01  12:00:06] INFO admin/admin.c Received admin command listclients on mount '/Radio'
[2026-05-01  12:00:16] INFO admin/admin.c Received admin command listclients on mount '/Radio'
[2026-05-01  12:00:26] INFO admin/admin.c Received admin command listclients on mount '/Radio'
[2026-05-01  12:00:36] INFO admin/admin.c Received admin command listclients on mount '/Radio'
[2026-05-01  12:00:46] INFO admin/admin.c Received admin command listclients on mount '/Radio'
[2026-05-01  12:00:56] INFO admin/admin.c Received admin command listclients on mount '/Radio'
[2026-05-01  12:01:06] INFO admin/admin.c Received admin command listclients on mount '/Radio'
[2026-05-01  12:01:16] INFO admin/admin.c Received admin command listclients on mount '/Radio'
[2026-05-01  12:01:26] INFO admin/admin.c Received admin command listclients on mount '/Radio'
[2026-05-01  12:01:36] INFO admin/admin.c Received admin command listclients on mount '/Radio'
[2026-05-01  12:01:46] INFO admin/admin.c Received admin command listclients on mount '/Radio'
[2026-05-01  12:01:48] INFO admin/admin.c Received admin command metadata on mount '/Radio'
[2026-05-01  12:01:48] WARN admin/admin.c Client 00000145472289D0 (role=legacy-global-source, acl=legacy-global-source, username=source) uses safe method GET on /admin/metadata
[2026-05-01  12:01:48] INFO admin/admin.c Metadata on mountpoint /Radio changed to "Lakros\x20-\x20Quadra\x20(Extended\x20Mix)\x20[by\x20DragoN_Sky]"
[2026-05-01  12:01:48] INFO event-stream/event_stream.c event queued
[2026-05-01  12:01:48] WARN stats/stats.c No charset found for "ISO8859-1"
[2026-05-01  12:01:48] WARN stats/stats.c No charset found for "ISO8859-1"
[2026-05-01  12:01:48] INFO event-stream/event_stream.c event queued
[2026-05-01  12:01:56] INFO admin/admin.c Received admin command listclients on mount '/Radio'
[2026-05-01  12:02:06] INFO admin/admin.c Received admin command listclients on mount '/Radio'
[2026-05-01  12:02:16] INFO admin/admin.c Received admin command listclients on mount '/Radio'
[2026-05-01  12:02:26] INFO admin/admin.c Received admin command listclients on mount '/Radio'
[2026-05-01  12:02:36] INFO admin/admin.c Received admin command listclients on mount '/Radio'
[2026-05-01  12:02:46] INFO admin/admin.c Received admin command listclients on mount '/Radio'
[2026-05-01  12:02:56] INFO admin/admin.c Received admin command listclients on mount '/Radio'
[2026-05-01  12:03:06] INFO admin/admin.c Received admin command listclients on mount '/Radio'
[2026-05-01  12:03:16] INFO admin/admin.c Received admin command listclients on mount '/Radio'
[2026-05-01  12:03:26] INFO admin/admin.c Received admin command listclients on mount '/Radio'
[2026-05-01  12:03:36] INFO admin/admin.c Received admin command listclients on mount '/Radio'
[2026-05-01  12:03:46] INFO admin/admin.c Received admin command listclients on mount '/Radio'
[2026-05-01  12:03:56] INFO admin/admin.c Received admin command listclients on mount '/Radio'
[2026-05-01  12:04:06] INFO admin/admin.c Received admin command listclients on mount '/Radio'
[2026-05-01  12:04:16] INFO admin/admin.c Received admin command listclients on mount '/Radio'
[2026-05-01  12:04:26] INFO admin/admin.c Received admin command listclients on mount '/Radio'
[2026-05-01  12:04:36] INFO admin/admin.c Received admin command listclients on mount '/Radio'
[2026-05-01  12:04:46] INFO admin/admin.c Received admin command listclients on mount '/Radio'
[2026-05-01  12:04:56] INFO admin/admin.c Received admin command listclients on mount '/Radio'
[2026-05-01  12:05:06] INFO admin/admin.c Received admin command listclients on mount '/Radio'
[2026-05-01  12:05:09] INFO admin/admin.c Received admin command metadata on mount '/Radio'
[2026-05-01  12:05:09] WARN admin/admin.c Client 0000014547228670 (role=legacy-global-source, acl=legacy-global-source, username=source) uses safe method GET on /admin/metadata
[2026-05-01  12:05:09] INFO admin/admin.c Metadata on mountpoint /Radio changed to "Lemaitre\x20-\x20Stepping\x20Stone\x20(feat.\x20Mark\x20Johns)"
[2026-05-01  12:05:09] INFO event-stream/event_stream.c event queued
[2026-05-01  12:05:09] WARN stats/stats.c No charset found for "ISO8859-1"
[2026-05-01  12:05:09] WARN stats/stats.c No charset found for "ISO8859-1"
[2026-05-01  12:05:09] INFO event-stream/event_stream.c event queued
[2026-05-01  12:05:16] INFO admin/admin.c Received admin command listclients on mount '/Radio'
[2026-05-01  12:05:26] INFO admin/admin.c Received admin command listclients on mount '/Radio'
[2026-05-01  12:05:36] INFO admin/admin.c Received admin command listclients on mount '/Radio'
[2026-05-01  12:05:46] INFO admin/admin.c Received admin command listclients on mount '/Radio'
[2026-05-01  12:05:56] INFO admin/admin.c Received admin command listclients on mount '/Radio'
[2026-05-01  12:06:06] INFO admin/admin.c Received admin command listclients on mount '/Radio'
[2026-05-01  12:06:16] INFO admin/admin.c Received admin command listclients on mount '/Radio'
[2026-05-01  12:06:26] INFO admin/admin.c Received admin command listclients on mount '/Radio'
[2026-05-01  12:06:36] INFO admin/admin.c Received admin command listclients on mount '/Radio'
[2026-05-01  12:06:46] INFO admin/admin.c Received admin command listclients on mount '/Radio'
[2026-05-01  12:06:56] INFO admin/admin.c Received admin command listclients on mount '/Radio'
[2026-05-01  12:07:06] INFO admin/admin.c Received admin command listclients on mount '/Radio'
[2026-05-01  12:07:16] INFO admin/admin.c Received admin command listclients on mount '/Radio'
[2026-05-01  12:07:26] INFO admin/admin.c Received admin command listclients on mount '/Radio'
[2026-05-01  12:07:36] INFO admin/admin.c Received admin command listclients on mount '/Radio'
[2026-05-01  12:07:46] INFO admin/admin.c Received admin command listclients on mount '/Radio'
[2026-05-01  12:07:56] INFO admin/admin.c Received admin command listclients on mount '/Radio'
[2026-05-01  12:08:06] INFO admin/admin.c Received admin command listclients on mount '/Radio'
[2026-05-01  12:08:16] INFO admin/admin.c Received admin command listclients on mount '/Radio'
[2026-05-01  12:08:26] INFO admin/admin.c Received admin command listclients on mount '/Radio'
[2026-05-01  12:08:36] INFO admin/admin.c Received admin command listclients on mount '/Radio'
[2026-05-01  12:08:46] INFO admin/admin.c Received admin command listclients on mount '/Radio'
[2026-05-01  12:08:56] INFO admin/admin.c Received admin command listclients on mount '/Radio'
[2026-05-01  12:09:06] INFO admin/admin.c Received admin command listclients on mount '/Radio'
[2026-05-01  12:09:16] INFO admin/admin.c Received admin command listclients on mount '/Radio'
[2026-05-01  12:09:19] INFO admin/admin.c Received admin command metadata on mount '/Radio'
[2026-05-01  12:09:19] WARN admin/admin.c Client 0000014547227A10 (role=legacy-global-source, acl=legacy-global-source, username=source) uses safe method GET on /admin/metadata
[2026-05-01  12:09:19] INFO admin/admin.c Metadata on mountpoint /Radio changed to "Lucille\x20Croft\x20&\x20BRVMES,\x20TINYKVT\x20-\x20Misery\x20(Original\x20Mix)\x20[by\x20DragoN_Sky]"
[2026-05-01  12:09:20] INFO event-stream/event_stream.c event queued
[2026-05-01  12:09:20] WARN stats/stats.c No charset found for "ISO8859-1"
[2026-05-01  12:09:20] WARN stats/stats.c No charset found for "ISO8859-1"
[2026-05-01  12:09:20] INFO event-stream/event_stream.c event queued
[2026-05-01  12:09:26] INFO admin/admin.c Received admin command listclients on mount '/Radio'
[2026-05-01  12:09:36] INFO admin/admin.c Received admin command listclients on mount '/Radio'
[2026-05-01  12:09:46] INFO admin/admin.c Received admin command listclients on mount '/Radio'
[2026-05-01  12:09:56] INFO admin/admin.c Received admin command listclients on mount '/Radio'
[2026-05-01  12:10:06] INFO admin/admin.c Received admin command listclients on mount '/Radio'
[2026-05-01  12:10:16] INFO admin/admin.c Received admin command listclients on mount '/Radio'
[2026-05-01  12:10:26] INFO admin/admin.c Received admin command listclients on mount '/Radio'
[2026-05-01  12:10:36] INFO admin/admin.c Received admin command listclients on mount '/Radio'
[2026-05-01  12:10:44] EROR connection/connection.c HTTP request parsing failed (client=0000014547228670)
[2026-05-01  12:10:46] INFO admin/admin.c Received admin command listclients on mount '/Radio'
[2026-05-01  12:10:50] INFO fserve/fserve.c checking for file /nice\x20ports,/Trinity.txt.bak (./web/nice\x20ports,/Trinity.txt.bak)
[2026-05-01  12:10:50] WARN fserve/fserve.c req for file "./web/nice\x20ports,/Trinity.txt.bak" No such file or directory
[2026-05-01  12:10:50] EROR util/util.c Input string does not parse as KVA. Selecting first option.
[2026-05-01  12:10:56] INFO admin/admin.c Received admin command listclients on mount '/Radio'
[2026-05-01  12:11:06] INFO admin/admin.c Received admin command listclients on mount '/Radio'
[2026-05-01  12:11:16] INFO admin/admin.c Received admin command listclients on mount '/Radio'
[2026-05-01  12:11:26] INFO admin/admin.c Received admin command listclients on mount '/Radio'
[2026-05-01  12:11:36] INFO admin/admin.c Received admin command listclients on mount '/Radio'
[2026-05-01  12:11:46] INFO admin/admin.c Received admin command listclients on mount '/Radio'
[2026-05-01  12:11:56] INFO admin/admin.c Received admin command listclients on mount '/Radio'
[2026-05-01  12:12:06] INFO admin/admin.c Received admin command listclients on mount '/Radio'
[2026-05-01  12:12:16] INFO admin/admin.c Received admin command listclients on mount '/Radio'
[2026-05-01  12:12:26] INFO admin/admin.c Received admin command listclients on mount '/Radio'
[2026-05-01  12:12:36] INFO admin/admin.c Received admin command listclients on mount '/Radio'
[2026-05-01  12:12:41] INFO admin/admin.c Received admin command metadata on mount '/Radio'
[2026-05-01  12:12:41] WARN admin/admin.c Client 0000014547228670 (role=legacy-global-source, acl=legacy-global-source, username=source) uses safe method GET on /admin/metadata
[2026-05-01  12:12:41] INFO admin/admin.c Metadata on mountpoint /Radio changed to "LUNDN\x20-\x20Machine"
[2026-05-01  12:12:41] INFO event-stream/event_stream.c event queued
[2026-05-01  12:12:41] WARN stats/stats.c No charset found for "ISO8859-1"
[2026-05-01  12:12:41] WARN stats/stats.c No charset found for "ISO8859-1"
[2026-05-01  12:12:41] INFO event-stream/event_stream.c event queued
[2026-05-01  12:12:46] INFO admin/admin.c Received admin command listclients on mount '/Radio'
[2026-05-01  12:12:56] INFO admin/admin.c Received admin command listclients on mount '/Radio'
[2026-05-01  12:13:06] INFO admin/admin.c Received admin command listclients on mount '/Radio'
[2026-05-01  12:13:16] INFO admin/admin.c Received admin command listclients on mount '/Radio'
[2026-05-01  12:13:26] INFO admin/admin.c Received admin command listclients on mount '/Radio'
[2026-05-01  12:13:36] INFO admin/admin.c Received admin command listclients on mount '/Radio'
[2026-05-01  12:13:46] INFO admin/admin.c Received admin command listclients on mount '/Radio'
[2026-05-01  12:13:56] INFO admin/admin.c Received admin command listclients on mount '/Radio'
[2026-05-01  12:14:06] INFO admin/admin.c Received admin command listclients on mount '/Radio'
[2026-05-01  12:14:16] INFO admin/admin.c Received admin command listclients on mount '/Radio'
[2026-05-01  12:14:26] INFO admin/admin.c Received admin command listclients on mount '/Radio'
[2026-05-01  12:14:36] INFO admin/admin.c Received admin command listclients on mount '/Radio'
[2026-05-01  12:14:46] INFO admin/admin.c Received admin command listclients on mount '/Radio'
[2026-05-01  12:14:56] INFO admin/admin.c Received admin command listclients on mount '/Radio'
[2026-05-01  12:15:06] INFO admin/admin.c Received admin command listclients on mount '/Radio'
[2026-05-01  12:15:16] INFO admin/admin.c Received admin command listclients on mount '/Radio'
[2026-05-01  12:15:26] INFO admin/admin.c Received admin command listclients on mount '/Radio'
[2026-05-01  12:15:36] INFO admin/admin.c Received admin command listclients on mount '/Radio'
[2026-05-01  12:15:46] INFO admin/admin.c Received admin command listclients on mount '/Radio'
[2026-05-01  12:15:56] INFO admin/admin.c Received admin command listclients on mount '/Radio'
[2026-05-01  12:15:59] INFO admin/admin.c Received admin command metadata on mount '/Radio'
[2026-05-01  12:15:59] WARN admin/admin.c Client 0000014547227B30 (role=legacy-global-source, acl=legacy-global-source, username=source) uses safe method GET on /admin/metadata
[2026-05-01  12:15:59] INFO admin/admin.c Metadata on mountpoint /Radio changed to "Made\x20By\x20Tsuki\x20&\x20HUZU\x20-\x20Bloodsport"
[2026-05-01  12:15:59] INFO event-stream/event_stream.c event queued
[2026-05-01  12:15:59] WARN stats/stats.c No charset found for "ISO8859-1"
[2026-05-01  12:15:59] WARN stats/stats.c No charset found for "ISO8859-1"
[2026-05-01  12:15:59] INFO event-stream/event_stream.c event queued
[2026-05-01  12:16:06] INFO admin/admin.c Received admin command listclients on mount '/Radio'
[2026-05-01  12:16:16] INFO admin/admin.c Received admin command listclients on mount '/Radio'
[2026-05-01  12:16:26] INFO admin/admin.c Received admin command listclients on mount '/Radio'
[2026-05-01  12:16:36] INFO admin/admin.c Received admin command listclients on mount '/Radio'
[2026-05-01  12:16:46] INFO admin/admin.c Received admin command listclients on mount '/Radio'
[2026-05-01  12:16:56] INFO admin/admin.c Received admin command listclients on mount '/Radio'
[2026-05-01  12:17:06] INFO admin/admin.c Received admin command listclients on mount '/Radio'
[2026-05-01  12:17:16] INFO admin/admin.c Received admin command listclients on mount '/Radio'
[2026-05-01  12:17:26] INFO admin/admin.c Received admin command listclients on mount '/Radio'
[2026-05-01  12:17:36] INFO admin/admin.c Received admin command listclients on mount '/Radio'
[2026-05-01  12:17:46] INFO admin/admin.c Received admin command listclients on mount '/Radio'
[2026-05-01  12:17:56] INFO admin/admin.c Received admin command listclients on mount '/Radio'
[2026-05-01  12:18:06] INFO admin/admin.c Received admin command listclients on mount '/Radio'
[2026-05-01  12:18:16] INFO admin/admin.c Received admin command listclients on mount '/Radio'
[2026-05-01  12:18:26] INFO admin/admin.c Received admin command listclients on mount '/Radio'
[2026-05-01  12:18:36] INFO fserve/fserve.c checking for file /favicon.ico (./web/favicon.ico)
[2026-05-01  12:18:36] INFO admin/admin.c Received admin command listclients on mount '/Radio'
[2026-05-01  12:18:46] INFO admin/admin.c Received admin command listclients on mount '/Radio'
[2026-05-01  12:18:56] INFO admin/admin.c Received admin command listclients on mount '/Radio'
[2026-05-01  12:18:58] INFO admin/admin.c Received admin command metadata on mount '/Radio'
[2026-05-01  12:18:58] WARN admin/admin.c Client 0000014547227B30 (role=legacy-global-source, acl=legacy-global-source, username=source) uses safe method GET on /admin/metadata
[2026-05-01  12:18:58] INFO admin/admin.c Metadata on mountpoint /Radio changed to "Misanthropix\x20-\x20Wirehead\x20(Original\x20Mix)\x20[by\x20DragoN_Sky]"
[2026-05-01  12:18:58] INFO event-stream/event_stream.c event queued
[2026-05-01  12:18:58] WARN stats/stats.c No charset found for "ISO8859-1"
[2026-05-01  12:18:58] WARN stats/stats.c No charset found for "ISO8859-1"
[2026-05-01  12:18:58] INFO event-stream/event_stream.c event queued
[2026-05-01  12:19:06] INFO admin/admin.c Received admin command listclients on mount '/Radio'
[2026-05-01  12:19:16] INFO admin/admin.c Received admin command listclients on mount '/Radio'
[2026-05-01  12:19:26] INFO admin/admin.c Received admin command listclients on mount '/Radio'
[2026-05-01  12:19:36] INFO admin/admin.c Received admin command listclients on mount '/Radio'
[2026-05-01  12:19:46] INFO admin/admin.c Received admin command listclients on mount '/Radio'
[2026-05-01  12:19:56] INFO admin/admin.c Received admin command listclients on mount '/Radio'
[2026-05-01  12:20:06] INFO admin/admin.c Received admin command listclients on mount '/Radio'
[2026-05-01  12:20:16] INFO admin/admin.c Received admin command listclients on mount '/Radio'
[2026-05-01  12:20:26] INFO admin/admin.c Received admin command listclients on mount '/Radio'
[2026-05-01  12:20:36] INFO admin/admin.c Received admin command listclients on mount '/Radio'
[2026-05-01  12:20:46] INFO admin/admin.c Received admin command listclients on mount '/Radio'
[2026-05-01  12:20:56] INFO admin/admin.c Received admin command listclients on mount '/Radio'
[2026-05-01  12:21:06] INFO admin/admin.c Received admin command listclients on mount '/Radio'
[2026-05-01  12:21:16] INFO admin/admin.c Received admin command listclients on mount '/Radio'
[2026-05-01  12:21:26] INFO admin/admin.c Received admin command listclients on mount '/Radio'
[2026-05-01  12:21:36] INFO admin/admin.c Received admin command listclients on mount '/Radio'
[2026-05-01  12:21:46] INFO admin/admin.c Received admin command listclients on mount '/Radio'
[2026-05-01  12:21:56] INFO admin/admin.c Received admin command listclients on mount '/Radio'
[2026-05-01  12:22:06] INFO admin/admin.c Received admin command listclients on mount '/Radio'
[2026-05-01  12:22:16] INFO admin/admin.c Received admin command listclients on mount '/Radio'
[2026-05-01  12:22:26] INFO admin/admin.c Received admin command listclients on mount '/Radio'
[2026-05-01  12:22:36] INFO admin/admin.c Received admin command listclients on mount '/Radio'
[2026-05-01  12:22:46] INFO admin/admin.c Received admin command listclients on mount '/Radio'
[2026-05-01  12:22:56] INFO admin/admin.c Received admin command listclients on mount '/Radio'
[2026-05-01  12:23:06] INFO admin/admin.c Received admin command listclients on mount '/Radio'
[2026-05-01  12:23:16] INFO admin/admin.c Received admin command listclients on mount '/Radio'
[2026-05-01  12:23:26] INFO admin/admin.c Received admin command listclients on mount '/Radio'
[2026-05-01  12:23:36] INFO admin/admin.c Received admin command listclients on mount '/Radio'
[2026-05-01  12:23:46] INFO admin/admin.c Received admin command listclients on mount '/Radio'
[2026-05-01  12:23:47] INFO admin/admin.c Received admin command metadata on mount '/Radio'
[2026-05-01  12:23:47] WARN admin/admin.c Client 0000014547227B30 (role=legacy-global-source, acl=legacy-global-source, username=source) uses safe method GET on /admin/metadata
[2026-05-01  12:23:47] INFO admin/admin.c Metadata on mountpoint /Radio changed to "Mom\x20N\x20Dad\x20&\x20ESPER\x20-\x20RIP\x20(Original\x20Mix)"
[2026-05-01  12:23:47] INFO event-stream/event_stream.c event queued
[2026-05-01  12:23:47] WARN stats/stats.c No charset found for "ISO8859-1"
[2026-05-01  12:23:47] WARN stats/stats.c No charset found for "ISO8859-1"
[2026-05-01  12:23:47] INFO event-stream/event_stream.c event queued
[2026-05-01  12:23:56] INFO admin/admin.c Received admin command listclients on mount '/Radio'
[2026-05-01  12:24:06] INFO admin/admin.c Received admin command listclients on mount '/Radio'
[2026-05-01  12:24:16] INFO admin/admin.c Received admin command listclients on mount '/Radio'
[2026-05-01  12:24:26] INFO admin/admin.c Received admin command listclients on mount '/Radio'
[2026-05-01  12:24:36] INFO admin/admin.c Received admin command listclients on mount '/Radio'
[2026-05-01  12:24:46] INFO admin/admin.c Received admin command listclients on mount '/Radio'
[2026-05-01  12:24:56] INFO admin/admin.c Received admin command listclients on mount '/Radio'
[2026-05-01  12:25:06] INFO admin/admin.c Received admin command listclients on mount '/Radio'
[2026-05-01  12:25:16] INFO admin/admin.c Received admin command listclients on mount '/Radio'
[2026-05-01  12:25:26] INFO admin/admin.c Received admin command listclients on mount '/Radio'
[2026-05-01  12:25:36] INFO admin/admin.c Received admin command listclients on mount '/Radio'
[2026-05-01  12:25:46] INFO admin/admin.c Received admin command listclients on mount '/Radio'
[2026-05-01  12:25:56] INFO admin/admin.c Received admin command listclients on mount '/Radio'
[2026-05-01  12:26:06] INFO admin/admin.c Received admin command listclients on mount '/Radio'
[2026-05-01  12:26:16] INFO admin/admin.c Received admin command listclients on mount '/Radio'
[2026-05-01  12:26:26] INFO admin/admin.c Received admin command listclients on mount '/Radio'
[2026-05-01  12:26:36] INFO admin/admin.c Received admin command listclients on mount '/Radio'
[2026-05-01  12:26:46] INFO admin/admin.c Received admin command listclients on mount '/Radio'
[2026-05-01  12:26:50] INFO admin/admin.c Received admin command metadata on mount '/Radio'
[2026-05-01  12:26:50] WARN admin/admin.c Client 00000145471FF390 (role=legacy-global-source, acl=legacy-global-source, username=source) uses safe method GET on /admin/metadata
[2026-05-01  12:26:50] INFO admin/admin.c Metadata on mountpoint /Radio changed to "MUZZ\x20-\x20Horsepower\x20(F.O.O.L\x20&\x20Tokyo\x20Rose\x20Remix)"
[2026-05-01  12:26:50] INFO event-stream/event_stream.c event queued
[2026-05-01  12:26:50] WARN stats/stats.c No charset found for "ISO8859-1"
[2026-05-01  12:26:50] WARN stats/stats.c No charset found for "ISO8859-1"
[2026-05-01  12:26:50] INFO event-stream/event_stream.c event queued
[2026-05-01  12:26:56] INFO admin/admin.c Received admin command listclients on mount '/Radio'
[2026-05-01  12:27:06] INFO admin/admin.c Received admin command listclients on mount '/Radio'
[2026-05-01  12:27:16] INFO admin/admin.c Received admin command listclients on mount '/Radio'
[2026-05-01  12:27:26] INFO admin/admin.c Received admin command listclients on mount '/Radio'
[2026-05-01  12:27:37] INFO admin/admin.c Received admin command listclients on mount '/Radio'
[2026-05-01  12:27:47] INFO admin/admin.c Received admin command listclients on mount '/Radio'
[2026-05-01  12:27:57] INFO admin/admin.c Received admin command listclients on mount '/Radio'
[2026-05-01  12:28:07] INFO admin/admin.c Received admin command listclients on mount '/Radio'
[2026-05-01  12:28:17] INFO admin/admin.c Received admin command listclients on mount '/Radio'
[2026-05-01  12:28:27] INFO admin/admin.c Received admin command listclients on mount '/Radio'
[2026-05-01  12:28:37] INFO admin/admin.c Received admin command listclients on mount '/Radio'
[2026-05-01  12:28:47] INFO admin/admin.c Received admin command listclients on mount '/Radio'
[2026-05-01  12:28:57] INFO admin/admin.c Received admin command listclients on mount '/Radio'
[2026-05-01  12:29:07] INFO admin/admin.c Received admin command listclients on mount '/Radio'
[2026-05-01  12:29:17] INFO admin/admin.c Received admin command listclients on mount '/Radio'
[2026-05-01  12:29:27] INFO admin/admin.c Received admin command listclients on mount '/Radio'
[2026-05-01  12:29:37] INFO admin/admin.c Received admin command listclients on mount '/Radio'
[2026-05-01  12:29:47] INFO admin/admin.c Received admin command listclients on mount '/Radio'
[2026-05-01  12:29:57] INFO admin/admin.c Received admin command listclients on mount '/Radio'
[2026-05-01  12:30:01] INFO admin/admin.c Received admin command metadata on mount '/Radio'
[2026-05-01  12:30:01] WARN admin/admin.c Client 00000145471FEBB0 (role=legacy-global-source, acl=legacy-global-source, username=source) uses safe method GET on /admin/metadata
[2026-05-01  12:30:01] INFO admin/admin.c Metadata on mountpoint /Radio changed to "Muzz\x20-\x20Start\x20Again\x20(Original\x20Mix)"
[2026-05-01  12:30:01] INFO event-stream/event_stream.c event queued
[2026-05-01  12:30:01] WARN stats/stats.c No charset found for "ISO8859-1"
[2026-05-01  12:30:01] WARN stats/stats.c No charset found for "ISO8859-1"
[2026-05-01  12:30:01] INFO event-stream/event_stream.c event queued
[2026-05-01  12:30:07] INFO admin/admin.c Received admin command listclients on mount '/Radio'
[2026-05-01  12:30:17] INFO admin/admin.c Received admin command listclients on mount '/Radio'
[2026-05-01  12:30:27] INFO admin/admin.c Received admin command listclients on mount '/Radio'
[2026-05-01  12:30:37] INFO admin/admin.c Received admin command listclients on mount '/Radio'
[2026-05-01  12:30:47] INFO admin/admin.c Received admin command listclients on mount '/Radio'
[2026-05-01  12:30:57] INFO admin/admin.c Received admin command listclients on mount '/Radio'
[2026-05-01  12:31:07] INFO admin/admin.c Received admin command listclients on mount '/Radio'
[2026-05-01  12:31:17] INFO admin/admin.c Received admin command listclients on mount '/Radio'
[2026-05-01  12:31:27] INFO admin/admin.c Received admin command listclients on mount '/Radio'
[2026-05-01  12:31:37] INFO admin/admin.c Received admin command listclients on mount '/Radio'
[2026-05-01  12:31:47] INFO admin/admin.c Received admin command listclients on mount '/Radio'
[2026-05-01  12:31:57] INFO admin/admin.c Received admin command listclients on mount '/Radio'
[2026-05-01  12:32:07] INFO admin/admin.c Received admin command listclients on mount '/Radio'
[2026-05-01  12:32:17] INFO admin/admin.c Received admin command listclients on mount '/Radio'
[2026-05-01  12:32:27] INFO admin/admin.c Received admin command listclients on mount '/Radio'
[2026-05-01  12:32:37] INFO admin/admin.c Received admin command listclients on mount '/Radio'
[2026-05-01  12:32:47] INFO admin/admin.c Received admin command listclients on mount '/Radio'
[2026-05-01  12:32:57] INFO admin/admin.c Received admin command listclients on mount '/Radio'
[2026-05-01  12:33:07] INFO admin/admin.c Received admin command listclients on mount '/Radio'
[2026-05-01  12:33:17] INFO admin/admin.c Received admin command listclients on mount '/Radio'
[2026-05-01  12:33:27] INFO admin/admin.c Received admin command listclients on mount '/Radio'
[2026-05-01  12:33:37] INFO admin/admin.c Received admin command listclients on mount '/Radio'
[2026-05-01  12:33:47] INFO admin/admin.c Received admin command listclients on mount '/Radio'
[2026-05-01  12:33:57] INFO admin/admin.c Received admin command listclients on mount '/Radio'
[2026-05-01  12:34:07] INFO admin/admin.c Received admin command listclients on mount '/Radio'
[2026-05-01  12:34:07] INFO admin/admin.c Received admin command metadata on mount '/Radio'
[2026-05-01  12:34:07] WARN admin/admin.c Client 00000145471FE730 (role=legacy-global-source, acl=legacy-global-source, username=source) uses safe method GET on /admin/metadata
[2026-05-01  12:34:07] INFO admin/admin.c Metadata on mountpoint /Radio changed to "Nightfall\x20Heroes\x20-\x20Voltage"
[2026-05-01  12:34:07] INFO event-stream/event_stream.c event queued
[2026-05-01  12:34:07] WARN stats/stats.c No charset found for "ISO8859-1"
[2026-05-01  12:34:07] WARN stats/stats.c No charset found for "ISO8859-1"
[2026-05-01  12:34:07] INFO event-stream/event_stream.c event queued
[2026-05-01  12:34:17] INFO admin/admin.c Received admin command listclients on mount '/Radio'
[2026-05-01  12:34:27] INFO admin/admin.c Received admin command listclients on mount '/Radio'
[2026-05-01  12:34:37] INFO admin/admin.c Received admin command listclients on mount '/Radio'
[2026-05-01  12:34:47] INFO admin/admin.c Received admin command listclients on mount '/Radio'
[2026-05-01  12:34:57] INFO admin/admin.c Received admin command listclients on mount '/Radio'
[2026-05-01  12:35:07] INFO admin/admin.c Received admin command listclients on mount '/Radio'
[2026-05-01  12:35:17] INFO admin/admin.c Received admin command listclients on mount '/Radio'
[2026-05-01  12:35:27] INFO admin/admin.c Received admin command listclients on mount '/Radio'
[2026-05-01  12:35:37] INFO admin/admin.c Received admin command listclients on mount '/Radio'
[2026-05-01  12:35:47] INFO admin/admin.c Received admin command listclients on mount '/Radio'
[2026-05-01  12:35:57] INFO admin/admin.c Received admin command listclients on mount '/Radio'
[2026-05-01  12:36:07] INFO admin/admin.c Received admin command listclients on mount '/Radio'
[2026-05-01  12:36:17] INFO admin/admin.c Received admin command listclients on mount '/Radio'
[2026-05-01  12:36:27] INFO admin/admin.c Received admin command listclients on mount '/Radio'
[2026-05-01  12:36:37] INFO admin/admin.c Received admin command listclients on mount '/Radio'
[2026-05-01  12:36:47] INFO admin/admin.c Received admin command listclients on mount '/Radio'
[2026-05-01  12:36:57] INFO admin/admin.c Received admin command listclients on mount '/Radio'
[2026-05-01  12:37:05] INFO admin/admin.c Received admin command metadata on mount '/Radio'
[2026-05-01  12:37:05] WARN admin/admin.c Client 00000145471FEF10 (role=legacy-global-source, acl=legacy-global-source, username=source) uses safe method GET on /admin/metadata
[2026-05-01  12:37:05] INFO admin/admin.c Metadata on mountpoint /Radio changed to "Ninjula\x20-\x20Spanish\x20Princess\x20(2020)"
[2026-05-01  12:37:05] INFO event-stream/event_stream.c event queued
[2026-05-01  12:37:05] WARN stats/stats.c No charset found for "ISO8859-1"
[2026-05-01  12:37:05] WARN stats/stats.c No charset found for "ISO8859-1"
[2026-05-01  12:37:05] INFO event-stream/event_stream.c event queued
[2026-05-01  12:37:07] INFO admin/admin.c Received admin command listclients on mount '/Radio'
[2026-05-01  12:37:17] INFO admin/admin.c Received admin command listclients on mount '/Radio'
[2026-05-01  12:37:27] INFO admin/admin.c Received admin command listclients on mount '/Radio'
[2026-05-01  12:37:37] INFO admin/admin.c Received admin command listclients on mount '/Radio'
[2026-05-01  12:37:47] INFO admin/admin.c Received admin command listclients on mount '/Radio'
[2026-05-01  12:37:57] INFO admin/admin.c Received admin command listclients on mount '/Radio'
[2026-05-01  12:38:07] INFO admin/admin.c Received admin command listclients on mount '/Radio'
[2026-05-01  12:38:17] INFO admin/admin.c Received admin command listclients on mount '/Radio'
[2026-05-01  12:38:27] INFO admin/admin.c Received admin command listclients on mount '/Radio'
[2026-05-01  12:38:37] INFO admin/admin.c Received admin command listclients on mount '/Radio'
[2026-05-01  12:38:47] INFO admin/admin.c Received admin command listclients on mount '/Radio'
[2026-05-01  12:38:57] INFO admin/admin.c Received admin command listclients on mount '/Radio'
[2026-05-01  12:39:07] INFO admin/admin.c Received admin command listclients on mount '/Radio'
[2026-05-01  12:39:17] INFO admin/admin.c Received admin command listclients on mount '/Radio'
[2026-05-01  12:39:27] INFO admin/admin.c Received admin command listclients on mount '/Radio'
[2026-05-01  12:39:37] INFO admin/admin.c Received admin command listclients on mount '/Radio'
[2026-05-01  12:39:47] INFO admin/admin.c Received admin command listclients on mount '/Radio'
[2026-05-01  12:39:57] INFO admin/admin.c Received admin command listclients on mount '/Radio'
[2026-05-01  12:40:07] INFO admin/admin.c Received admin command listclients on mount '/Radio'
[2026-05-01  12:40:17] INFO admin/admin.c Received admin command listclients on mount '/Radio'
[2026-05-01  12:40:27] INFO admin/admin.c Received admin command listclients on mount '/Radio'
[2026-05-01  12:40:37] INFO admin/admin.c Received admin command listclients on mount '/Radio'
[2026-05-01  12:40:47] INFO admin/admin.c Received admin command listclients on mount '/Radio'
[2026-05-01  12:40:52] INFO source/source.c End of Stream /Radio
[2026-05-01  12:40:52] INFO source/source.c Source from 127.0.0.1 at "/Radio" exiting
[2026-05-01  12:40:52] INFO event-stream/event_stream.c event queued
[2026-05-01  20:52:45] INFO stats/stats.c stats thread started
[2026-05-01  20:52:45] INFO fserve/fserve.c file serving started
[2026-05-01  20:52:45] INFO main/main.c Icecast 2.5.0 server started
[2026-05-01  20:52:45] INFO main/main.c Server's PID is 10040
[2026-05-01  20:52:45] INFO main/main.c Running on DJGooDOFF; OS: MS Windows; Address Bits: 64
[2026-05-01  20:52:45] INFO main/main.c From configuration: Our hostname is "178.49.69.37", located "Earth", with admin contact "icemaster@localhost"
[2026-05-01  20:52:45] INFO yp/yp.c YP update thread started
[2026-05-01  20:52:45] INFO event-stream/event_stream.c event queued
[2026-05-01  20:52:45] INFO connection/connection.c No TLS capability on any configured ports
[2026-05-01  20:52:52] INFO connection-handle/connection_handle.c Source logging in at mountpoint "/Radio" using "SOURCE" from 127.0.0.1 as role legacy-global-source with acl legacy-global-source
[2026-05-01  20:52:52] WARN format/format.c Unsupported or legacy stream type: "audio/mpeg". Falling back to generic minimal handler for best effort.
[2026-05-01  20:52:52] INFO event-stream/event_stream.c event queued
[2026-05-01  20:52:52] INFO format-mp3/format_mp3.c No charset given for mount - with source client 2027224563712, assuming ISO8859-1
[2026-05-01  20:52:52] WARN stats/stats.c No charset found for "ISO8859-1"
[2026-05-01  20:52:52] WARN stats/stats.c No charset found for "ISO8859-1"
[2026-05-01  20:52:52] WARN stats/stats.c No charset found for "ISO8859-1"
[2026-05-01  20:52:52] WARN stats/stats.c No charset found for "ISO8859-1"
[2026-05-01  20:52:52] INFO event-stream/event_stream.c event queued
[2026-05-01  20:52:52] INFO event-stream/event_stream.c event queued
[2026-05-01  20:52:52] INFO event-stream/event_stream.c event queued
[2026-05-01  20:52:52] INFO source/source.c listener count on /Radio now 0
[2026-05-01  20:52:52] INFO event-stream/event_stream.c event queued
[2026-05-01  20:52:52] INFO event-stream/event_stream.c event queued
[2026-05-01  20:52:52] INFO admin/admin.c Received admin command metadata on mount '/Radio'
[2026-05-01  20:52:52] WARN admin/admin.c Client 000001D8339D8710 (role=legacy-global-source, acl=legacy-global-source, username=source) uses safe method GET on /admin/metadata
[2026-05-01  20:52:52] INFO admin/admin.c Metadata on mountpoint /Radio changed to "6A\x20-\x20Energy\x208\x20-\x202Whales\x20feat.\x20TR\x20Tactics\x20-\x20Weak"
[2026-05-01  20:52:52] INFO event-stream/event_stream.c event queued
[2026-05-01  20:52:52] WARN stats/stats.c No charset found for "ISO8859-1"
[2026-05-01  20:52:52] WARN stats/stats.c No charset found for "ISO8859-1"
[2026-05-01  20:52:52] INFO event-stream/event_stream.c event queued
[2026-05-01  20:53:02] INFO admin/admin.c Received admin command listclients on mount '/Radio'
[2026-05-01  20:53:12] INFO admin/admin.c Received admin command listclients on mount '/Radio'
[2026-05-01  20:53:22] INFO admin/admin.c Received admin command listclients on mount '/Radio'
[2026-05-01  20:53:24] INFO event-stream/event_stream.c event queued
[2026-05-01  20:53:24] INFO source/source.c listener count on /Radio now 1
[2026-05-01  20:53:24] INFO event-stream/event_stream.c event queued
[2026-05-01  20:53:27] INFO event-stream/event_stream.c event queued
[2026-05-01  20:53:32] INFO admin/admin.c Received admin command listclients on mount '/Radio'
[2026-05-01  20:53:42] INFO admin/admin.c Received admin command listclients on mount '/Radio'
[2026-05-01  20:53:52] INFO admin/admin.c Received admin command listclients on mount '/Radio'
[2026-05-01  20:54:02] INFO admin/admin.c Received admin command listclients on mount '/Radio'
[2026-05-01  20:54:12] INFO admin/admin.c Received admin command listclients on mount '/Radio'
[2026-05-01  20:54:22] INFO admin/admin.c Received admin command listclients on mount '/Radio'
[2026-05-01  20:54:32] INFO admin/admin.c Received admin command listclients on mount '/Radio'
[2026-05-01  20:54:38] INFO event-stream/event_stream.c event queued
[2026-05-01  20:54:38] INFO source/source.c listener count on /Radio now 2
[2026-05-01  20:54:38] INFO event-stream/event_stream.c event queued
[2026-05-01  20:54:42] INFO admin/admin.c Received admin command listclients on mount '/Radio'
[2026-05-01  20:54:52] INFO admin/admin.c Received admin command listclients on mount '/Radio'
[2026-05-01  20:55:02] INFO admin/admin.c Received admin command listclients on mount '/Radio'
[2026-05-01  20:55:12] INFO admin/admin.c Received admin command listclients on mount '/Radio'
[2026-05-01  20:55:22] INFO admin/admin.c Received admin command listclients on mount '/Radio'
[2026-05-01  20:55:32] INFO admin/admin.c Received admin command listclients on mount '/Radio'
[2026-05-01  20:55:42] INFO admin/admin.c Received admin command listclients on mount '/Radio'
[2026-05-01  20:55:52] INFO admin/admin.c Received admin command listclients on mount '/Radio'
[2026-05-01  20:56:02] INFO admin/admin.c Received admin command listclients on mount '/Radio'
[2026-05-01  20:56:12] INFO admin/admin.c Received admin command listclients on mount '/Radio'
[2026-05-01  20:56:22] INFO admin/admin.c Received admin command listclients on mount '/Radio'
[2026-05-01  20:56:32] INFO admin/admin.c Received admin command listclients on mount '/Radio'
[2026-05-01  20:56:42] INFO admin/admin.c Received admin command listclients on mount '/Radio'
[2026-05-01  20:56:52] INFO admin/admin.c Received admin command listclients on mount '/Radio'
[2026-05-01  20:57:02] INFO admin/admin.c Received admin command listclients on mount '/Radio'
[2026-05-01  20:57:12] INFO admin/admin.c Received admin command listclients on mount '/Radio'
[2026-05-01  20:57:17] INFO admin/admin.c Received admin command metadata on mount '/Radio'
[2026-05-01  20:57:17] WARN admin/admin.c Client 000001D8339CCA40 (role=legacy-global-source, acl=legacy-global-source, username=source) uses safe method GET on /admin/metadata
[2026-05-01  20:57:17] INFO admin/admin.c Metadata on mountpoint /Radio changed to "5A\x20-\x20Energy\x207\x20-\x207th\x20Sense\x20-\x20Manu?s\x20Song"
[2026-05-01  20:57:17] INFO event-stream/event_stream.c event queued
[2026-05-01  20:57:17] WARN stats/stats.c No charset found for "ISO8859-1"
[2026-05-01  20:57:17] WARN stats/stats.c No charset found for "ISO8859-1"
[2026-05-01  20:57:17] INFO event-stream/event_stream.c event queued
[2026-05-01  20:57:22] INFO admin/admin.c Received admin command listclients on mount '/Radio'
[2026-05-01  20:57:32] INFO admin/admin.c Received admin command listclients on mount '/Radio'
[2026-05-01  20:57:42] INFO admin/admin.c Received admin command listclients on mount '/Radio'
[2026-05-01  20:57:52] INFO admin/admin.c Received admin command listclients on mount '/Radio'
[2026-05-01  20:58:02] INFO admin/admin.c Received admin command listclients on mount '/Radio'
[2026-05-01  20:58:12] INFO admin/admin.c Received admin command listclients on mount '/Radio'
[2026-05-01  20:58:22] INFO admin/admin.c Received admin command listclients on mount '/Radio'
[2026-05-01  20:58:24] INFO source/source.c listener count on /Radio now 1
[2026-05-01  20:58:24] INFO event-stream/event_stream.c event queued
[2026-05-01  20:58:32] INFO admin/admin.c Received admin command listclients on mount '/Radio'
[2026-05-01  20:58:42] INFO admin/admin.c Received admin command listclients on mount '/Radio'
[2026-05-01  20:58:52] INFO admin/admin.c Received admin command listclients on mount '/Radio'
[2026-05-01  20:59:02] INFO admin/admin.c Received admin command listclients on mount '/Radio'
[2026-05-01  20:59:12] INFO admin/admin.c Received admin command listclients on mount '/Radio'
[2026-05-01  20:59:22] INFO admin/admin.c Received admin command listclients on mount '/Radio'
[2026-05-01  20:59:32] INFO admin/admin.c Received admin command listclients on mount '/Radio'
[2026-05-01  20:59:38] INFO source/source.c listener count on /Radio now 0
[2026-05-01  20:59:38] INFO event-stream/event_stream.c event queued
[2026-05-01  20:59:38] INFO event-stream/event_stream.c event queued
[2026-05-01  20:59:42] INFO admin/admin.c Received admin command listclients on mount '/Radio'
[2026-05-01  20:59:52] INFO admin/admin.c Received admin command listclients on mount '/Radio'
[2026-05-01  21:00:02] INFO admin/admin.c Received admin command listclients on mount '/Radio'
[2026-05-01  21:00:12] INFO admin/admin.c Received admin command listclients on mount '/Radio'
[2026-05-01  21:00:22] INFO admin/admin.c Received admin command listclients on mount '/Radio'
[2026-05-01  21:00:32] INFO admin/admin.c Received admin command listclients on mount '/Radio'
[2026-05-01  21:00:42] INFO admin/admin.c Received admin command listclients on mount '/Radio'
[2026-05-01  21:00:52] INFO admin/admin.c Received admin command listclients on mount '/Radio'
[2026-05-01  21:01:02] INFO admin/admin.c Received admin command listclients on mount '/Radio'
[2026-05-01  21:01:12] INFO admin/admin.c Received admin command listclients on mount '/Radio'
[2026-05-01  21:01:22] INFO admin/admin.c Received admin command listclients on mount '/Radio'
[2026-05-01  21:01:32] INFO admin/admin.c Received admin command listclients on mount '/Radio'
[2026-05-01  21:01:42] INFO admin/admin.c Received admin command listclients on mount '/Radio'
[2026-05-01  21:01:52] INFO admin/admin.c Received admin command listclients on mount '/Radio'
[2026-05-01  21:02:02] INFO admin/admin.c Received admin command listclients on mount '/Radio'
[2026-05-01  21:02:04] INFO admin/admin.c Received admin command metadata on mount '/Radio'
[2026-05-01  21:02:04] WARN admin/admin.c Client 000001D8339DCA10 (role=legacy-global-source, acl=legacy-global-source, username=source) uses safe method GET on /admin/metadata
[2026-05-01  21:02:04] INFO admin/admin.c Metadata on mountpoint /Radio changed to "11A\x20-\x20Energy\x208\x20-\x20Absurd\x20-\x20Train\x20To\x20Hell"
[2026-05-01  21:02:04] INFO event-stream/event_stream.c event queued
[2026-05-01  21:02:04] WARN stats/stats.c No charset found for "ISO8859-1"
[2026-05-01  21:02:04] WARN stats/stats.c No charset found for "ISO8859-1"
[2026-05-01  21:02:04] INFO event-stream/event_stream.c event queued
[2026-05-01  21:02:12] INFO admin/admin.c Received admin command listclients on mount '/Radio'
[2026-05-01  21:02:22] INFO admin/admin.c Received admin command listclients on mount '/Radio'
[2026-05-01  21:02:32] INFO admin/admin.c Received admin command listclients on mount '/Radio'
[2026-05-01  21:02:42] INFO admin/admin.c Received admin command listclients on mount '/Radio'
[2026-05-01  21:02:52] INFO admin/admin.c Received admin command listclients on mount '/Radio'
[2026-05-01  21:03:02] INFO admin/admin.c Received admin command listclients on mount '/Radio'
[2026-05-01  21:03:12] INFO admin/admin.c Received admin command listclients on mount '/Radio'
[2026-05-01  21:03:22] INFO admin/admin.c Received admin command listclients on mount '/Radio'
[2026-05-01  21:03:32] INFO admin/admin.c Received admin command listclients on mount '/Radio'
[2026-05-01  21:03:42] INFO admin/admin.c Received admin command listclients on mount '/Radio'
[2026-05-01  21:03:52] INFO admin/admin.c Received admin command listclients on mount '/Radio'
[2026-05-01  21:04:02] INFO admin/admin.c Received admin command listclients on mount '/Radio'
[2026-05-01  21:04:12] INFO admin/admin.c Received admin command listclients on mount '/Radio'
[2026-05-01  21:04:22] INFO admin/admin.c Received admin command listclients on mount '/Radio'
[2026-05-01  21:04:32] INFO admin/admin.c Received admin command listclients on mount '/Radio'
[2026-05-01  21:04:42] INFO admin/admin.c Received admin command listclients on mount '/Radio'
[2026-05-01  21:04:52] INFO admin/admin.c Received admin command listclients on mount '/Radio'
[2026-05-01  21:05:02] INFO admin/admin.c Received admin command listclients on mount '/Radio'
[2026-05-01  21:05:12] INFO admin/admin.c Received admin command listclients on mount '/Radio'
[2026-05-01  21:05:22] INFO admin/admin.c Received admin command listclients on mount '/Radio'
[2026-05-01  21:05:32] INFO admin/admin.c Received admin command listclients on mount '/Radio'
[2026-05-01  21:05:42] INFO admin/admin.c Received admin command listclients on mount '/Radio'
[2026-05-01  21:05:52] INFO admin/admin.c Received admin command listclients on mount '/Radio'
[2026-05-01  21:06:02] INFO admin/admin.c Received admin command listclients on mount '/Radio'
[2026-05-01  21:06:12] INFO admin/admin.c Received admin command listclients on mount '/Radio'
[2026-05-01  21:06:22] INFO admin/admin.c Received admin command listclients on mount '/Radio'
[2026-05-01  21:06:32] INFO admin/admin.c Received admin command listclients on mount '/Radio'
[2026-05-01  21:06:42] INFO admin/admin.c Received admin command listclients on mount '/Radio'
[2026-05-01  21:06:52] INFO admin/admin.c Received admin command listclients on mount '/Radio'
[2026-05-01  21:07:02] INFO admin/admin.c Received admin command listclients on mount '/Radio'
[2026-05-01  21:07:12] INFO admin/admin.c Received admin command listclients on mount '/Radio'
[2026-05-01  21:07:22] INFO admin/admin.c Received admin command listclients on mount '/Radio'
[2026-05-01  21:07:23] INFO admin/admin.c Received admin command metadata on mount '/Radio'
[2026-05-01  21:07:23] WARN admin/admin.c Client 000001D8339DCC50 (role=legacy-global-source, acl=legacy-global-source, username=source) uses safe method GET on /admin/metadata
[2026-05-01  21:07:23] INFO admin/admin.c Metadata on mountpoint /Radio changed to "6A\x20-\x20Energy\x207\x20-\x20Agressor\x20Bunx\x20-\x20Bunker"
[2026-05-01  21:07:23] INFO event-stream/event_stream.c event queued
[2026-05-01  21:07:23] WARN stats/stats.c No charset found for "ISO8859-1"
[2026-05-01  21:07:23] WARN stats/stats.c No charset found for "ISO8859-1"
[2026-05-01  21:07:23] INFO event-stream/event_stream.c event queued
[2026-05-01  21:07:32] INFO admin/admin.c Received admin command listclients on mount '/Radio'
[2026-05-01  21:07:42] INFO admin/admin.c Received admin command listclients on mount '/Radio'
[2026-05-01  21:07:52] INFO admin/admin.c Received admin command listclients on mount '/Radio'
[2026-05-01  21:08:02] INFO admin/admin.c Received admin command listclients on mount '/Radio'
[2026-05-01  21:08:12] INFO admin/admin.c Received admin command listclients on mount '/Radio'
[2026-05-01  21:08:22] INFO admin/admin.c Received admin command listclients on mount '/Radio'
[2026-05-01  21:08:32] INFO admin/admin.c Received admin command listclients on mount '/Radio'
[2026-05-01  21:08:42] INFO admin/admin.c Received admin command listclients on mount '/Radio'
[2026-05-01  21:08:52] INFO admin/admin.c Received admin command listclients on mount '/Radio'
[2026-05-01  21:09:02] INFO admin/admin.c Received admin command listclients on mount '/Radio'
[2026-05-01  21:09:12] INFO admin/admin.c Received admin command listclients on mount '/Radio'
[2026-05-01  21:09:22] INFO admin/admin.c Received admin command listclients on mount '/Radio'
[2026-05-01  21:09:32] INFO admin/admin.c Received admin command listclients on mount '/Radio'
[2026-05-01  21:09:42] INFO admin/admin.c Received admin command listclients on mount '/Radio'
[2026-05-01  21:09:52] INFO admin/admin.c Received admin command listclients on mount '/Radio'
[2026-05-01  21:10:02] INFO admin/admin.c Received admin command listclients on mount '/Radio'
[2026-05-01  21:10:12] INFO admin/admin.c Received admin command listclients on mount '/Radio'
[2026-05-01  21:10:22] INFO admin/admin.c Received admin command listclients on mount '/Radio'
[2026-05-01  21:10:32] INFO admin/admin.c Received admin command listclients on mount '/Radio'
[2026-05-01  21:10:42] INFO admin/admin.c Received admin command listclients on mount '/Radio'
[2026-05-01  21:10:52] INFO admin/admin.c Received admin command listclients on mount '/Radio'
[2026-05-01  21:11:02] INFO admin/admin.c Received admin command listclients on mount '/Radio'
[2026-05-01  21:11:12] INFO admin/admin.c Received admin command listclients on mount '/Radio'
[2026-05-01  21:11:22] INFO admin/admin.c Received admin command listclients on mount '/Radio'
[2026-05-01  21:11:28] INFO admin/admin.c Received admin command metadata on mount '/Radio'
[2026-05-01  21:11:28] WARN admin/admin.c Client 000001D8339CD4A0 (role=legacy-global-source, acl=legacy-global-source, username=source) uses safe method GET on /admin/metadata
[2026-05-01  21:11:28] INFO admin/admin.c Metadata on mountpoint /Radio changed to "6A\x20-\x20Energy\x207\x20-\x20Aktive\x20-\x20Let\x20It\x20Off\x20(Original\x20Mix)"
[2026-05-01  21:11:28] INFO event-stream/event_stream.c event queued
[2026-05-01  21:11:28] WARN stats/stats.c No charset found for "ISO8859-1"
[2026-05-01  21:11:28] WARN stats/stats.c No charset found for "ISO8859-1"
[2026-05-01  21:11:28] INFO event-stream/event_stream.c event queued
[2026-05-01  21:11:32] INFO admin/admin.c Received admin command listclients on mount '/Radio'
[2026-05-01  21:11:42] INFO admin/admin.c Received admin command listclients on mount '/Radio'
[2026-05-01  21:11:52] INFO admin/admin.c Received admin command listclients on mount '/Radio'
[2026-05-01  21:12:02] INFO admin/admin.c Received admin command listclients on mount '/Radio'
[2026-05-01  21:12:12] INFO admin/admin.c Received admin command listclients on mount '/Radio'
[2026-05-01  21:12:22] INFO admin/admin.c Received admin command listclients on mount '/Radio'
[2026-05-01  21:12:32] INFO admin/admin.c Received admin command listclients on mount '/Radio'
[2026-05-01  21:12:42] INFO admin/admin.c Received admin command listclients on mount '/Radio'
[2026-05-01  21:12:52] INFO admin/admin.c Received admin command listclients on mount '/Radio'
[2026-05-01  21:13:02] INFO admin/admin.c Received admin command listclients on mount '/Radio'
[2026-05-01  21:13:12] INFO admin/admin.c Received admin command listclients on mount '/Radio'
[2026-05-01  21:13:22] INFO admin/admin.c Received admin command listclients on mount '/Radio'
[2026-05-01  21:13:32] INFO admin/admin.c Received admin command listclients on mount '/Radio'
[2026-05-01  21:13:42] INFO admin/admin.c Received admin command listclients on mount '/Radio'
[2026-05-01  21:13:52] INFO admin/admin.c Received admin command listclients on mount '/Radio'
[2026-05-01  21:14:02] INFO admin/admin.c Received admin command listclients on mount '/Radio'
[2026-05-01  21:14:12] INFO admin/admin.c Received admin command listclients on mount '/Radio'
[2026-05-01  21:14:22] INFO admin/admin.c Received admin command listclients on mount '/Radio'
[2026-05-01  21:14:32] INFO admin/admin.c Received admin command listclients on mount '/Radio'
[2026-05-01  21:14:42] INFO admin/admin.c Received admin command listclients on mount '/Radio'
[2026-05-01  21:14:52] INFO admin/admin.c Received admin command listclients on mount '/Radio'
[2026-05-01  21:15:02] INFO admin/admin.c Received admin command listclients on mount '/Radio'
[2026-05-01  21:15:12] INFO admin/admin.c Received admin command listclients on mount '/Radio'
[2026-05-01  21:15:22] INFO admin/admin.c Received admin command listclients on mount '/Radio'
[2026-05-01  21:15:32] INFO admin/admin.c Received admin command listclients on mount '/Radio'
[2026-05-01  21:15:42] INFO admin/admin.c Received admin command listclients on mount '/Radio'
[2026-05-01  21:15:52] INFO admin/admin.c Received admin command listclients on mount '/Radio'
[2026-05-01  21:16:02] INFO admin/admin.c Received admin command listclients on mount '/Radio'
[2026-05-01  21:16:12] INFO admin/admin.c Received admin command listclients on mount '/Radio'
[2026-05-01  21:16:16] INFO admin/admin.c Received admin command metadata on mount '/Radio'
[2026-05-01  21:16:16] WARN admin/admin.c Client 000001D8339D9A90 (role=legacy-global-source, acl=legacy-global-source, username=source) uses safe method GET on /admin/metadata
[2026-05-01  21:16:16] INFO admin/admin.c Metadata on mountpoint /Radio changed to "9A\x20-\x20Energy\x207\x20-\x20Asobik\x20-\x20Madman\x20And\x20Machete\x20(Disla\x20\x20Remix)"
[2026-05-01  21:16:16] INFO event-stream/event_stream.c event queued
[2026-05-01  21:16:16] WARN stats/stats.c No charset found for "ISO8859-1"
[2026-05-01  21:16:16] WARN stats/stats.c No charset found for "ISO8859-1"
[2026-05-01  21:16:16] INFO event-stream/event_stream.c event queued
[2026-05-01  21:16:22] INFO admin/admin.c Received admin command listclients on mount '/Radio'
[2026-05-01  21:16:32] INFO admin/admin.c Received admin command listclients on mount '/Radio'
[2026-05-01  21:16:42] INFO admin/admin.c Received admin command listclients on mount '/Radio'
[2026-05-01  21:16:52] INFO admin/admin.c Received admin command listclients on mount '/Radio'
[2026-05-01  21:17:02] INFO admin/admin.c Received admin command listclients on mount '/Radio'
[2026-05-01  21:17:12] INFO admin/admin.c Received admin command listclients on mount '/Radio'
[2026-05-01  21:17:22] INFO admin/admin.c Received admin command listclients on mount '/Radio'
[2026-05-01  21:17:32] INFO admin/admin.c Received admin command listclients on mount '/Radio'
[2026-05-01  21:17:42] INFO admin/admin.c Received admin command listclients on mount '/Radio'
[2026-05-01  21:17:52] INFO admin/admin.c Received admin command listclients on mount '/Radio'
[2026-05-01  21:18:02] INFO admin/admin.c Received admin command listclients on mount '/Radio'
[2026-05-01  21:18:12] INFO admin/admin.c Received admin command listclients on mount '/Radio'
[2026-05-01  21:18:22] INFO admin/admin.c Received admin command listclients on mount '/Radio'
[2026-05-01  21:18:32] INFO admin/admin.c Received admin command listclients on mount '/Radio'
[2026-05-01  21:18:42] INFO admin/admin.c Received admin command listclients on mount '/Radio'
[2026-05-01  21:18:52] INFO admin/admin.c Received admin command listclients on mount '/Radio'
[2026-05-01  21:19:02] INFO admin/admin.c Received admin command listclients on mount '/Radio'
[2026-05-01  21:19:12] INFO admin/admin.c Received admin command listclients on mount '/Radio'
[2026-05-01  21:19:22] INFO admin/admin.c Received admin command listclients on mount '/Radio'
[2026-05-01  21:19:32] INFO admin/admin.c Received admin command listclients on mount '/Radio'
[2026-05-01  21:19:42] INFO admin/admin.c Received admin command listclients on mount '/Radio'
[2026-05-01  21:19:52] INFO admin/admin.c Received admin command listclients on mount '/Radio'
[2026-05-01  21:20:02] INFO admin/admin.c Received admin command listclients on mount '/Radio'
[2026-05-01  21:20:12] INFO admin/admin.c Received admin command listclients on mount '/Radio'
[2026-05-01  21:20:22] INFO admin/admin.c Received admin command listclients on mount '/Radio'
[2026-05-01  21:20:32] INFO admin/admin.c Received admin command listclients on mount '/Radio'
[2026-05-01  21:20:33] INFO admin/admin.c Received admin command metadata on mount '/Radio'
[2026-05-01  21:20:33] WARN admin/admin.c Client 000001D8339D9970 (role=legacy-global-source, acl=legacy-global-source, username=source) uses safe method GET on /admin/metadata
[2026-05-01  21:20:33] INFO admin/admin.c Metadata on mountpoint /Radio changed to "6A\x20-\x20Energy\x208\x20-\x20Audio\x20-\x20Make\x20It\x20Happen"
[2026-05-01  21:20:33] INFO event-stream/event_stream.c event queued
[2026-05-01  21:20:33] WARN stats/stats.c No charset found for "ISO8859-1"
[2026-05-01  21:20:33] WARN stats/stats.c No charset found for "ISO8859-1"
[2026-05-01  21:20:33] INFO event-stream/event_stream.c event queued
[2026-05-01  21:20:42] INFO admin/admin.c Received admin command listclients on mount '/Radio'
[2026-05-01  21:20:52] INFO admin/admin.c Received admin command listclients on mount '/Radio'
[2026-05-01  21:21:02] INFO admin/admin.c Received admin command listclients on mount '/Radio'
[2026-05-01  21:21:12] INFO admin/admin.c Received admin command listclients on mount '/Radio'
[2026-05-01  21:21:22] INFO admin/admin.c Received admin command listclients on mount '/Radio'
[2026-05-01  21:21:32] INFO admin/admin.c Received admin command listclients on mount '/Radio'
[2026-05-01  21:21:43] INFO admin/admin.c Received admin command listclients on mount '/Radio'
[2026-05-01  21:21:53] INFO admin/admin.c Received admin command listclients on mount '/Radio'
[2026-05-01  21:22:03] INFO admin/admin.c Received admin command listclients on mount '/Radio'
[2026-05-01  21:22:13] INFO admin/admin.c Received admin command listclients on mount '/Radio'
[2026-05-01  21:22:23] INFO admin/admin.c Received admin command listclients on mount '/Radio'
[2026-05-01  21:22:33] INFO admin/admin.c Received admin command listclients on mount '/Radio'
[2026-05-01  21:22:43] INFO admin/admin.c Received admin command listclients on mount '/Radio'
[2026-05-01  21:22:53] INFO admin/admin.c Received admin command listclients on mount '/Radio'
[2026-05-01  21:23:03] INFO admin/admin.c Received admin command listclients on mount '/Radio'
[2026-05-01  21:23:13] INFO admin/admin.c Received admin command listclients on mount '/Radio'
[2026-05-01  21:23:23] INFO admin/admin.c Received admin command listclients on mount '/Radio'
[2026-05-01  21:23:33] INFO admin/admin.c Received admin command listclients on mount '/Radio'
[2026-05-01  21:23:43] INFO admin/admin.c Received admin command listclients on mount '/Radio'
[2026-05-01  21:23:53] INFO admin/admin.c Received admin command listclients on mount '/Radio'
[2026-05-01  21:24:03] INFO admin/admin.c Received admin command listclients on mount '/Radio'
[2026-05-01  21:24:13] INFO admin/admin.c Received admin command listclients on mount '/Radio'
[2026-05-01  21:24:23] INFO admin/admin.c Received admin command listclients on mount '/Radio'
[2026-05-01  21:24:33] INFO admin/admin.c Received admin command listclients on mount '/Radio'
[2026-05-01  21:24:43] INFO admin/admin.c Received admin command listclients on mount '/Radio'
[2026-05-01  21:24:53] INFO admin/admin.c Received admin command listclients on mount '/Radio'
[2026-05-01  21:24:53] INFO admin/admin.c Received admin command metadata on mount '/Radio'
[2026-05-01  21:24:53] WARN admin/admin.c Client 000001D8339D9DF0 (role=legacy-global-source, acl=legacy-global-source, username=source) uses safe method GET on /admin/metadata
[2026-05-01  21:24:53] INFO admin/admin.c Metadata on mountpoint /Radio changed to "9A\x20-\x20Energy\x208\x20-\x20Baby\x20D\x20-\x20Let\x20Me\x20Be\x20Your\x20Fantasy\x20(MV\x20Bootleg)"
[2026-05-01  21:24:53] INFO event-stream/event_stream.c event queued
[2026-05-01  21:24:53] WARN stats/stats.c No charset found for "ISO8859-1"
[2026-05-01  21:24:53] WARN stats/stats.c No charset found for "ISO8859-1"
[2026-05-01  21:24:53] INFO event-stream/event_stream.c event queued
[2026-05-01  21:25:03] INFO admin/admin.c Received admin command listclients on mount '/Radio'
[2026-05-01  21:25:13] INFO admin/admin.c Received admin command listclients on mount '/Radio'
[2026-05-01  21:25:23] INFO admin/admin.c Received admin command listclients on mount '/Radio'
[2026-05-01  21:25:33] INFO admin/admin.c Received admin command listclients on mount '/Radio'
[2026-05-01  21:25:43] INFO admin/admin.c Received admin command listclients on mount '/Radio'
[2026-05-01  21:25:53] INFO admin/admin.c Received admin command listclients on mount '/Radio'
[2026-05-01  21:26:03] INFO admin/admin.c Received admin command listclients on mount '/Radio'
[2026-05-01  21:26:13] INFO admin/admin.c Received admin command listclients on mount '/Radio'
[2026-05-01  21:26:23] INFO admin/admin.c Received admin command listclients on mount '/Radio'
[2026-05-01  21:26:33] INFO admin/admin.c Received admin command listclients on mount '/Radio'
[2026-05-01  21:26:43] INFO admin/admin.c Received admin command listclients on mount '/Radio'
[2026-05-01  21:26:53] INFO admin/admin.c Received admin command listclients on mount '/Radio'
[2026-05-01  21:27:03] INFO admin/admin.c Received admin command listclients on mount '/Radio'
[2026-05-01  21:27:13] INFO admin/admin.c Received admin command listclients on mount '/Radio'
[2026-05-01  21:27:23] INFO admin/admin.c Received admin command listclients on mount '/Radio'
[2026-05-01  21:27:33] INFO admin/admin.c Received admin command listclients on mount '/Radio'
[2026-05-01  21:27:40] INFO source/source.c End of Stream /Radio
[2026-05-01  21:27:40] INFO source/source.c Source from 127.0.0.1 at "/Radio" exiting
[2026-05-01  21:27:40] INFO event-stream/event_stream.c event queued
[2026-05-02  18:34:28] INFO stats/stats.c stats thread started
[2026-05-02  18:34:28] INFO fserve/fserve.c file serving started
[2026-05-02  18:34:28] INFO main/main.c Icecast 2.5.0 server started
[2026-05-02  18:34:28] INFO main/main.c Server's PID is 34676
[2026-05-02  18:34:28] INFO main/main.c Running on DJGooDOFF; OS: MS Windows; Address Bits: 64
[2026-05-02  18:34:28] INFO main/main.c From configuration: Our hostname is "178.49.69.37", located "Earth", with admin contact "icemaster@localhost"
[2026-05-02  18:34:28] INFO yp/yp.c YP update thread started
[2026-05-02  18:34:28] INFO event-stream/event_stream.c event queued
[2026-05-02  18:34:28] INFO connection/connection.c No TLS capability on any configured ports
[2026-05-02  18:34:36] INFO connection-handle/connection_handle.c Source logging in at mountpoint "/Radio" using "SOURCE" from 127.0.0.1 as role legacy-global-source with acl legacy-global-source
[2026-05-02  18:34:36] WARN format/format.c Unsupported or legacy stream type: "audio/mpeg". Falling back to generic minimal handler for best effort.
[2026-05-02  18:34:36] INFO event-stream/event_stream.c event queued
[2026-05-02  18:34:36] INFO format-mp3/format_mp3.c No charset given for mount - with source client 1709396983808, assuming ISO8859-1
[2026-05-02  18:34:36] WARN stats/stats.c No charset found for "ISO8859-1"
[2026-05-02  18:34:36] WARN stats/stats.c No charset found for "ISO8859-1"
[2026-05-02  18:34:36] WARN stats/stats.c No charset found for "ISO8859-1"
[2026-05-02  18:34:36] WARN stats/stats.c No charset found for "ISO8859-1"
[2026-05-02  18:34:36] INFO event-stream/event_stream.c event queued
[2026-05-02  18:34:36] INFO event-stream/event_stream.c event queued
[2026-05-02  18:34:36] INFO event-stream/event_stream.c event queued
[2026-05-02  18:34:36] INFO source/source.c listener count on /Radio now 0
[2026-05-02  18:34:36] INFO event-stream/event_stream.c event queued
[2026-05-02  18:34:36] INFO event-stream/event_stream.c event queued
[2026-05-02  18:34:36] INFO admin/admin.c Received admin command metadata on mount '/Radio'
[2026-05-02  18:34:36] WARN admin/admin.c Client 0000018E615511F0 (role=legacy-global-source, acl=legacy-global-source, username=source) uses safe method GET on /admin/metadata
[2026-05-02  18:34:36] INFO admin/admin.c Metadata on mountpoint /Radio changed to "6A\x20-\x20Energy\x208\x20-\x202Whales\x20feat.\x20TR\x20Tactics\x20-\x20Weak"
[2026-05-02  18:34:36] INFO event-stream/event_stream.c event queued
[2026-05-02  18:34:36] WARN stats/stats.c No charset found for "ISO8859-1"
[2026-05-02  18:34:36] WARN stats/stats.c No charset found for "ISO8859-1"
[2026-05-02  18:34:36] INFO event-stream/event_stream.c event queued
[2026-05-02  18:34:46] INFO admin/admin.c Received admin command listclients on mount '/Radio'
[2026-05-02  18:34:56] INFO admin/admin.c Received admin command listclients on mount '/Radio'
[2026-05-02  18:35:06] INFO admin/admin.c Received admin command listclients on mount '/Radio'
[2026-05-02  18:35:11] INFO event-stream/event_stream.c event queued
[2026-05-02  18:35:16] INFO admin/admin.c Received admin command listclients on mount '/Radio'
[2026-05-02  18:35:26] INFO admin/admin.c Received admin command listclients on mount '/Radio'
[2026-05-02  18:35:36] INFO admin/admin.c Received admin command listclients on mount '/Radio'
[2026-05-02  18:35:46] INFO admin/admin.c Received admin command listclients on mount '/Radio'
[2026-05-02  18:35:56] INFO admin/admin.c Received admin command listclients on mount '/Radio'
[2026-05-02  18:36:06] INFO admin/admin.c Received admin command listclients on mount '/Radio'
[2026-05-02  18:36:16] INFO admin/admin.c Received admin command listclients on mount '/Radio'
[2026-05-02  18:36:26] INFO admin/admin.c Received admin command listclients on mount '/Radio'
[2026-05-02  18:36:36] INFO admin/admin.c Received admin command listclients on mount '/Radio'
[2026-05-02  18:36:46] INFO admin/admin.c Received admin command listclients on mount '/Radio'
[2026-05-02  18:36:56] INFO admin/admin.c Received admin command listclients on mount '/Radio'
[2026-05-02  18:37:06] INFO admin/admin.c Received admin command listclients on mount '/Radio'
[2026-05-02  18:37:16] INFO admin/admin.c Received admin command listclients on mount '/Radio'
[2026-05-02  18:37:26] INFO admin/admin.c Received admin command listclients on mount '/Radio'
[2026-05-02  18:37:36] INFO admin/admin.c Received admin command listclients on mount '/Radio'
[2026-05-02  18:37:46] INFO admin/admin.c Received admin command listclients on mount '/Radio'
[2026-05-02  18:37:56] INFO admin/admin.c Received admin command listclients on mount '/Radio'
[2026-05-02  18:38:06] INFO admin/admin.c Received admin command listclients on mount '/Radio'
[2026-05-02  18:38:16] INFO admin/admin.c Received admin command listclients on mount '/Radio'
[2026-05-02  18:38:26] INFO admin/admin.c Received admin command listclients on mount '/Radio'
[2026-05-02  18:38:36] INFO admin/admin.c Received admin command listclients on mount '/Radio'
[2026-05-02  18:38:46] INFO admin/admin.c Received admin command listclients on mount '/Radio'
[2026-05-02  18:38:56] INFO admin/admin.c Received admin command listclients on mount '/Radio'
[2026-05-02  18:39:00] INFO admin/admin.c Received admin command metadata on mount '/Radio'
[2026-05-02  18:39:00] WARN admin/admin.c Client 0000018E6158D4B0 (role=legacy-global-source, acl=legacy-global-source, username=source) uses safe method GET on /admin/metadata
[2026-05-02  18:39:00] INFO admin/admin.c Metadata on mountpoint /Radio changed to "5A\x20-\x20Energy\x207\x20-\x207th\x20Sense\x20-\x20Manu?s\x20Song"
[2026-05-02  18:39:00] INFO event-stream/event_stream.c event queued
[2026-05-02  18:39:00] WARN stats/stats.c No charset found for "ISO8859-1"
[2026-05-02  18:39:00] WARN stats/stats.c No charset found for "ISO8859-1"
[2026-05-02  18:39:00] INFO event-stream/event_stream.c event queued
[2026-05-02  18:39:06] INFO admin/admin.c Received admin command listclients on mount '/Radio'
[2026-05-02  18:39:16] INFO admin/admin.c Received admin command listclients on mount '/Radio'
[2026-05-02  18:39:26] INFO admin/admin.c Received admin command listclients on mount '/Radio'
[2026-05-02  18:39:36] INFO admin/admin.c Received admin command listclients on mount '/Radio'
[2026-05-02  18:39:46] INFO admin/admin.c Received admin command listclients on mount '/Radio'
[2026-05-02  18:39:56] INFO admin/admin.c Received admin command listclients on mount '/Radio'
[2026-05-02  18:40:06] INFO admin/admin.c Received admin command listclients on mount '/Radio'
[2026-05-02  18:40:16] INFO admin/admin.c Received admin command listclients on mount '/Radio'
[2026-05-02  18:40:26] INFO admin/admin.c Received admin command listclients on mount '/Radio'
[2026-05-02  18:40:36] INFO admin/admin.c Received admin command listclients on mount '/Radio'
[2026-05-02  18:40:46] INFO admin/admin.c Received admin command listclients on mount '/Radio'
[2026-05-02  18:40:56] INFO admin/admin.c Received admin command listclients on mount '/Radio'
[2026-05-02  18:41:06] INFO admin/admin.c Received admin command listclients on mount '/Radio'
[2026-05-02  18:41:06] INFO event-stream/event_stream.c event queued
[2026-05-02  18:41:06] INFO source/source.c listener count on /Radio now 1
[2026-05-02  18:41:06] INFO event-stream/event_stream.c event queued
[2026-05-02  18:41:16] INFO admin/admin.c Received admin command listclients on mount '/Radio'
[2026-05-02  18:41:26] INFO admin/admin.c Received admin command listclients on mount '/Radio'
[2026-05-02  18:41:36] INFO admin/admin.c Received admin command listclients on mount '/Radio'
[2026-05-02  18:41:46] INFO admin/admin.c Received admin command listclients on mount '/Radio'
[2026-05-02  18:41:56] INFO admin/admin.c Received admin command listclients on mount '/Radio'
[2026-05-02  18:42:06] INFO admin/admin.c Received admin command listclients on mount '/Radio'
[2026-05-02  18:42:16] INFO admin/admin.c Received admin command listclients on mount '/Radio'
[2026-05-02  18:42:26] INFO admin/admin.c Received admin command listclients on mount '/Radio'
[2026-05-02  18:42:36] INFO admin/admin.c Received admin command listclients on mount '/Radio'
[2026-05-02  18:42:46] INFO admin/admin.c Received admin command listclients on mount '/Radio'
[2026-05-02  18:42:56] INFO admin/admin.c Received admin command listclients on mount '/Radio'
[2026-05-02  18:43:06] INFO admin/admin.c Received admin command listclients on mount '/Radio'
[2026-05-02  18:43:16] INFO admin/admin.c Received admin command listclients on mount '/Radio'
[2026-05-02  18:43:26] INFO admin/admin.c Received admin command listclients on mount '/Radio'
[2026-05-02  18:43:36] INFO admin/admin.c Received admin command listclients on mount '/Radio'
[2026-05-02  18:43:39] EROR connection-handle/connection_handle.c Wrong request type from client
[2026-05-02  18:43:46] INFO admin/admin.c Received admin command listclients on mount '/Radio'
[2026-05-02  18:43:46] INFO event-stream/event_stream.c event queued
[2026-05-02  18:43:46] INFO source/source.c listener count on /Radio now 2
[2026-05-02  18:43:46] INFO event-stream/event_stream.c event queued
[2026-05-02  18:43:47] INFO admin/admin.c Received admin command metadata on mount '/Radio'
[2026-05-02  18:43:47] WARN admin/admin.c Client 0000018E6158DE60 (role=legacy-global-source, acl=legacy-global-source, username=source) uses safe method GET on /admin/metadata
[2026-05-02  18:43:47] INFO admin/admin.c Metadata on mountpoint /Radio changed to "11A\x20-\x20Energy\x208\x20-\x20Absurd\x20-\x20Train\x20To\x20Hell"
[2026-05-02  18:43:47] INFO event-stream/event_stream.c event queued
[2026-05-02  18:43:47] WARN stats/stats.c No charset found for "ISO8859-1"
[2026-05-02  18:43:47] WARN stats/stats.c No charset found for "ISO8859-1"
[2026-05-02  18:43:47] INFO event-stream/event_stream.c event queued
[2026-05-02  18:43:47] INFO source/source.c listener count on /Radio now 1
[2026-05-02  18:43:47] INFO event-stream/event_stream.c event queued
[2026-05-02  18:43:51] INFO event-stream/event_stream.c event queued
[2026-05-02  18:43:51] INFO source/source.c listener count on /Radio now 2
[2026-05-02  18:43:51] INFO event-stream/event_stream.c event queued
[2026-05-02  18:43:54] INFO source/source.c listener count on /Radio now 1
[2026-05-02  18:43:54] INFO event-stream/event_stream.c event queued
[2026-05-02  18:43:56] INFO admin/admin.c Received admin command listclients on mount '/Radio'
[2026-05-02  18:44:00] INFO event-stream/event_stream.c event queued
[2026-05-02  18:44:00] INFO source/source.c listener count on /Radio now 2
[2026-05-02  18:44:00] INFO event-stream/event_stream.c event queued
[2026-05-02  18:44:05] INFO source/source.c listener count on /Radio now 1
[2026-05-02  18:44:05] INFO event-stream/event_stream.c event queued
[2026-05-02  18:44:06] INFO admin/admin.c Received admin command listclients on mount '/Radio'
[2026-05-02  18:44:16] INFO admin/admin.c Received admin command listclients on mount '/Radio'
[2026-05-02  18:44:26] INFO admin/admin.c Received admin command listclients on mount '/Radio'
[2026-05-02  18:44:36] INFO admin/admin.c Received admin command listclients on mount '/Radio'
[2026-05-02  18:44:46] INFO admin/admin.c Received admin command listclients on mount '/Radio'
[2026-05-02  18:44:56] INFO admin/admin.c Received admin command listclients on mount '/Radio'
[2026-05-02  18:45:06] INFO admin/admin.c Received admin command listclients on mount '/Radio'
[2026-05-02  18:45:16] INFO admin/admin.c Received admin command listclients on mount '/Radio'
[2026-05-02  18:45:26] INFO admin/admin.c Received admin command listclients on mount '/Radio'
[2026-05-02  18:45:36] INFO admin/admin.c Received admin command listclients on mount '/Radio'
[2026-05-02  18:45:46] INFO admin/admin.c Received admin command listclients on mount '/Radio'
[2026-05-02  18:45:56] INFO admin/admin.c Received admin command listclients on mount '/Radio'
[2026-05-02  18:46:06] INFO admin/admin.c Received admin command listclients on mount '/Radio'
[2026-05-02  18:46:06] INFO source/source.c listener count on /Radio now 0
[2026-05-02  18:46:06] INFO event-stream/event_stream.c event queued
[2026-05-02  18:46:06] INFO event-stream/event_stream.c event queued
[2026-05-02  18:46:11] EROR connection-handle/connection_handle.c Wrong request type from client
[2026-05-02  18:46:16] INFO admin/admin.c Received admin command listclients on mount '/Radio'
[2026-05-02  18:46:18] INFO event-stream/event_stream.c event queued
[2026-05-02  18:46:18] INFO source/source.c listener count on /Radio now 1
[2026-05-02  18:46:18] INFO event-stream/event_stream.c event queued
[2026-05-02  18:46:23] INFO source/source.c listener count on /Radio now 0
[2026-05-02  18:46:23] INFO event-stream/event_stream.c event queued
[2026-05-02  18:46:23] INFO event-stream/event_stream.c event queued
[2026-05-02  18:46:26] INFO admin/admin.c Received admin command listclients on mount '/Radio'
[2026-05-02  18:46:36] INFO admin/admin.c Received admin command listclients on mount '/Radio'
[2026-05-02  18:46:46] INFO admin/admin.c Received admin command listclients on mount '/Radio'
[2026-05-02  18:46:56] INFO admin/admin.c Received admin command listclients on mount '/Radio'
[2026-05-02  18:47:06] INFO admin/admin.c Received admin command listclients on mount '/Radio'
[2026-05-02  18:47:16] INFO admin/admin.c Received admin command listclients on mount '/Radio'
[2026-05-02  18:47:26] INFO admin/admin.c Received admin command listclients on mount '/Radio'
[2026-05-02  18:47:36] INFO admin/admin.c Received admin command listclients on mount '/Radio'
[2026-05-02  18:47:43] INFO event-stream/event_stream.c event queued
[2026-05-02  18:47:43] INFO source/source.c listener count on /Radio now 1
[2026-05-02  18:47:43] INFO event-stream/event_stream.c event queued
[2026-05-02  18:47:46] INFO admin/admin.c Received admin command listclients on mount '/Radio'
[2026-05-02  18:47:56] INFO admin/admin.c Received admin command listclients on mount '/Radio'
[2026-05-02  18:48:06] INFO admin/admin.c Received admin command listclients on mount '/Radio'
[2026-05-02  18:48:16] INFO admin/admin.c Received admin command listclients on mount '/Radio'
[2026-05-02  18:48:26] INFO admin/admin.c Received admin command listclients on mount '/Radio'
[2026-05-02  18:48:36] INFO admin/admin.c Received admin command listclients on mount '/Radio'
[2026-05-02  18:48:46] INFO admin/admin.c Received admin command listclients on mount '/Radio'
[2026-05-02  18:48:56] INFO admin/admin.c Received admin command listclients on mount '/Radio'
[2026-05-02  18:49:06] INFO admin/admin.c Received admin command listclients on mount '/Radio'
[2026-05-02  18:49:07] INFO admin/admin.c Received admin command metadata on mount '/Radio'
[2026-05-02  18:49:07] WARN admin/admin.c Client 0000018E615E5F70 (role=legacy-global-source, acl=legacy-global-source, username=source) uses safe method GET on /admin/metadata
[2026-05-02  18:49:07] INFO admin/admin.c Metadata on mountpoint /Radio changed to "6A\x20-\x20Energy\x207\x20-\x20Agressor\x20Bunx\x20-\x20Bunker"
[2026-05-02  18:49:07] INFO event-stream/event_stream.c event queued
[2026-05-02  18:49:07] WARN stats/stats.c No charset found for "ISO8859-1"
[2026-05-02  18:49:07] WARN stats/stats.c No charset found for "ISO8859-1"
[2026-05-02  18:49:07] INFO event-stream/event_stream.c event queued
[2026-05-02  18:49:16] INFO admin/admin.c Received admin command listclients on mount '/Radio'
[2026-05-02  18:49:26] INFO admin/admin.c Received admin command listclients on mount '/Radio'
[2026-05-02  18:49:36] INFO admin/admin.c Received admin command listclients on mount '/Radio'
[2026-05-02  18:49:46] INFO admin/admin.c Received admin command listclients on mount '/Radio'
[2026-05-02  18:49:46] INFO event-stream/event_stream.c event queued
[2026-05-02  18:49:46] INFO source/source.c listener count on /Radio now 2
[2026-05-02  18:49:46] INFO event-stream/event_stream.c event queued
[2026-05-02  18:49:56] INFO admin/admin.c Received admin command listclients on mount '/Radio'
[2026-05-02  18:50:06] INFO admin/admin.c Received admin command listclients on mount '/Radio'
[2026-05-02  18:50:16] INFO admin/admin.c Received admin command listclients on mount '/Radio'
[2026-05-02  18:50:26] INFO admin/admin.c Received admin command listclients on mount '/Radio'
[2026-05-02  18:50:36] INFO admin/admin.c Received admin command listclients on mount '/Radio'
[2026-05-02  18:50:46] INFO admin/admin.c Received admin command listclients on mount '/Radio'
[2026-05-02  18:50:56] INFO admin/admin.c Received admin command listclients on mount '/Radio'
[2026-05-02  18:51:06] INFO admin/admin.c Received admin command listclients on mount '/Radio'
[2026-05-02  18:51:16] INFO admin/admin.c Received admin command listclients on mount '/Radio'
[2026-05-02  18:51:26] INFO admin/admin.c Received admin command listclients on mount '/Radio'
[2026-05-02  18:51:36] INFO admin/admin.c Received admin command listclients on mount '/Radio'
[2026-05-02  18:51:46] INFO admin/admin.c Received admin command listclients on mount '/Radio'
[2026-05-02  18:51:56] INFO admin/admin.c Received admin command listclients on mount '/Radio'
[2026-05-02  18:52:06] INFO admin/admin.c Received admin command listclients on mount '/Radio'
[2026-05-02  18:52:16] INFO admin/admin.c Received admin command listclients on mount '/Radio'
[2026-05-02  18:52:26] INFO admin/admin.c Received admin command listclients on mount '/Radio'
[2026-05-02  18:52:36] INFO admin/admin.c Received admin command listclients on mount '/Radio'
[2026-05-02  18:52:43] INFO source/source.c listener count on /Radio now 1
[2026-05-02  18:52:43] INFO event-stream/event_stream.c event queued
[2026-05-02  18:52:46] INFO admin/admin.c Received admin command listclients on mount '/Radio'
[2026-05-02  18:52:47] INFO event-stream/event_stream.c event queued
[2026-05-02  18:52:47] INFO source/source.c listener count on /Radio now 2
[2026-05-02  18:52:47] INFO event-stream/event_stream.c event queued
[2026-05-02  18:52:56] INFO admin/admin.c Received admin command listclients on mount '/Radio'
[2026-05-02  18:53:06] INFO admin/admin.c Received admin command listclients on mount '/Radio'
[2026-05-02  18:53:11] INFO admin/admin.c Received admin command metadata on mount '/Radio'
[2026-05-02  18:53:11] WARN admin/admin.c Client 0000018E616108F0 (role=legacy-global-source, acl=legacy-global-source, username=source) uses safe method GET on /admin/metadata
[2026-05-02  18:53:11] INFO admin/admin.c Metadata on mountpoint /Radio changed to "6A\x20-\x20Energy\x207\x20-\x20Aktive\x20-\x20Let\x20It\x20Off\x20(Original\x20Mix)"
[2026-05-02  18:53:11] INFO event-stream/event_stream.c event queued
[2026-05-02  18:53:11] WARN stats/stats.c No charset found for "ISO8859-1"
[2026-05-02  18:53:11] WARN stats/stats.c No charset found for "ISO8859-1"
[2026-05-02  18:53:11] INFO event-stream/event_stream.c event queued
[2026-05-02  18:53:16] INFO admin/admin.c Received admin command listclients on mount '/Radio'
[2026-05-02  18:53:26] INFO admin/admin.c Received admin command listclients on mount '/Radio'
[2026-05-02  18:53:30] INFO admin/admin.c Received admin command metadata on mount '/Radio'
[2026-05-02  18:53:30] WARN admin/admin.c Client 0000018E615FB9E0 (role=legacy-global-source, acl=legacy-global-source, username=source) uses safe method GET on /admin/metadata
[2026-05-02  18:53:30] INFO admin/admin.c Metadata on mountpoint /Radio changed to "Au5,\x20Nytrix\x20-\x20Always\x20in\x20a\x20Nightmare\x20www.livingelectro.com"
[2026-05-02  18:53:30] INFO event-stream/event_stream.c event queued
[2026-05-02  18:53:30] WARN stats/stats.c No charset found for "ISO8859-1"
[2026-05-02  18:53:30] WARN stats/stats.c No charset found for "ISO8859-1"
[2026-05-02  18:53:30] INFO event-stream/event_stream.c event queued
[2026-05-02  18:53:36] INFO admin/admin.c Received admin command listclients on mount '/Radio'
[2026-05-02  18:53:46] INFO admin/admin.c Received admin command listclients on mount '/Radio'
[2026-05-02  18:53:56] INFO admin/admin.c Received admin command listclients on mount '/Radio'
[2026-05-02  18:54:06] INFO admin/admin.c Received admin command listclients on mount '/Radio'
[2026-05-02  18:54:16] INFO admin/admin.c Received admin command listclients on mount '/Radio'
[2026-05-02  18:54:26] INFO admin/admin.c Received admin command listclients on mount '/Radio'
[2026-05-02  18:54:36] INFO admin/admin.c Received admin command listclients on mount '/Radio'
[2026-05-02  18:54:46] INFO admin/admin.c Received admin command listclients on mount '/Radio'
[2026-05-02  18:54:46] INFO source/source.c listener count on /Radio now 1
[2026-05-02  18:54:46] INFO event-stream/event_stream.c event queued
[2026-05-02  18:54:56] INFO admin/admin.c Received admin command listclients on mount '/Radio'
[2026-05-02  18:55:06] INFO admin/admin.c Received admin command listclients on mount '/Radio'
[2026-05-02  18:55:16] INFO admin/admin.c Received admin command listclients on mount '/Radio'
[2026-05-02  18:55:26] INFO admin/admin.c Received admin command listclients on mount '/Radio'
[2026-05-02  18:55:33] INFO event-stream/event_stream.c event queued
[2026-05-02  18:55:33] INFO source/source.c listener count on /Radio now 2
[2026-05-02  18:55:33] INFO event-stream/event_stream.c event queued
[2026-05-02  18:55:36] INFO admin/admin.c Received admin command listclients on mount '/Radio'
[2026-05-02  18:55:46] INFO admin/admin.c Received admin command listclients on mount '/Radio'
[2026-05-02  18:55:56] INFO admin/admin.c Received admin command listclients on mount '/Radio'
[2026-05-02  18:56:06] INFO admin/admin.c Received admin command listclients on mount '/Radio'
[2026-05-02  18:56:16] INFO admin/admin.c Received admin command listclients on mount '/Radio'
[2026-05-02  18:56:26] INFO admin/admin.c Received admin command listclients on mount '/Radio'
[2026-05-02  18:56:36] INFO admin/admin.c Received admin command listclients on mount '/Radio'
[2026-05-02  18:56:46] INFO admin/admin.c Received admin command listclients on mount '/Radio'
[2026-05-02  18:56:56] INFO admin/admin.c Received admin command listclients on mount '/Radio'
[2026-05-02  18:57:06] INFO admin/admin.c Received admin command listclients on mount '/Radio'
[2026-05-02  18:57:16] INFO admin/admin.c Received admin command listclients on mount '/Radio'
[2026-05-02  18:57:26] INFO admin/admin.c Received admin command listclients on mount '/Radio'
[2026-05-02  18:57:36] INFO admin/admin.c Received admin command listclients on mount '/Radio'
[2026-05-02  18:57:37] INFO event-stream/event_stream.c event queued
[2026-05-02  18:57:37] INFO source/source.c listener count on /Radio now 3
[2026-05-02  18:57:37] INFO event-stream/event_stream.c event queued
[2026-05-02  18:57:46] INFO admin/admin.c Received admin command listclients on mount '/Radio'
[2026-05-02  18:57:47] INFO source/source.c listener count on /Radio now 2
[2026-05-02  18:57:47] INFO event-stream/event_stream.c event queued
[2026-05-02  18:57:56] INFO admin/admin.c Received admin command listclients on mount '/Radio'
[2026-05-02  18:58:06] INFO admin/admin.c Received admin command listclients on mount '/Radio'
[2026-05-02  18:58:16] INFO admin/admin.c Received admin command listclients on mount '/Radio'
[2026-05-02  18:58:26] INFO admin/admin.c Received admin command listclients on mount '/Radio'
[2026-05-02  18:58:36] INFO admin/admin.c Received admin command listclients on mount '/Radio'
[2026-05-02  18:58:46] INFO admin/admin.c Received admin command listclients on mount '/Radio'
[2026-05-02  18:58:56] INFO admin/admin.c Received admin command listclients on mount '/Radio'
[2026-05-02  18:59:06] INFO admin/admin.c Received admin command listclients on mount '/Radio'
[2026-05-02  18:59:16] INFO admin/admin.c Received admin command listclients on mount '/Radio'
[2026-05-02  18:59:26] INFO admin/admin.c Received admin command listclients on mount '/Radio'
[2026-05-02  18:59:36] INFO admin/admin.c Received admin command listclients on mount '/Radio'
[2026-05-02  18:59:42] INFO admin/admin.c Received admin command metadata on mount '/Radio'
[2026-05-02  18:59:42] WARN admin/admin.c Client 0000018E615FD180 (role=legacy-global-source, acl=legacy-global-source, username=source) uses safe method GET on /admin/metadata
[2026-05-02  18:59:42] INFO admin/admin.c Metadata on mountpoint /Radio changed to "BooVox,\x20DropTalk\x20-\x20Automata"
[2026-05-02  18:59:42] INFO event-stream/event_stream.c event queued
[2026-05-02  18:59:42] WARN stats/stats.c No charset found for "ISO8859-1"
[2026-05-02  18:59:42] WARN stats/stats.c No charset found for "ISO8859-1"
[2026-05-02  18:59:42] INFO event-stream/event_stream.c event queued
[2026-05-02  18:59:46] INFO admin/admin.c Received admin command listclients on mount '/Radio'
[2026-05-02  18:59:56] INFO admin/admin.c Received admin command listclients on mount '/Radio'
[2026-05-02  19:00:06] INFO admin/admin.c Received admin command listclients on mount '/Radio'
[2026-05-02  19:00:13] INFO event-stream/event_stream.c event queued
[2026-05-02  19:00:13] INFO source/source.c listener count on /Radio now 3
[2026-05-02  19:00:13] INFO event-stream/event_stream.c event queued
[2026-05-02  19:00:16] INFO admin/admin.c Received admin command listclients on mount '/Radio'
[2026-05-02  19:00:26] INFO admin/admin.c Received admin command listclients on mount '/Radio'
[2026-05-02  19:00:33] INFO source/source.c listener count on /Radio now 2
[2026-05-02  19:00:33] INFO event-stream/event_stream.c event queued
[2026-05-02  19:00:36] INFO admin/admin.c Received admin command listclients on mount '/Radio'
[2026-05-02  19:00:46] INFO admin/admin.c Received admin command listclients on mount '/Radio'
[2026-05-02  19:00:56] INFO admin/admin.c Received admin command listclients on mount '/Radio'
[2026-05-02  19:01:06] INFO admin/admin.c Received admin command listclients on mount '/Radio'
[2026-05-02  19:01:16] INFO admin/admin.c Received admin command listclients on mount '/Radio'
[2026-05-02  19:01:26] INFO admin/admin.c Received admin command listclients on mount '/Radio'
[2026-05-02  19:01:36] INFO admin/admin.c Received admin command listclients on mount '/Radio'
[2026-05-02  19:01:46] INFO admin/admin.c Received admin command listclients on mount '/Radio'
[2026-05-02  19:01:56] INFO admin/admin.c Received admin command listclients on mount '/Radio'
[2026-05-02  19:02:06] INFO admin/admin.c Received admin command listclients on mount '/Radio'
[2026-05-02  19:02:16] INFO admin/admin.c Received admin command listclients on mount '/Radio'
[2026-05-02  19:02:16] INFO event-stream/event_stream.c event queued
[2026-05-02  19:02:16] INFO source/source.c listener count on /Radio now 3
[2026-05-02  19:02:16] INFO event-stream/event_stream.c event queued
[2026-05-02  19:02:26] INFO admin/admin.c Received admin command listclients on mount '/Radio'
[2026-05-02  19:02:36] INFO admin/admin.c Received admin command listclients on mount '/Radio'
[2026-05-02  19:02:37] INFO source/source.c listener count on /Radio now 2
[2026-05-02  19:02:37] INFO event-stream/event_stream.c event queued
[2026-05-02  19:02:46] INFO admin/admin.c Received admin command listclients on mount '/Radio'
[2026-05-02  19:02:55] INFO admin/admin.c Received admin command metadata on mount '/Radio'
[2026-05-02  19:02:55] WARN admin/admin.c Client 0000018E615FC760 (role=legacy-global-source, acl=legacy-global-source, username=source) uses safe method GET on /admin/metadata
[2026-05-02  19:02:55] INFO admin/admin.c Metadata on mountpoint /Radio changed to "Chester\x20Young,\x20Mayone\x20-\x20Cosa\x20Nostra"
[2026-05-02  19:02:55] INFO event-stream/event_stream.c event queued
[2026-05-02  19:02:55] WARN stats/stats.c No charset found for "ISO8859-1"
[2026-05-02  19:02:55] WARN stats/stats.c No charset found for "ISO8859-1"
[2026-05-02  19:02:55] INFO event-stream/event_stream.c event queued
[2026-05-02  19:02:56] INFO admin/admin.c Received admin command listclients on mount '/Radio'
[2026-05-02  19:03:06] INFO admin/admin.c Received admin command listclients on mount '/Radio'
[2026-05-02  19:03:16] INFO admin/admin.c Received admin command listclients on mount '/Radio'
[2026-05-02  19:03:26] INFO admin/admin.c Received admin command listclients on mount '/Radio'
[2026-05-02  19:03:36] INFO admin/admin.c Received admin command listclients on mount '/Radio'
[2026-05-02  19:03:46] INFO admin/admin.c Received admin command listclients on mount '/Radio'
[2026-05-02  19:03:56] INFO admin/admin.c Received admin command listclients on mount '/Radio'
[2026-05-02  19:04:06] INFO admin/admin.c Received admin command listclients on mount '/Radio'
[2026-05-02  19:04:16] INFO admin/admin.c Received admin command listclients on mount '/Radio'
[2026-05-02  19:04:26] INFO admin/admin.c Received admin command listclients on mount '/Radio'
[2026-05-02  19:04:36] INFO admin/admin.c Received admin command listclients on mount '/Radio'
[2026-05-02  19:04:46] INFO admin/admin.c Received admin command listclients on mount '/Radio'
[2026-05-02  19:04:56] INFO admin/admin.c Received admin command listclients on mount '/Radio'
[2026-05-02  19:05:06] INFO admin/admin.c Received admin command listclients on mount '/Radio'
[2026-05-02  19:05:12] INFO source/source.c listener count on /Radio now 1
[2026-05-02  19:05:12] INFO event-stream/event_stream.c event queued
[2026-05-02  19:05:16] INFO admin/admin.c Received admin command listclients on mount '/Radio'
[2026-05-02  19:05:16] INFO event-stream/event_stream.c event queued
[2026-05-02  19:05:16] INFO source/source.c listener count on /Radio now 2
[2026-05-02  19:05:16] INFO event-stream/event_stream.c event queued
[2026-05-02  19:05:26] INFO admin/admin.c Received admin command listclients on mount '/Radio'
[2026-05-02  19:05:36] INFO admin/admin.c Received admin command listclients on mount '/Radio'
[2026-05-02  19:05:46] INFO admin/admin.c Received admin command listclients on mount '/Radio'
[2026-05-02  19:05:56] INFO admin/admin.c Received admin command listclients on mount '/Radio'
[2026-05-02  19:06:06] INFO admin/admin.c Received admin command listclients on mount '/Radio'
[2026-05-02  19:06:11] INFO admin/admin.c Received admin command metadata on mount '/Radio'
[2026-05-02  19:06:11] WARN admin/admin.c Client 0000018E615FCF40 (role=legacy-global-source, acl=legacy-global-source, username=source) uses safe method GET on /admin/metadata
[2026-05-02  19:06:11] INFO admin/admin.c Metadata on mountpoint /Radio changed to "Coma\x20Tek\x20-\x20Fracture"
[2026-05-02  19:06:11] INFO event-stream/event_stream.c event queued
[2026-05-02  19:06:11] WARN stats/stats.c No charset found for "ISO8859-1"
[2026-05-02  19:06:11] WARN stats/stats.c No charset found for "ISO8859-1"
[2026-05-02  19:06:11] INFO event-stream/event_stream.c event queued
[2026-05-02  19:06:16] INFO admin/admin.c Received admin command listclients on mount '/Radio'
[2026-05-02  19:06:26] INFO admin/admin.c Received admin command listclients on mount '/Radio'
[2026-05-02  19:06:36] INFO admin/admin.c Received admin command listclients on mount '/Radio'
[2026-05-02  19:06:46] INFO admin/admin.c Received admin command listclients on mount '/Radio'
[2026-05-02  19:06:56] INFO admin/admin.c Received admin command listclients on mount '/Radio'
[2026-05-02  19:07:06] INFO admin/admin.c Received admin command listclients on mount '/Radio'
[2026-05-02  19:07:16] INFO admin/admin.c Received admin command listclients on mount '/Radio'
[2026-05-02  19:07:16] INFO source/source.c listener count on /Radio now 1
[2026-05-02  19:07:16] INFO event-stream/event_stream.c event queued
[2026-05-02  19:07:26] INFO admin/admin.c Received admin command listclients on mount '/Radio'
[2026-05-02  19:07:36] INFO admin/admin.c Received admin command listclients on mount '/Radio'
[2026-05-02  19:07:46] INFO admin/admin.c Received admin command listclients on mount '/Radio'
[2026-05-02  19:07:56] INFO admin/admin.c Received admin command listclients on mount '/Radio'
[2026-05-02  19:08:06] INFO admin/admin.c Received admin command listclients on mount '/Radio'
[2026-05-02  19:08:16] INFO admin/admin.c Received admin command listclients on mount '/Radio'
[2026-05-02  19:08:16] INFO event-stream/event_stream.c event queued
[2026-05-02  19:08:16] INFO source/source.c listener count on /Radio now 2
[2026-05-02  19:08:16] INFO event-stream/event_stream.c event queued
[2026-05-02  19:08:26] INFO admin/admin.c Received admin command listclients on mount '/Radio'
[2026-05-02  19:08:36] INFO admin/admin.c Received admin command listclients on mount '/Radio'
[2026-05-02  19:08:46] INFO admin/admin.c Received admin command listclients on mount '/Radio'
[2026-05-02  19:08:56] INFO admin/admin.c Received admin command listclients on mount '/Radio'
[2026-05-02  19:09:06] INFO admin/admin.c Received admin command listclients on mount '/Radio'
[2026-05-02  19:09:16] INFO admin/admin.c Received admin command listclients on mount '/Radio'
[2026-05-02  19:09:26] INFO admin/admin.c Received admin command listclients on mount '/Radio'
[2026-05-02  19:09:36] INFO admin/admin.c Received admin command listclients on mount '/Radio'
[2026-05-02  19:09:46] INFO admin/admin.c Received admin command listclients on mount '/Radio'
[2026-05-02  19:09:53] INFO admin/admin.c Received admin command metadata on mount '/Radio'
[2026-05-02  19:09:53] WARN admin/admin.c Client 0000018E615FB560 (role=legacy-global-source, acl=legacy-global-source, username=source) uses safe method GET on /admin/metadata
[2026-05-02  19:09:53] INFO admin/admin.c Metadata on mountpoint /Radio changed to "Control\x20Room\x20-\x20More\x20Beat"
[2026-05-02  19:09:53] INFO event-stream/event_stream.c event queued
[2026-05-02  19:09:53] WARN stats/stats.c No charset found for "ISO8859-1"
[2026-05-02  19:09:53] WARN stats/stats.c No charset found for "ISO8859-1"
[2026-05-02  19:09:53] INFO event-stream/event_stream.c event queued
[2026-05-02  19:09:56] INFO admin/admin.c Received admin command listclients on mount '/Radio'
[2026-05-02  19:10:06] INFO admin/admin.c Received admin command listclients on mount '/Radio'
[2026-05-02  19:10:16] INFO source/source.c listener count on /Radio now 1
[2026-05-02  19:10:16] INFO event-stream/event_stream.c event queued
[2026-05-02  19:10:16] INFO admin/admin.c Received admin command listclients on mount '/Radio'
[2026-05-02  19:10:26] INFO admin/admin.c Received admin command listclients on mount '/Radio'
[2026-05-02  19:10:36] INFO admin/admin.c Received admin command listclients on mount '/Radio'
[2026-05-02  19:10:46] INFO admin/admin.c Received admin command listclients on mount '/Radio'
[2026-05-02  19:10:56] INFO admin/admin.c Received admin command listclients on mount '/Radio'
[2026-05-02  19:11:06] INFO admin/admin.c Received admin command listclients on mount '/Radio'
[2026-05-02  19:11:16] INFO admin/admin.c Received admin command listclients on mount '/Radio'
[2026-05-02  19:11:16] INFO event-stream/event_stream.c event queued
[2026-05-02  19:11:16] INFO source/source.c listener count on /Radio now 2
[2026-05-02  19:11:16] INFO event-stream/event_stream.c event queued
[2026-05-02  19:11:26] INFO admin/admin.c Received admin command listclients on mount '/Radio'
[2026-05-02  19:11:36] INFO admin/admin.c Received admin command listclients on mount '/Radio'
[2026-05-02  19:11:46] INFO admin/admin.c Received admin command listclients on mount '/Radio'
[2026-05-02  19:11:56] INFO admin/admin.c Received admin command listclients on mount '/Radio'
[2026-05-02  19:12:06] INFO admin/admin.c Received admin command listclients on mount '/Radio'
[2026-05-02  19:12:16] INFO admin/admin.c Received admin command listclients on mount '/Radio'
[2026-05-02  19:12:26] INFO admin/admin.c Received admin command listclients on mount '/Radio'
[2026-05-02  19:12:36] INFO admin/admin.c Received admin command listclients on mount '/Radio'
[2026-05-02  19:12:46] INFO admin/admin.c Received admin command listclients on mount '/Radio'
[2026-05-02  19:12:56] INFO admin/admin.c Received admin command listclients on mount '/Radio'
[2026-05-02  19:13:04] INFO admin/admin.c Received admin command metadata on mount '/Radio'
[2026-05-02  19:13:04] WARN admin/admin.c Client 0000018E615FCF40 (role=legacy-global-source, acl=legacy-global-source, username=source) uses safe method GET on /admin/metadata
[2026-05-02  19:13:04] INFO admin/admin.c Metadata on mountpoint /Radio changed to "Daft\x20Punk\x20-\x20End\x20of\x20Line\x20(ATLAST\x20Rmx)"
[2026-05-02  19:13:04] INFO event-stream/event_stream.c event queued
[2026-05-02  19:13:04] WARN stats/stats.c No charset found for "ISO8859-1"
[2026-05-02  19:13:04] WARN stats/stats.c No charset found for "ISO8859-1"
[2026-05-02  19:13:04] INFO event-stream/event_stream.c event queued
[2026-05-02  19:13:06] INFO admin/admin.c Received admin command listclients on mount '/Radio'
[2026-05-02  19:13:16] INFO admin/admin.c Received admin command listclients on mount '/Radio'
[2026-05-02  19:13:16] INFO source/source.c listener count on /Radio now 1
[2026-05-02  19:13:16] INFO event-stream/event_stream.c event queued
[2026-05-02  19:13:26] INFO admin/admin.c Received admin command listclients on mount '/Radio'
[2026-05-02  19:13:36] INFO admin/admin.c Received admin command listclients on mount '/Radio'
[2026-05-02  19:13:46] INFO admin/admin.c Received admin command listclients on mount '/Radio'
[2026-05-02  19:13:56] INFO admin/admin.c Received admin command listclients on mount '/Radio'
[2026-05-02  19:14:06] INFO admin/admin.c Received admin command listclients on mount '/Radio'
[2026-05-02  19:14:16] INFO event-stream/event_stream.c event queued
[2026-05-02  19:14:16] INFO source/source.c listener count on /Radio now 2
[2026-05-02  19:14:16] INFO event-stream/event_stream.c event queued
[2026-05-02  19:14:16] INFO admin/admin.c Received admin command listclients on mount '/Radio'
[2026-05-02  19:14:26] INFO admin/admin.c Received admin command listclients on mount '/Radio'
[2026-05-02  19:14:36] INFO admin/admin.c Received admin command listclients on mount '/Radio'
[2026-05-02  19:14:46] INFO admin/admin.c Received admin command listclients on mount '/Radio'
[2026-05-02  19:14:56] INFO admin/admin.c Received admin command listclients on mount '/Radio'
[2026-05-02  19:15:06] INFO admin/admin.c Received admin command listclients on mount '/Radio'
[2026-05-02  19:15:16] INFO admin/admin.c Received admin command listclients on mount '/Radio'
[2026-05-02  19:15:26] INFO admin/admin.c Received admin command listclients on mount '/Radio'
[2026-05-02  19:15:36] INFO admin/admin.c Received admin command listclients on mount '/Radio'
[2026-05-02  19:15:46] INFO admin/admin.c Received admin command listclients on mount '/Radio'
[2026-05-02  19:15:56] INFO admin/admin.c Received admin command listclients on mount '/Radio'
[2026-05-02  19:16:06] INFO admin/admin.c Received admin command listclients on mount '/Radio'
[2026-05-02  19:16:16] INFO admin/admin.c Received admin command listclients on mount '/Radio'
[2026-05-02  19:16:16] INFO source/source.c listener count on /Radio now 1
[2026-05-02  19:16:16] INFO event-stream/event_stream.c event queued
[2026-05-02  19:16:26] INFO admin/admin.c Received admin command listclients on mount '/Radio'
[2026-05-02  19:16:36] INFO admin/admin.c Received admin command listclients on mount '/Radio'
[2026-05-02  19:16:46] INFO admin/admin.c Received admin command listclients on mount '/Radio'
[2026-05-02  19:16:56] INFO admin/admin.c Received admin command listclients on mount '/Radio'
[2026-05-02  19:17:06] INFO admin/admin.c Received admin command listclients on mount '/Radio'
[2026-05-02  19:17:16] INFO event-stream/event_stream.c event queued
[2026-05-02  19:17:16] INFO source/source.c listener count on /Radio now 2
[2026-05-02  19:17:16] INFO event-stream/event_stream.c event queued
[2026-05-02  19:17:16] INFO admin/admin.c Received admin command listclients on mount '/Radio'
[2026-05-02  19:17:26] INFO admin/admin.c Received admin command listclients on mount '/Radio'
[2026-05-02  19:17:28] INFO admin/admin.c Received admin command metadata on mount '/Radio'
[2026-05-02  19:17:28] WARN admin/admin.c Client 0000018E615FB560 (role=legacy-global-source, acl=legacy-global-source, username=source) uses safe method GET on /admin/metadata
[2026-05-02  19:17:28] INFO admin/admin.c Metadata on mountpoint /Radio changed to "Defunk\x20-\x20Alone"
[2026-05-02  19:17:28] INFO event-stream/event_stream.c event queued
[2026-05-02  19:17:28] WARN stats/stats.c No charset found for "ISO8859-1"
[2026-05-02  19:17:28] WARN stats/stats.c No charset found for "ISO8859-1"
[2026-05-02  19:17:28] INFO event-stream/event_stream.c event queued
[2026-05-02  19:17:36] INFO admin/admin.c Received admin command listclients on mount '/Radio'
[2026-05-02  19:17:46] INFO admin/admin.c Received admin command listclients on mount '/Radio'
[2026-05-02  19:17:56] INFO admin/admin.c Received admin command listclients on mount '/Radio'
[2026-05-02  19:18:06] INFO admin/admin.c Received admin command listclients on mount '/Radio'
[2026-05-02  19:18:16] INFO admin/admin.c Received admin command listclients on mount '/Radio'
[2026-05-02  19:18:26] INFO admin/admin.c Received admin command listclients on mount '/Radio'
[2026-05-02  19:18:36] INFO admin/admin.c Received admin command listclients on mount '/Radio'
[2026-05-02  19:18:46] INFO admin/admin.c Received admin command listclients on mount '/Radio'
[2026-05-02  19:18:56] INFO admin/admin.c Received admin command listclients on mount '/Radio'
[2026-05-02  19:19:06] INFO admin/admin.c Received admin command listclients on mount '/Radio'
[2026-05-02  19:19:16] INFO admin/admin.c Received admin command listclients on mount '/Radio'
[2026-05-02  19:19:16] INFO source/source.c listener count on /Radio now 1
[2026-05-02  19:19:16] INFO event-stream/event_stream.c event queued
[2026-05-02  19:19:26] INFO admin/admin.c Received admin command listclients on mount '/Radio'
[2026-05-02  19:19:36] INFO admin/admin.c Received admin command listclients on mount '/Radio'
[2026-05-02  19:19:46] INFO admin/admin.c Received admin command listclients on mount '/Radio'
[2026-05-02  19:19:56] INFO admin/admin.c Received admin command listclients on mount '/Radio'
[2026-05-02  19:20:06] INFO admin/admin.c Received admin command listclients on mount '/Radio'
[2026-05-02  19:20:16] INFO event-stream/event_stream.c event queued
[2026-05-02  19:20:16] INFO source/source.c listener count on /Radio now 2
[2026-05-02  19:20:16] INFO event-stream/event_stream.c event queued
[2026-05-02  19:20:16] INFO admin/admin.c Received admin command listclients on mount '/Radio'
[2026-05-02  19:20:26] INFO admin/admin.c Received admin command listclients on mount '/Radio'
[2026-05-02  19:20:36] INFO admin/admin.c Received admin command listclients on mount '/Radio'
[2026-05-02  19:20:46] INFO admin/admin.c Received admin command listclients on mount '/Radio'
[2026-05-02  19:20:49] INFO admin/admin.c Received admin command metadata on mount '/Radio'
[2026-05-02  19:20:49] WARN admin/admin.c Client 0000018E6317E860 (role=legacy-global-source, acl=legacy-global-source, username=source) uses safe method GET on /admin/metadata
[2026-05-02  19:20:49] INFO admin/admin.c Metadata on mountpoint /Radio changed to "Dillon\x20Francis\x20-\x20Still\x20Not\x20Butter"
[2026-05-02  19:20:49] INFO event-stream/event_stream.c event queued
[2026-05-02  19:20:49] WARN stats/stats.c No charset found for "ISO8859-1"
[2026-05-02  19:20:49] WARN stats/stats.c No charset found for "ISO8859-1"
[2026-05-02  19:20:49] INFO event-stream/event_stream.c event queued
[2026-05-02  19:20:56] INFO admin/admin.c Received admin command listclients on mount '/Radio'
[2026-05-02  19:21:06] INFO admin/admin.c Received admin command listclients on mount '/Radio'
[2026-05-02  19:21:16] INFO admin/admin.c Received admin command listclients on mount '/Radio'
[2026-05-02  19:21:26] INFO admin/admin.c Received admin command listclients on mount '/Radio'
[2026-05-02  19:21:36] INFO admin/admin.c Received admin command listclients on mount '/Radio'
[2026-05-02  19:21:46] INFO admin/admin.c Received admin command listclients on mount '/Radio'
[2026-05-02  19:21:56] INFO admin/admin.c Received admin command listclients on mount '/Radio'
[2026-05-02  19:22:06] INFO admin/admin.c Received admin command listclients on mount '/Radio'
[2026-05-02  19:22:16] INFO source/source.c listener count on /Radio now 1
[2026-05-02  19:22:16] INFO event-stream/event_stream.c event queued
[2026-05-02  19:22:16] INFO admin/admin.c Received admin command listclients on mount '/Radio'
[2026-05-02  19:22:26] INFO admin/admin.c Received admin command listclients on mount '/Radio'
[2026-05-02  19:22:36] INFO admin/admin.c Received admin command listclients on mount '/Radio'
[2026-05-02  19:22:46] INFO admin/admin.c Received admin command listclients on mount '/Radio'
[2026-05-02  19:22:56] INFO admin/admin.c Received admin command listclients on mount '/Radio'
[2026-05-02  19:23:06] INFO admin/admin.c Received admin command listclients on mount '/Radio'
[2026-05-02  19:23:16] INFO event-stream/event_stream.c event queued
[2026-05-02  19:23:16] INFO source/source.c listener count on /Radio now 2
[2026-05-02  19:23:16] INFO event-stream/event_stream.c event queued
[2026-05-02  19:23:16] INFO admin/admin.c Received admin command listclients on mount '/Radio'
[2026-05-02  19:23:26] INFO admin/admin.c Received admin command listclients on mount '/Radio'
[2026-05-02  19:23:36] INFO admin/admin.c Received admin command listclients on mount '/Radio'
[2026-05-02  19:23:46] INFO admin/admin.c Received admin command listclients on mount '/Radio'
[2026-05-02  19:23:56] INFO admin/admin.c Received admin command listclients on mount '/Radio'
[2026-05-02  19:24:06] INFO admin/admin.c Received admin command listclients on mount '/Radio'
[2026-05-02  19:24:15] INFO admin/admin.c Received admin command metadata on mount '/Radio'
[2026-05-02  19:24:15] WARN admin/admin.c Client 0000018E6317E080 (role=legacy-global-source, acl=legacy-global-source, username=source) uses safe method GET on /admin/metadata
[2026-05-02  19:24:15] INFO admin/admin.c Metadata on mountpoint /Radio changed to "Dropgun\x20-\x20Chicken\x20Run\x20(Extended\x20Mix)\x20[by\x20DragoN_Sky]"
[2026-05-02  19:24:15] INFO event-stream/event_stream.c event queued
[2026-05-02  19:24:15] WARN stats/stats.c No charset found for "ISO8859-1"
[2026-05-02  19:24:15] WARN stats/stats.c No charset found for "ISO8859-1"
[2026-05-02  19:24:15] INFO event-stream/event_stream.c event queued
[2026-05-02  19:24:16] INFO admin/admin.c Received admin command listclients on mount '/Radio'
[2026-05-02  19:24:26] INFO admin/admin.c Received admin command listclients on mount '/Radio'
[2026-05-02  19:24:36] INFO admin/admin.c Received admin command listclients on mount '/Radio'
[2026-05-02  19:24:46] INFO admin/admin.c Received admin command listclients on mount '/Radio'
[2026-05-02  19:24:56] INFO admin/admin.c Received admin command listclients on mount '/Radio'
[2026-05-02  19:25:06] INFO admin/admin.c Received admin command listclients on mount '/Radio'
[2026-05-02  19:25:16] INFO source/source.c listener count on /Radio now 1
[2026-05-02  19:25:16] INFO event-stream/event_stream.c event queued
[2026-05-02  19:25:16] INFO admin/admin.c Received admin command listclients on mount '/Radio'
[2026-05-02  19:25:26] INFO admin/admin.c Received admin command listclients on mount '/Radio'
[2026-05-02  19:25:36] INFO admin/admin.c Received admin command listclients on mount '/Radio'
[2026-05-02  19:25:46] INFO admin/admin.c Received admin command listclients on mount '/Radio'
[2026-05-02  19:25:56] INFO admin/admin.c Received admin command listclients on mount '/Radio'
[2026-05-02  19:26:06] INFO admin/admin.c Received admin command listclients on mount '/Radio'
[2026-05-02  19:26:16] INFO event-stream/event_stream.c event queued
[2026-05-02  19:26:16] INFO source/source.c listener count on /Radio now 2
[2026-05-02  19:26:16] INFO event-stream/event_stream.c event queued
[2026-05-02  19:26:16] INFO admin/admin.c Received admin command listclients on mount '/Radio'
[2026-05-02  19:26:26] INFO admin/admin.c Received admin command listclients on mount '/Radio'
[2026-05-02  19:26:36] INFO admin/admin.c Received admin command listclients on mount '/Radio'
[2026-05-02  19:26:46] INFO admin/admin.c Received admin command listclients on mount '/Radio'
[2026-05-02  19:26:56] INFO admin/admin.c Received admin command listclients on mount '/Radio'
[2026-05-02  19:27:06] INFO admin/admin.c Received admin command listclients on mount '/Radio'
[2026-05-02  19:27:09] INFO admin/admin.c Received admin command metadata on mount '/Radio'
[2026-05-02  19:27:09] WARN admin/admin.c Client 0000018E6317EE00 (role=legacy-global-source, acl=legacy-global-source, username=source) uses safe method GET on /admin/metadata
[2026-05-02  19:27:09] INFO admin/admin.c Metadata on mountpoint /Radio changed to "Dropgun\x20-\x20Confession\x20(Extended\x20Mix)\x20www.livingelectro.com"
[2026-05-02  19:27:09] INFO event-stream/event_stream.c event queued
[2026-05-02  19:27:09] WARN stats/stats.c No charset found for "ISO8859-1"
[2026-05-02  19:27:09] WARN stats/stats.c No charset found for "ISO8859-1"
[2026-05-02  19:27:09] INFO event-stream/event_stream.c event queued
[2026-05-02  19:27:16] INFO admin/admin.c Received admin command listclients on mount '/Radio'
[2026-05-02  19:27:26] INFO admin/admin.c Received admin command listclients on mount '/Radio'
[2026-05-02  19:27:36] INFO admin/admin.c Received admin command listclients on mount '/Radio'
[2026-05-02  19:27:46] INFO admin/admin.c Received admin command listclients on mount '/Radio'
[2026-05-02  19:27:56] INFO admin/admin.c Received admin command listclients on mount '/Radio'
[2026-05-02  19:28:06] INFO admin/admin.c Received admin command listclients on mount '/Radio'
[2026-05-02  19:28:16] INFO source/source.c listener count on /Radio now 1
[2026-05-02  19:28:16] INFO event-stream/event_stream.c event queued
[2026-05-02  19:28:16] INFO admin/admin.c Received admin command listclients on mount '/Radio'
[2026-05-02  19:28:26] INFO admin/admin.c Received admin command listclients on mount '/Radio'
[2026-05-02  19:28:36] INFO admin/admin.c Received admin command listclients on mount '/Radio'
[2026-05-02  19:28:46] INFO admin/admin.c Received admin command listclients on mount '/Radio'
[2026-05-02  19:28:56] INFO admin/admin.c Received admin command listclients on mount '/Radio'
[2026-05-02  19:29:06] INFO admin/admin.c Received admin command listclients on mount '/Radio'
[2026-05-02  19:29:16] INFO event-stream/event_stream.c event queued
[2026-05-02  19:29:16] INFO source/source.c listener count on /Radio now 2
[2026-05-02  19:29:16] INFO event-stream/event_stream.c event queued
[2026-05-02  19:29:16] INFO admin/admin.c Received admin command listclients on mount '/Radio'
[2026-05-02  19:29:26] INFO admin/admin.c Received admin command listclients on mount '/Radio'
[2026-05-02  19:29:30] INFO admin/admin.c Received admin command metadata on mount '/Radio'
[2026-05-02  19:29:30] WARN admin/admin.c Client 0000018E6317E080 (role=legacy-global-source, acl=legacy-global-source, username=source) uses safe method GET on /admin/metadata
[2026-05-02  19:29:30] INFO admin/admin.c Metadata on mountpoint /Radio changed to "Dropgun\x20-\x20Chicken\x20Run\x20(Extended\x20Mix)\x20[by\x20DragoN_Sky]"
[2026-05-02  19:29:30] INFO event-stream/event_stream.c event queued
[2026-05-02  19:29:30] WARN stats/stats.c No charset found for "ISO8859-1"
[2026-05-02  19:29:30] WARN stats/stats.c No charset found for "ISO8859-1"
[2026-05-02  19:29:30] INFO event-stream/event_stream.c event queued
[2026-05-02  19:29:36] INFO admin/admin.c Received admin command listclients on mount '/Radio'
[2026-05-02  19:29:46] INFO admin/admin.c Received admin command listclients on mount '/Radio'
[2026-05-02  19:29:56] INFO admin/admin.c Received admin command listclients on mount '/Radio'
[2026-05-02  19:30:06] INFO admin/admin.c Received admin command listclients on mount '/Radio'
[2026-05-02  19:30:16] INFO admin/admin.c Received admin command listclients on mount '/Radio'
[2026-05-02  19:30:26] INFO admin/admin.c Received admin command listclients on mount '/Radio'
[2026-05-02  19:30:36] INFO admin/admin.c Received admin command listclients on mount '/Radio'
[2026-05-02  19:30:46] INFO admin/admin.c Received admin command listclients on mount '/Radio'
[2026-05-02  19:30:56] INFO admin/admin.c Received admin command listclients on mount '/Radio'
[2026-05-02  19:31:06] INFO admin/admin.c Received admin command listclients on mount '/Radio'
[2026-05-02  19:31:16] INFO source/source.c listener count on /Radio now 1
[2026-05-02  19:31:16] INFO event-stream/event_stream.c event queued
[2026-05-02  19:31:16] INFO admin/admin.c Received admin command listclients on mount '/Radio'
[2026-05-02  19:31:26] INFO admin/admin.c Received admin command listclients on mount '/Radio'
[2026-05-02  19:31:36] INFO admin/admin.c Received admin command listclients on mount '/Radio'
[2026-05-02  19:31:46] INFO admin/admin.c Received admin command listclients on mount '/Radio'
[2026-05-02  19:31:56] INFO admin/admin.c Received admin command listclients on mount '/Radio'
[2026-05-02  19:32:06] INFO admin/admin.c Received admin command listclients on mount '/Radio'
[2026-05-02  19:32:16] INFO event-stream/event_stream.c event queued
[2026-05-02  19:32:16] INFO source/source.c listener count on /Radio now 2
[2026-05-02  19:32:16] INFO event-stream/event_stream.c event queued
[2026-05-02  19:32:16] INFO admin/admin.c Received admin command listclients on mount '/Radio'
[2026-05-02  19:32:25] INFO admin/admin.c Received admin command metadata on mount '/Radio'
[2026-05-02  19:32:25] WARN admin/admin.c Client 0000018E6317EAA0 (role=legacy-global-source, acl=legacy-global-source, username=source) uses safe method GET on /admin/metadata
[2026-05-02  19:32:25] INFO admin/admin.c Metadata on mountpoint /Radio changed to "Dropgun\x20-\x20Confession\x20(Extended\x20Mix)\x20www.livingelectro.com"
[2026-05-02  19:32:25] INFO event-stream/event_stream.c event queued
[2026-05-02  19:32:25] WARN stats/stats.c No charset found for "ISO8859-1"
[2026-05-02  19:32:25] WARN stats/stats.c No charset found for "ISO8859-1"
[2026-05-02  19:32:25] INFO event-stream/event_stream.c event queued
[2026-05-02  19:32:26] INFO admin/admin.c Received admin command listclients on mount '/Radio'
[2026-05-02  19:32:36] INFO admin/admin.c Received admin command listclients on mount '/Radio'
[2026-05-02  19:32:46] INFO admin/admin.c Received admin command listclients on mount '/Radio'
[2026-05-02  19:32:56] INFO admin/admin.c Received admin command listclients on mount '/Radio'
[2026-05-02  19:33:06] INFO admin/admin.c Received admin command listclients on mount '/Radio'
[2026-05-02  19:33:16] INFO admin/admin.c Received admin command listclients on mount '/Radio'
[2026-05-02  19:33:26] INFO admin/admin.c Received admin command listclients on mount '/Radio'
[2026-05-02  19:33:36] INFO admin/admin.c Received admin command listclients on mount '/Radio'
[2026-05-02  19:33:46] INFO admin/admin.c Received admin command listclients on mount '/Radio'
[2026-05-02  19:33:56] INFO admin/admin.c Received admin command listclients on mount '/Radio'
[2026-05-02  19:34:06] INFO admin/admin.c Received admin command listclients on mount '/Radio'
[2026-05-02  19:34:16] INFO source/source.c listener count on /Radio now 1
[2026-05-02  19:34:16] INFO event-stream/event_stream.c event queued
[2026-05-02  19:34:16] INFO admin/admin.c Received admin command listclients on mount '/Radio'
[2026-05-02  19:34:26] INFO admin/admin.c Received admin command listclients on mount '/Radio'
[2026-05-02  19:34:36] INFO admin/admin.c Received admin command listclients on mount '/Radio'
[2026-05-02  19:34:46] INFO admin/admin.c Received admin command listclients on mount '/Radio'
[2026-05-02  19:34:56] INFO admin/admin.c Received admin command listclients on mount '/Radio'
[2026-05-02  19:35:06] INFO admin/admin.c Received admin command listclients on mount '/Radio'
[2026-05-02  19:35:16] INFO event-stream/event_stream.c event queued
[2026-05-02  19:35:16] INFO source/source.c listener count on /Radio now 2
[2026-05-02  19:35:16] INFO event-stream/event_stream.c event queued
[2026-05-02  19:35:16] INFO admin/admin.c Received admin command listclients on mount '/Radio'
[2026-05-02  19:35:26] INFO admin/admin.c Received admin command listclients on mount '/Radio'
[2026-05-02  19:35:36] INFO admin/admin.c Received admin command listclients on mount '/Radio'
[2026-05-02  19:35:46] INFO admin/admin.c Received admin command listclients on mount '/Radio'
[2026-05-02  19:35:56] INFO admin/admin.c Received admin command listclients on mount '/Radio'
[2026-05-02  19:36:06] INFO admin/admin.c Received admin command listclients on mount '/Radio'
[2026-05-02  19:36:16] INFO admin/admin.c Received admin command listclients on mount '/Radio'
[2026-05-02  19:36:26] INFO admin/admin.c Received admin command listclients on mount '/Radio'
[2026-05-02  19:36:36] INFO admin/admin.c Received admin command listclients on mount '/Radio'
[2026-05-02  19:36:38] INFO admin/admin.c Received admin command metadata on mount '/Radio'
[2026-05-02  19:36:38] WARN admin/admin.c Client 0000018E6317EE00 (role=legacy-global-source, acl=legacy-global-source, username=source) uses safe method GET on /admin/metadata
[2026-05-02  19:36:38] INFO admin/admin.c Metadata on mountpoint /Radio changed to "F.O.O.L\x20-\x20Mercenary\x20(feat.\x20Power\x20Glove)"
[2026-05-02  19:36:38] INFO event-stream/event_stream.c event queued
[2026-05-02  19:36:38] WARN stats/stats.c No charset found for "ISO8859-1"
[2026-05-02  19:36:38] WARN stats/stats.c No charset found for "ISO8859-1"
[2026-05-02  19:36:38] INFO event-stream/event_stream.c event queued
[2026-05-02  19:36:46] INFO admin/admin.c Received admin command listclients on mount '/Radio'
[2026-05-02  19:36:56] INFO admin/admin.c Received admin command listclients on mount '/Radio'
[2026-05-02  19:37:06] INFO admin/admin.c Received admin command listclients on mount '/Radio'
[2026-05-02  19:37:16] INFO source/source.c listener count on /Radio now 1
[2026-05-02  19:37:16] INFO event-stream/event_stream.c event queued
[2026-05-02  19:37:16] INFO admin/admin.c Received admin command listclients on mount '/Radio'
[2026-05-02  19:37:26] INFO admin/admin.c Received admin command listclients on mount '/Radio'
[2026-05-02  19:37:36] INFO admin/admin.c Received admin command listclients on mount '/Radio'
[2026-05-02  19:37:46] INFO admin/admin.c Received admin command listclients on mount '/Radio'
[2026-05-02  19:37:56] INFO admin/admin.c Received admin command listclients on mount '/Radio'
[2026-05-02  19:38:06] INFO admin/admin.c Received admin command listclients on mount '/Radio'
[2026-05-02  19:38:16] INFO event-stream/event_stream.c event queued
[2026-05-02  19:38:16] INFO source/source.c listener count on /Radio now 2
[2026-05-02  19:38:16] INFO event-stream/event_stream.c event queued
[2026-05-02  19:38:16] INFO admin/admin.c Received admin command listclients on mount '/Radio'
[2026-05-02  19:38:26] INFO admin/admin.c Received admin command listclients on mount '/Radio'
[2026-05-02  19:38:36] INFO admin/admin.c Received admin command listclients on mount '/Radio'
[2026-05-02  19:38:46] INFO admin/admin.c Received admin command listclients on mount '/Radio'
[2026-05-02  19:38:56] INFO admin/admin.c Received admin command listclients on mount '/Radio'
[2026-05-02  19:39:06] INFO admin/admin.c Received admin command listclients on mount '/Radio'
[2026-05-02  19:39:16] INFO admin/admin.c Received admin command listclients on mount '/Radio'
[2026-05-02  19:39:26] INFO admin/admin.c Received admin command listclients on mount '/Radio'
[2026-05-02  19:39:36] INFO admin/admin.c Received admin command listclients on mount '/Radio'
[2026-05-02  19:39:46] INFO admin/admin.c Received admin command listclients on mount '/Radio'
[2026-05-02  19:39:56] INFO admin/admin.c Received admin command listclients on mount '/Radio'
[2026-05-02  19:40:06] INFO admin/admin.c Received admin command listclients on mount '/Radio'
[2026-05-02  19:40:14] INFO admin/admin.c Received admin command metadata on mount '/Radio'
[2026-05-02  19:40:14] WARN admin/admin.c Client 0000018E6317DE40 (role=legacy-global-source, acl=legacy-global-source, username=source) uses safe method GET on /admin/metadata
[2026-05-02  19:40:14] INFO admin/admin.c Metadata on mountpoint /Radio changed to "F.O.O.L\x20&\x20Skum\x20-\x20Hysteria\x20(Original\x20Mix)\x20[by\x20DragoN_Sky]"
[2026-05-02  19:40:14] INFO event-stream/event_stream.c event queued
[2026-05-02  19:40:14] WARN stats/stats.c No charset found for "ISO8859-1"
[2026-05-02  19:40:14] WARN stats/stats.c No charset found for "ISO8859-1"
[2026-05-02  19:40:14] INFO event-stream/event_stream.c event queued
[2026-05-02  19:40:16] INFO source/source.c listener count on /Radio now 1
[2026-05-02  19:40:16] INFO event-stream/event_stream.c event queued
[2026-05-02  19:40:16] INFO admin/admin.c Received admin command listclients on mount '/Radio'
[2026-05-02  19:40:26] INFO admin/admin.c Received admin command listclients on mount '/Radio'
[2026-05-02  19:40:36] INFO admin/admin.c Received admin command listclients on mount '/Radio'
[2026-05-02  19:40:46] INFO admin/admin.c Received admin command listclients on mount '/Radio'
[2026-05-02  19:40:56] INFO admin/admin.c Received admin command listclients on mount '/Radio'
[2026-05-02  19:41:06] INFO admin/admin.c Received admin command listclients on mount '/Radio'
[2026-05-02  19:41:16] INFO event-stream/event_stream.c event queued
[2026-05-02  19:41:16] INFO source/source.c listener count on /Radio now 2
[2026-05-02  19:41:16] INFO event-stream/event_stream.c event queued
[2026-05-02  19:41:16] INFO admin/admin.c Received admin command listclients on mount '/Radio'
[2026-05-02  19:41:26] INFO admin/admin.c Received admin command listclients on mount '/Radio'
[2026-05-02  19:41:36] INFO admin/admin.c Received admin command listclients on mount '/Radio'
[2026-05-02  19:41:46] INFO admin/admin.c Received admin command listclients on mount '/Radio'
[2026-05-02  19:41:56] INFO admin/admin.c Received admin command listclients on mount '/Radio'
[2026-05-02  19:42:06] INFO admin/admin.c Received admin command listclients on mount '/Radio'
[2026-05-02  19:42:16] INFO admin/admin.c Received admin command listclients on mount '/Radio'
[2026-05-02  19:42:26] INFO admin/admin.c Received admin command listclients on mount '/Radio'
[2026-05-02  19:42:36] INFO admin/admin.c Received admin command listclients on mount '/Radio'
[2026-05-02  19:42:46] INFO admin/admin.c Received admin command listclients on mount '/Radio'
[2026-05-02  19:42:56] INFO admin/admin.c Received admin command listclients on mount '/Radio'
[2026-05-02  19:43:06] INFO admin/admin.c Received admin command listclients on mount '/Radio'
[2026-05-02  19:43:16] INFO source/source.c listener count on /Radio now 1
[2026-05-02  19:43:16] INFO event-stream/event_stream.c event queued
[2026-05-02  19:43:16] INFO admin/admin.c Received admin command listclients on mount '/Radio'
[2026-05-02  19:43:26] INFO admin/admin.c Received admin command listclients on mount '/Radio'
[2026-05-02  19:43:36] INFO admin/admin.c Received admin command listclients on mount '/Radio'
[2026-05-02  19:43:43] INFO admin/admin.c Received admin command metadata on mount '/Radio'
[2026-05-02  19:43:43] WARN admin/admin.c Client 0000018E6317D660 (role=legacy-global-source, acl=legacy-global-source, username=source) uses safe method GET on /admin/metadata
[2026-05-02  19:43:43] INFO admin/admin.c Metadata on mountpoint /Radio changed to "Figure\x20&\x20Hatch\x20-\x20The\x20Voices"
[2026-05-02  19:43:43] INFO event-stream/event_stream.c event queued
[2026-05-02  19:43:43] WARN stats/stats.c No charset found for "ISO8859-1"
[2026-05-02  19:43:43] WARN stats/stats.c No charset found for "ISO8859-1"
[2026-05-02  19:43:43] INFO event-stream/event_stream.c event queued
[2026-05-02  19:43:46] INFO admin/admin.c Received admin command listclients on mount '/Radio'
[2026-05-02  19:43:56] INFO admin/admin.c Received admin command listclients on mount '/Radio'
[2026-05-02  19:44:06] INFO admin/admin.c Received admin command listclients on mount '/Radio'
[2026-05-02  19:44:16] INFO event-stream/event_stream.c event queued
[2026-05-02  19:44:16] INFO source/source.c listener count on /Radio now 2
[2026-05-02  19:44:16] INFO event-stream/event_stream.c event queued
[2026-05-02  19:44:16] INFO admin/admin.c Received admin command listclients on mount '/Radio'
[2026-05-02  19:44:26] INFO admin/admin.c Received admin command listclients on mount '/Radio'
[2026-05-02  19:44:36] INFO admin/admin.c Received admin command listclients on mount '/Radio'
[2026-05-02  19:44:46] INFO admin/admin.c Received admin command listclients on mount '/Radio'
[2026-05-02  19:44:56] INFO admin/admin.c Received admin command listclients on mount '/Radio'
[2026-05-02  19:45:06] INFO admin/admin.c Received admin command listclients on mount '/Radio'
[2026-05-02  19:45:16] INFO admin/admin.c Received admin command listclients on mount '/Radio'
[2026-05-02  19:45:26] INFO admin/admin.c Received admin command listclients on mount '/Radio'
[2026-05-02  19:45:36] INFO admin/admin.c Received admin command listclients on mount '/Radio'
[2026-05-02  19:45:46] INFO admin/admin.c Received admin command listclients on mount '/Radio'
[2026-05-02  19:45:56] INFO admin/admin.c Received admin command listclients on mount '/Radio'
[2026-05-02  19:46:04] INFO admin/admin.c Received admin command metadata on mount '/Radio'
[2026-05-02  19:46:04] WARN admin/admin.c Client 0000018E615E5AF0 (role=legacy-global-source, acl=legacy-global-source, username=source) uses safe method GET on /admin/metadata
[2026-05-02  19:46:04] INFO admin/admin.c Metadata on mountpoint /Radio changed to "Fury\x20Weekend\x20-\x20Automatic\x20Love\x20(Extra\x20Terra\x20Remix)\x20[by\x20DragoN_Sky]"
[2026-05-02  19:46:04] INFO event-stream/event_stream.c event queued
[2026-05-02  19:46:04] WARN stats/stats.c No charset found for "ISO8859-1"
[2026-05-02  19:46:04] WARN stats/stats.c No charset found for "ISO8859-1"
[2026-05-02  19:46:04] INFO event-stream/event_stream.c event queued
[2026-05-02  19:46:06] INFO admin/admin.c Received admin command listclients on mount '/Radio'
[2026-05-02  19:46:16] INFO source/source.c listener count on /Radio now 1
[2026-05-02  19:46:16] INFO event-stream/event_stream.c event queued
[2026-05-02  19:46:16] INFO admin/admin.c Received admin command listclients on mount '/Radio'
[2026-05-02  19:46:26] INFO admin/admin.c Received admin command listclients on mount '/Radio'
[2026-05-02  19:46:36] INFO admin/admin.c Received admin command listclients on mount '/Radio'
[2026-05-02  19:46:46] INFO admin/admin.c Received admin command listclients on mount '/Radio'
[2026-05-02  19:46:56] INFO admin/admin.c Received admin command listclients on mount '/Radio'
[2026-05-02  19:47:06] INFO admin/admin.c Received admin command listclients on mount '/Radio'
[2026-05-02  19:47:16] INFO event-stream/event_stream.c event queued
[2026-05-02  19:47:16] INFO source/source.c listener count on /Radio now 2
[2026-05-02  19:47:16] INFO event-stream/event_stream.c event queued
[2026-05-02  19:47:16] INFO admin/admin.c Received admin command listclients on mount '/Radio'
[2026-05-02  19:47:26] INFO admin/admin.c Received admin command listclients on mount '/Radio'
[2026-05-02  19:47:36] INFO admin/admin.c Received admin command listclients on mount '/Radio'
[2026-05-02  19:47:46] INFO admin/admin.c Received admin command listclients on mount '/Radio'
[2026-05-02  19:47:56] INFO admin/admin.c Received admin command listclients on mount '/Radio'
[2026-05-02  19:48:06] INFO admin/admin.c Received admin command listclients on mount '/Radio'
[2026-05-02  19:48:16] INFO admin/admin.c Received admin command listclients on mount '/Radio'
[2026-05-02  19:48:26] INFO admin/admin.c Received admin command listclients on mount '/Radio'
[2026-05-02  19:48:36] INFO admin/admin.c Received admin command listclients on mount '/Radio'
[2026-05-02  19:48:46] INFO admin/admin.c Received admin command listclients on mount '/Radio'
[2026-05-02  19:48:56] INFO admin/admin.c Received admin command listclients on mount '/Radio'
[2026-05-02  19:49:06] INFO admin/admin.c Received admin command listclients on mount '/Radio'
[2026-05-02  19:49:16] INFO source/source.c listener count on /Radio now 1
[2026-05-02  19:49:16] INFO event-stream/event_stream.c event queued
[2026-05-02  19:49:16] INFO admin/admin.c Received admin command listclients on mount '/Radio'
[2026-05-02  19:49:26] INFO admin/admin.c Received admin command listclients on mount '/Radio'
[2026-05-02  19:49:36] INFO admin/admin.c Received admin command listclients on mount '/Radio'
[2026-05-02  19:49:46] INFO admin/admin.c Received admin command listclients on mount '/Radio'
[2026-05-02  19:49:56] INFO admin/admin.c Received admin command listclients on mount '/Radio'
[2026-05-02  19:50:06] INFO admin/admin.c Received admin command listclients on mount '/Radio'
[2026-05-02  19:50:15] INFO admin/admin.c Received admin command metadata on mount '/Radio'
[2026-05-02  19:50:15] WARN admin/admin.c Client 0000018E63195D80 (role=legacy-global-source, acl=legacy-global-source, username=source) uses safe method GET on /admin/metadata
[2026-05-02  19:50:15] INFO admin/admin.c Metadata on mountpoint /Radio changed to "FWLR\x20-\x20Bust\x20It\x20Out\x20(Original\x20Mix)\x20[by\x20DragoN_Sky]"
[2026-05-02  19:50:15] INFO event-stream/event_stream.c event queued
[2026-05-02  19:50:15] WARN stats/stats.c No charset found for "ISO8859-1"
[2026-05-02  19:50:15] WARN stats/stats.c No charset found for "ISO8859-1"
[2026-05-02  19:50:15] INFO event-stream/event_stream.c event queued
[2026-05-02  19:50:16] INFO event-stream/event_stream.c event queued
[2026-05-02  19:50:16] INFO source/source.c listener count on /Radio now 2
[2026-05-02  19:50:16] INFO event-stream/event_stream.c event queued
[2026-05-02  19:50:16] INFO admin/admin.c Received admin command listclients on mount '/Radio'
[2026-05-02  19:50:26] INFO admin/admin.c Received admin command listclients on mount '/Radio'
[2026-05-02  19:50:36] INFO admin/admin.c Received admin command listclients on mount '/Radio'
[2026-05-02  19:50:46] INFO admin/admin.c Received admin command listclients on mount '/Radio'
[2026-05-02  19:50:56] INFO admin/admin.c Received admin command listclients on mount '/Radio'
[2026-05-02  19:51:06] INFO admin/admin.c Received admin command listclients on mount '/Radio'
[2026-05-02  19:51:16] INFO admin/admin.c Received admin command listclients on mount '/Radio'
[2026-05-02  19:51:26] INFO admin/admin.c Received admin command listclients on mount '/Radio'
[2026-05-02  19:51:36] INFO admin/admin.c Received admin command listclients on mount '/Radio'
[2026-05-02  19:51:46] INFO admin/admin.c Received admin command listclients on mount '/Radio'
[2026-05-02  19:51:56] INFO admin/admin.c Received admin command listclients on mount '/Radio'
[2026-05-02  19:52:06] INFO admin/admin.c Received admin command listclients on mount '/Radio'
[2026-05-02  19:52:16] INFO source/source.c listener count on /Radio now 1
[2026-05-02  19:52:16] INFO event-stream/event_stream.c event queued
[2026-05-02  19:52:16] INFO admin/admin.c Received admin command listclients on mount '/Radio'
[2026-05-02  19:52:26] INFO admin/admin.c Received admin command listclients on mount '/Radio'
[2026-05-02  19:52:36] INFO admin/admin.c Received admin command listclients on mount '/Radio'
[2026-05-02  19:52:46] INFO admin/admin.c Received admin command listclients on mount '/Radio'
[2026-05-02  19:52:56] INFO admin/admin.c Received admin command listclients on mount '/Radio'
[2026-05-02  19:53:06] INFO admin/admin.c Received admin command listclients on mount '/Radio'
[2026-05-02  19:53:16] INFO event-stream/event_stream.c event queued
[2026-05-02  19:53:16] INFO source/source.c listener count on /Radio now 2
[2026-05-02  19:53:16] INFO event-stream/event_stream.c event queued
[2026-05-02  19:53:16] INFO admin/admin.c Received admin command listclients on mount '/Radio'
[2026-05-02  19:53:17] INFO admin/admin.c Received admin command metadata on mount '/Radio'
[2026-05-02  19:53:17] WARN admin/admin.c Client 0000018E63195FC0 (role=legacy-global-source, acl=legacy-global-source, username=source) uses safe method GET on /admin/metadata
[2026-05-02  19:53:17] INFO admin/admin.c Metadata on mountpoint /Radio changed to "Gesaffelstein\x20-\x20Pursuit\x20(KLOUD\x20Remix)\x20[by\x20DragoN_Sky]"
[2026-05-02  19:53:17] INFO event-stream/event_stream.c event queued
[2026-05-02  19:53:17] WARN stats/stats.c No charset found for "ISO8859-1"
[2026-05-02  19:53:17] WARN stats/stats.c No charset found for "ISO8859-1"
[2026-05-02  19:53:17] INFO event-stream/event_stream.c event queued
[2026-05-02  19:53:26] INFO admin/admin.c Received admin command listclients on mount '/Radio'
[2026-05-02  19:53:36] INFO admin/admin.c Received admin command listclients on mount '/Radio'
[2026-05-02  19:53:46] INFO admin/admin.c Received admin command listclients on mount '/Radio'
[2026-05-02  19:53:56] INFO admin/admin.c Received admin command listclients on mount '/Radio'
[2026-05-02  19:54:06] INFO admin/admin.c Received admin command listclients on mount '/Radio'
[2026-05-02  19:54:16] INFO admin/admin.c Received admin command listclients on mount '/Radio'
[2026-05-02  19:54:26] INFO admin/admin.c Received admin command listclients on mount '/Radio'
[2026-05-02  19:54:36] INFO admin/admin.c Received admin command listclients on mount '/Radio'
[2026-05-02  19:54:46] INFO admin/admin.c Received admin command listclients on mount '/Radio'
[2026-05-02  19:54:56] INFO admin/admin.c Received admin command listclients on mount '/Radio'
[2026-05-02  19:55:06] INFO admin/admin.c Received admin command listclients on mount '/Radio'
[2026-05-02  19:55:16] INFO source/source.c listener count on /Radio now 1
[2026-05-02  19:55:16] INFO event-stream/event_stream.c event queued
[2026-05-02  19:55:16] INFO admin/admin.c Received admin command listclients on mount '/Radio'
[2026-05-02  19:55:26] INFO admin/admin.c Received admin command listclients on mount '/Radio'
[2026-05-02  19:55:36] INFO admin/admin.c Received admin command listclients on mount '/Radio'
[2026-05-02  19:55:46] INFO admin/admin.c Received admin command listclients on mount '/Radio'
[2026-05-02  19:55:56] INFO admin/admin.c Received admin command listclients on mount '/Radio'
[2026-05-02  19:56:06] INFO admin/admin.c Received admin command listclients on mount '/Radio'
[2026-05-02  19:56:16] INFO event-stream/event_stream.c event queued
[2026-05-02  19:56:16] INFO source/source.c listener count on /Radio now 2
[2026-05-02  19:56:16] INFO event-stream/event_stream.c event queued
[2026-05-02  19:56:16] INFO admin/admin.c Received admin command listclients on mount '/Radio'
[2026-05-02  19:56:26] INFO admin/admin.c Received admin command listclients on mount '/Radio'
[2026-05-02  19:56:36] INFO admin/admin.c Received admin command listclients on mount '/Radio'
[2026-05-02  19:56:46] INFO admin/admin.c Received admin command listclients on mount '/Radio'
[2026-05-02  19:56:55] INFO admin/admin.c Received admin command metadata on mount '/Radio'
[2026-05-02  19:56:55] WARN admin/admin.c Client 0000018E63194A60 (role=legacy-global-source, acl=legacy-global-source, username=source) uses safe method GET on /admin/metadata
[2026-05-02  19:56:55] INFO admin/admin.c Metadata on mountpoint /Radio changed to "Gosha\x20-\x20Get\x20Busy\x20(Extended\x20Mix)\x20[by\x20DragoN_Sky]"
[2026-05-02  19:56:55] INFO event-stream/event_stream.c event queued
[2026-05-02  19:56:55] WARN stats/stats.c No charset found for "ISO8859-1"
[2026-05-02  19:56:55] WARN stats/stats.c No charset found for "ISO8859-1"
[2026-05-02  19:56:55] INFO event-stream/event_stream.c event queued
[2026-05-02  19:56:56] INFO admin/admin.c Received admin command listclients on mount '/Radio'
[2026-05-02  19:57:06] INFO admin/admin.c Received admin command listclients on mount '/Radio'
[2026-05-02  19:57:16] INFO admin/admin.c Received admin command listclients on mount '/Radio'
[2026-05-02  19:57:26] INFO admin/admin.c Received admin command listclients on mount '/Radio'
[2026-05-02  19:57:36] INFO admin/admin.c Received admin command listclients on mount '/Radio'
[2026-05-02  19:57:46] INFO admin/admin.c Received admin command listclients on mount '/Radio'
[2026-05-02  19:57:56] INFO admin/admin.c Received admin command listclients on mount '/Radio'
[2026-05-02  19:58:06] INFO admin/admin.c Received admin command listclients on mount '/Radio'
[2026-05-02  19:58:16] INFO source/source.c listener count on /Radio now 1
[2026-05-02  19:58:16] INFO event-stream/event_stream.c event queued
[2026-05-02  19:58:16] INFO admin/admin.c Received admin command listclients on mount '/Radio'
[2026-05-02  19:58:26] INFO admin/admin.c Received admin command listclients on mount '/Radio'
[2026-05-02  19:58:36] INFO admin/admin.c Received admin command listclients on mount '/Radio'
[2026-05-02  19:58:46] INFO admin/admin.c Received admin command listclients on mount '/Radio'
[2026-05-02  19:58:56] INFO admin/admin.c Received admin command listclients on mount '/Radio'
[2026-05-02  19:59:07] INFO admin/admin.c Received admin command listclients on mount '/Radio'
[2026-05-02  19:59:15] INFO event-stream/event_stream.c event queued
[2026-05-02  19:59:15] INFO source/source.c listener count on /Radio now 2
[2026-05-02  19:59:15] INFO event-stream/event_stream.c event queued
[2026-05-02  19:59:17] INFO admin/admin.c Received admin command listclients on mount '/Radio'
[2026-05-02  19:59:27] INFO admin/admin.c Received admin command listclients on mount '/Radio'
[2026-05-02  19:59:37] INFO admin/admin.c Received admin command listclients on mount '/Radio'
[2026-05-02  19:59:47] INFO admin/admin.c Received admin command listclients on mount '/Radio'
[2026-05-02  19:59:57] INFO admin/admin.c Received admin command listclients on mount '/Radio'
[2026-05-02  20:00:07] INFO admin/admin.c Received admin command listclients on mount '/Radio'
[2026-05-02  20:00:13] INFO admin/admin.c Received admin command metadata on mount '/Radio'
[2026-05-02  20:00:13] WARN admin/admin.c Client 0000018E631957E0 (role=legacy-global-source, acl=legacy-global-source, username=source) uses safe method GET on /admin/metadata
[2026-05-02  20:00:13] INFO admin/admin.c Metadata on mountpoint /Radio changed to "Habstrakt\x20-\x20The\x20Sound\x20(Original\x20Mix)"
[2026-05-02  20:00:13] INFO event-stream/event_stream.c event queued
[2026-05-02  20:00:13] WARN stats/stats.c No charset found for "ISO8859-1"
[2026-05-02  20:00:13] WARN stats/stats.c No charset found for "ISO8859-1"
[2026-05-02  20:00:13] INFO event-stream/event_stream.c event queued
[2026-05-02  20:00:17] INFO admin/admin.c Received admin command listclients on mount '/Radio'
[2026-05-02  20:00:27] INFO admin/admin.c Received admin command listclients on mount '/Radio'
[2026-05-02  20:00:29] INFO admin/admin.c Received admin command metadata on mount '/Radio'
[2026-05-02  20:00:29] WARN admin/admin.c Client 0000018E63195FC0 (role=legacy-global-source, acl=legacy-global-source, username=source) uses safe method GET on /admin/metadata
[2026-05-02  20:00:29] INFO admin/admin.c Metadata on mountpoint /Radio changed to "Gosha\x20-\x20Get\x20Busy\x20(Extended\x20Mix)\x20[by\x20DragoN_Sky]"
[2026-05-02  20:00:29] INFO event-stream/event_stream.c event queued
[2026-05-02  20:00:29] WARN stats/stats.c No charset found for "ISO8859-1"
[2026-05-02  20:00:29] WARN stats/stats.c No charset found for "ISO8859-1"
[2026-05-02  20:00:29] INFO event-stream/event_stream.c event queued
[2026-05-02  20:00:37] INFO admin/admin.c Received admin command listclients on mount '/Radio'
[2026-05-02  20:00:47] INFO admin/admin.c Received admin command listclients on mount '/Radio'
[2026-05-02  20:00:57] INFO admin/admin.c Received admin command listclients on mount '/Radio'
[2026-05-02  20:01:07] INFO admin/admin.c Received admin command listclients on mount '/Radio'
[2026-05-02  20:01:16] INFO source/source.c listener count on /Radio now 1
[2026-05-02  20:01:16] INFO event-stream/event_stream.c event queued
[2026-05-02  20:01:17] INFO admin/admin.c Received admin command listclients on mount '/Radio'
[2026-05-02  20:01:19] INFO event-stream/event_stream.c event queued
[2026-05-02  20:01:19] INFO source/source.c listener count on /Radio now 2
[2026-05-02  20:01:19] INFO event-stream/event_stream.c event queued
[2026-05-02  20:01:27] INFO admin/admin.c Received admin command listclients on mount '/Radio'
[2026-05-02  20:01:37] INFO admin/admin.c Received admin command listclients on mount '/Radio'
[2026-05-02  20:01:47] INFO admin/admin.c Received admin command listclients on mount '/Radio'
[2026-05-02  20:01:57] INFO admin/admin.c Received admin command listclients on mount '/Radio'
[2026-05-02  20:02:07] INFO admin/admin.c Received admin command listclients on mount '/Radio'
[2026-05-02  20:02:17] INFO admin/admin.c Received admin command listclients on mount '/Radio'
[2026-05-02  20:02:27] INFO admin/admin.c Received admin command listclients on mount '/Radio'
[2026-05-02  20:02:37] INFO admin/admin.c Received admin command listclients on mount '/Radio'
[2026-05-02  20:02:47] INFO admin/admin.c Received admin command listclients on mount '/Radio'
[2026-05-02  20:02:57] INFO admin/admin.c Received admin command listclients on mount '/Radio'
[2026-05-02  20:03:07] INFO admin/admin.c Received admin command listclients on mount '/Radio'
[2026-05-02  20:03:17] INFO admin/admin.c Received admin command listclients on mount '/Radio'
[2026-05-02  20:03:27] INFO admin/admin.c Received admin command listclients on mount '/Radio'
[2026-05-02  20:03:37] INFO admin/admin.c Received admin command listclients on mount '/Radio'
[2026-05-02  20:03:47] INFO admin/admin.c Received admin command listclients on mount '/Radio'
[2026-05-02  20:03:47] INFO admin/admin.c Received admin command metadata on mount '/Radio'
[2026-05-02  20:03:47] WARN admin/admin.c Client 0000018E631956C0 (role=legacy-global-source, acl=legacy-global-source, username=source) uses safe method GET on /admin/metadata
[2026-05-02  20:03:47] INFO admin/admin.c Metadata on mountpoint /Radio changed to "Habstrakt\x20-\x20The\x20Sound\x20(Original\x20Mix)"
[2026-05-02  20:03:47] INFO event-stream/event_stream.c event queued
[2026-05-02  20:03:47] WARN stats/stats.c No charset found for "ISO8859-1"
[2026-05-02  20:03:47] WARN stats/stats.c No charset found for "ISO8859-1"
[2026-05-02  20:03:47] INFO event-stream/event_stream.c event queued
[2026-05-02  20:03:57] INFO admin/admin.c Received admin command listclients on mount '/Radio'
[2026-05-02  20:04:07] INFO admin/admin.c Received admin command listclients on mount '/Radio'
[2026-05-02  20:04:15] INFO source/source.c listener count on /Radio now 1
[2026-05-02  20:04:15] INFO event-stream/event_stream.c event queued
[2026-05-02  20:04:17] INFO admin/admin.c Received admin command listclients on mount '/Radio'
[2026-05-02  20:04:19] INFO event-stream/event_stream.c event queued
[2026-05-02  20:04:19] INFO source/source.c listener count on /Radio now 2
[2026-05-02  20:04:19] INFO event-stream/event_stream.c event queued
[2026-05-02  20:04:27] INFO admin/admin.c Received admin command listclients on mount '/Radio'
[2026-05-02  20:04:37] INFO admin/admin.c Received admin command listclients on mount '/Radio'
[2026-05-02  20:04:40] INFO admin/admin.c Received admin command metadata on mount '/Radio'
[2026-05-02  20:04:40] WARN admin/admin.c Client 0000018E63195FC0 (role=legacy-global-source, acl=legacy-global-source, username=source) uses safe method GET on /admin/metadata
[2026-05-02  20:04:40] INFO admin/admin.c Metadata on mountpoint /Radio changed to "Gosha\x20-\x20Get\x20Busy\x20(Extended\x20Mix)\x20[by\x20DragoN_Sky]"
[2026-05-02  20:04:40] INFO event-stream/event_stream.c event queued
[2026-05-02  20:04:40] WARN stats/stats.c No charset found for "ISO8859-1"
[2026-05-02  20:04:40] WARN stats/stats.c No charset found for "ISO8859-1"
[2026-05-02  20:04:40] INFO event-stream/event_stream.c event queued
[2026-05-02  20:04:47] INFO admin/admin.c Received admin command listclients on mount '/Radio'
[2026-05-02  20:04:57] INFO admin/admin.c Received admin command listclients on mount '/Radio'
[2026-05-02  20:05:07] INFO admin/admin.c Received admin command listclients on mount '/Radio'
[2026-05-02  20:05:17] INFO admin/admin.c Received admin command listclients on mount '/Radio'
[2026-05-02  20:05:27] INFO admin/admin.c Received admin command listclients on mount '/Radio'
[2026-05-02  20:05:37] INFO admin/admin.c Received admin command listclients on mount '/Radio'
[2026-05-02  20:05:47] INFO admin/admin.c Received admin command listclients on mount '/Radio'
[2026-05-02  20:05:57] INFO admin/admin.c Received admin command listclients on mount '/Radio'
[2026-05-02  20:06:07] INFO admin/admin.c Received admin command listclients on mount '/Radio'
[2026-05-02  20:06:17] INFO admin/admin.c Received admin command listclients on mount '/Radio'
[2026-05-02  20:06:19] INFO source/source.c listener count on /Radio now 1
[2026-05-02  20:06:19] INFO event-stream/event_stream.c event queued
[2026-05-02  20:06:27] INFO admin/admin.c Received admin command listclients on mount '/Radio'
[2026-05-02  20:06:37] INFO admin/admin.c Received admin command listclients on mount '/Radio'
[2026-05-02  20:06:47] INFO admin/admin.c Received admin command listclients on mount '/Radio'
[2026-05-02  20:06:57] INFO admin/admin.c Received admin command listclients on mount '/Radio'
[2026-05-02  20:07:07] INFO admin/admin.c Received admin command listclients on mount '/Radio'
[2026-05-02  20:07:17] INFO admin/admin.c Received admin command listclients on mount '/Radio'
[2026-05-02  20:07:19] INFO event-stream/event_stream.c event queued
[2026-05-02  20:07:19] INFO source/source.c listener count on /Radio now 2
[2026-05-02  20:07:19] INFO event-stream/event_stream.c event queued
[2026-05-02  20:07:27] INFO admin/admin.c Received admin command listclients on mount '/Radio'
[2026-05-02  20:07:37] INFO admin/admin.c Received admin command listclients on mount '/Radio'
[2026-05-02  20:07:47] INFO admin/admin.c Received admin command listclients on mount '/Radio'
[2026-05-02  20:07:57] INFO admin/admin.c Received admin command listclients on mount '/Radio'
[2026-05-02  20:07:59] INFO admin/admin.c Received admin command metadata on mount '/Radio'
[2026-05-02  20:07:59] WARN admin/admin.c Client 0000018E63194A60 (role=legacy-global-source, acl=legacy-global-source, username=source) uses safe method GET on /admin/metadata
[2026-05-02  20:07:59] INFO admin/admin.c Metadata on mountpoint /Radio changed to "Habstrakt\x20-\x20The\x20Sound\x20(Original\x20Mix)"
[2026-05-02  20:07:59] INFO event-stream/event_stream.c event queued
[2026-05-02  20:07:59] WARN stats/stats.c No charset found for "ISO8859-1"
[2026-05-02  20:07:59] WARN stats/stats.c No charset found for "ISO8859-1"
[2026-05-02  20:07:59] INFO event-stream/event_stream.c event queued
[2026-05-02  20:08:07] INFO admin/admin.c Received admin command listclients on mount '/Radio'
[2026-05-02  20:08:17] INFO admin/admin.c Received admin command listclients on mount '/Radio'
[2026-05-02  20:08:27] INFO admin/admin.c Received admin command listclients on mount '/Radio'
[2026-05-02  20:08:37] INFO admin/admin.c Received admin command listclients on mount '/Radio'
[2026-05-02  20:08:47] INFO admin/admin.c Received admin command listclients on mount '/Radio'
[2026-05-02  20:08:57] INFO admin/admin.c Received admin command listclients on mount '/Radio'
[2026-05-02  20:09:07] INFO admin/admin.c Received admin command listclients on mount '/Radio'
[2026-05-02  20:09:17] INFO admin/admin.c Received admin command listclients on mount '/Radio'
[2026-05-02  20:09:19] INFO source/source.c listener count on /Radio now 1
[2026-05-02  20:09:19] INFO event-stream/event_stream.c event queued
[2026-05-02  20:09:27] INFO admin/admin.c Received admin command listclients on mount '/Radio'
[2026-05-02  20:09:37] INFO admin/admin.c Received admin command listclients on mount '/Radio'
[2026-05-02  20:09:47] INFO admin/admin.c Received admin command listclients on mount '/Radio'
[2026-05-02  20:09:57] INFO admin/admin.c Received admin command listclients on mount '/Radio'
[2026-05-02  20:10:07] INFO admin/admin.c Received admin command listclients on mount '/Radio'
[2026-05-02  20:10:17] INFO admin/admin.c Received admin command listclients on mount '/Radio'
[2026-05-02  20:10:19] INFO event-stream/event_stream.c event queued
[2026-05-02  20:10:19] INFO source/source.c listener count on /Radio now 2
[2026-05-02  20:10:19] INFO event-stream/event_stream.c event queued
[2026-05-02  20:10:27] INFO admin/admin.c Received admin command listclients on mount '/Radio'
[2026-05-02  20:10:37] INFO admin/admin.c Received admin command listclients on mount '/Radio'
[2026-05-02  20:10:47] INFO admin/admin.c Received admin command listclients on mount '/Radio'
[2026-05-02  20:10:57] INFO admin/admin.c Received admin command listclients on mount '/Radio'
[2026-05-02  20:11:07] INFO admin/admin.c Received admin command listclients on mount '/Radio'
[2026-05-02  20:11:17] INFO admin/admin.c Received admin command listclients on mount '/Radio'
[2026-05-02  20:11:27] INFO admin/admin.c Received admin command listclients on mount '/Radio'
[2026-05-02  20:11:28] INFO admin/admin.c Received admin command metadata on mount '/Radio'
[2026-05-02  20:11:28] WARN admin/admin.c Client 0000018E631A5980 (role=legacy-global-source, acl=legacy-global-source, username=source) uses safe method GET on /admin/metadata
[2026-05-02  20:11:28] INFO admin/admin.c Metadata on mountpoint /Radio changed to "Hotcaller\x20&\x20Second\x20Degree\x20-\x20Communication\x20Failure"
[2026-05-02  20:11:28] INFO event-stream/event_stream.c event queued
[2026-05-02  20:11:28] WARN stats/stats.c No charset found for "ISO8859-1"
[2026-05-02  20:11:28] WARN stats/stats.c No charset found for "ISO8859-1"
[2026-05-02  20:11:28] INFO event-stream/event_stream.c event queued
[2026-05-02  20:11:37] INFO admin/admin.c Received admin command listclients on mount '/Radio'
[2026-05-02  20:11:47] INFO admin/admin.c Received admin command listclients on mount '/Radio'
[2026-05-02  20:11:57] INFO admin/admin.c Received admin command listclients on mount '/Radio'
[2026-05-02  20:12:07] INFO admin/admin.c Received admin command listclients on mount '/Radio'
[2026-05-02  20:12:17] INFO admin/admin.c Received admin command listclients on mount '/Radio'
[2026-05-02  20:12:19] INFO source/source.c listener count on /Radio now 1
[2026-05-02  20:12:19] INFO event-stream/event_stream.c event queued
[2026-05-02  20:12:27] INFO admin/admin.c Received admin command listclients on mount '/Radio'
[2026-05-02  20:12:37] INFO admin/admin.c Received admin command listclients on mount '/Radio'
[2026-05-02  20:12:47] INFO admin/admin.c Received admin command listclients on mount '/Radio'
[2026-05-02  20:12:57] INFO admin/admin.c Received admin command listclients on mount '/Radio'
[2026-05-02  20:13:07] INFO admin/admin.c Received admin command listclients on mount '/Radio'
[2026-05-02  20:13:17] INFO admin/admin.c Received admin command listclients on mount '/Radio'
[2026-05-02  20:13:19] INFO event-stream/event_stream.c event queued
[2026-05-02  20:13:19] INFO source/source.c listener count on /Radio now 2
[2026-05-02  20:13:19] INFO event-stream/event_stream.c event queued
[2026-05-02  20:13:27] INFO admin/admin.c Received admin command listclients on mount '/Radio'
[2026-05-02  20:13:37] INFO admin/admin.c Received admin command listclients on mount '/Radio'
[2026-05-02  20:13:47] INFO admin/admin.c Received admin command listclients on mount '/Radio'
[2026-05-02  20:13:57] INFO admin/admin.c Received admin command listclients on mount '/Radio'
[2026-05-02  20:14:07] INFO admin/admin.c Received admin command listclients on mount '/Radio'
[2026-05-02  20:14:17] INFO admin/admin.c Received admin command listclients on mount '/Radio'
[2026-05-02  20:14:27] INFO admin/admin.c Received admin command listclients on mount '/Radio'
[2026-05-02  20:14:37] INFO admin/admin.c Received admin command listclients on mount '/Radio'
[2026-05-02  20:14:47] INFO admin/admin.c Received admin command listclients on mount '/Radio'
[2026-05-02  20:14:48] INFO admin/admin.c Received admin command metadata on mount '/Radio'
[2026-05-02  20:14:48] WARN admin/admin.c Client 0000018E631A6040 (role=legacy-global-source, acl=legacy-global-source, username=source) uses safe method GET on /admin/metadata
[2026-05-02  20:14:48] INFO admin/admin.c Metadata on mountpoint /Radio changed to "iBenji,\x20Glitch\x20Lazzer\x20-\x20Open\x20Your\x20Mind"
[2026-05-02  20:14:48] INFO event-stream/event_stream.c event queued
[2026-05-02  20:14:48] WARN stats/stats.c No charset found for "ISO8859-1"
[2026-05-02  20:14:48] WARN stats/stats.c No charset found for "ISO8859-1"
[2026-05-02  20:14:48] INFO event-stream/event_stream.c event queued
[2026-05-02  20:14:57] INFO admin/admin.c Received admin command listclients on mount '/Radio'
[2026-05-02  20:15:07] INFO admin/admin.c Received admin command listclients on mount '/Radio'
[2026-05-02  20:15:17] INFO admin/admin.c Received admin command listclients on mount '/Radio'
[2026-05-02  20:15:19] INFO source/source.c listener count on /Radio now 1
[2026-05-02  20:15:19] INFO event-stream/event_stream.c event queued
[2026-05-02  20:15:27] INFO admin/admin.c Received admin command listclients on mount '/Radio'
[2026-05-02  20:15:37] INFO admin/admin.c Received admin command listclients on mount '/Radio'
[2026-05-02  20:15:47] INFO admin/admin.c Received admin command listclients on mount '/Radio'
[2026-05-02  20:15:57] INFO admin/admin.c Received admin command listclients on mount '/Radio'
[2026-05-02  20:16:07] INFO admin/admin.c Received admin command listclients on mount '/Radio'
[2026-05-02  20:16:17] INFO admin/admin.c Received admin command listclients on mount '/Radio'
[2026-05-02  20:16:19] INFO event-stream/event_stream.c event queued
[2026-05-02  20:16:19] INFO source/source.c listener count on /Radio now 2
[2026-05-02  20:16:19] INFO event-stream/event_stream.c event queued
[2026-05-02  20:16:27] INFO admin/admin.c Received admin command listclients on mount '/Radio'
[2026-05-02  20:16:37] INFO admin/admin.c Received admin command listclients on mount '/Radio'
[2026-05-02  20:16:47] INFO admin/admin.c Received admin command listclients on mount '/Radio'
[2026-05-02  20:16:57] INFO admin/admin.c Received admin command listclients on mount '/Radio'
[2026-05-02  20:17:07] INFO admin/admin.c Received admin command listclients on mount '/Radio'
[2026-05-02  20:17:17] INFO admin/admin.c Received admin command listclients on mount '/Radio'
[2026-05-02  20:17:27] INFO admin/admin.c Received admin command listclients on mount '/Radio'
[2026-05-02  20:17:37] INFO admin/admin.c Received admin command listclients on mount '/Radio'
[2026-05-02  20:17:47] INFO admin/admin.c Received admin command listclients on mount '/Radio'
[2026-05-02  20:17:57] INFO admin/admin.c Received admin command listclients on mount '/Radio'
[2026-05-02  20:18:06] INFO admin/admin.c Received admin command metadata on mount '/Radio'
[2026-05-02  20:18:06] WARN admin/admin.c Client 0000018E631A5BC0 (role=legacy-global-source, acl=legacy-global-source, username=source) uses safe method GET on /admin/metadata
[2026-05-02  20:18:06] INFO admin/admin.c Metadata on mountpoint /Radio changed to "Ilussha\x20-\x20Distress\x20Signal"
[2026-05-02  20:18:06] INFO event-stream/event_stream.c event queued
[2026-05-02  20:18:06] WARN stats/stats.c No charset found for "ISO8859-1"
[2026-05-02  20:18:06] WARN stats/stats.c No charset found for "ISO8859-1"
[2026-05-02  20:18:06] INFO event-stream/event_stream.c event queued
[2026-05-02  20:18:07] INFO admin/admin.c Received admin command listclients on mount '/Radio'
[2026-05-02  20:18:17] INFO admin/admin.c Received admin command listclients on mount '/Radio'
[2026-05-02  20:18:19] INFO source/source.c listener count on /Radio now 1
[2026-05-02  20:18:19] INFO event-stream/event_stream.c event queued
[2026-05-02  20:18:20] INFO event-stream/event_stream.c event queued
[2026-05-02  20:18:20] INFO source/source.c listener count on /Radio now 2
[2026-05-02  20:18:20] INFO event-stream/event_stream.c event queued
[2026-05-02  20:18:27] INFO admin/admin.c Received admin command listclients on mount '/Radio'
[2026-05-02  20:18:37] INFO admin/admin.c Received admin command listclients on mount '/Radio'
[2026-05-02  20:18:47] INFO admin/admin.c Received admin command listclients on mount '/Radio'
[2026-05-02  20:18:57] INFO admin/admin.c Received admin command listclients on mount '/Radio'
[2026-05-02  20:19:07] INFO admin/admin.c Received admin command listclients on mount '/Radio'
[2026-05-02  20:19:17] INFO admin/admin.c Received admin command listclients on mount '/Radio'
[2026-05-02  20:19:27] INFO admin/admin.c Received admin command listclients on mount '/Radio'
[2026-05-02  20:19:37] INFO admin/admin.c Received admin command listclients on mount '/Radio'
[2026-05-02  20:19:47] INFO admin/admin.c Received admin command listclients on mount '/Radio'
[2026-05-02  20:19:57] INFO admin/admin.c Received admin command listclients on mount '/Radio'
[2026-05-02  20:20:07] INFO admin/admin.c Received admin command listclients on mount '/Radio'
[2026-05-02  20:20:17] INFO admin/admin.c Received admin command listclients on mount '/Radio'
[2026-05-02  20:20:24] INFO event-stream/event_stream.c event queued
[2026-05-02  20:20:24] INFO source/source.c listener count on /Radio now 3
[2026-05-02  20:20:24] INFO event-stream/event_stream.c event queued
[2026-05-02  20:20:27] INFO admin/admin.c Received admin command listclients on mount '/Radio'
[2026-05-02  20:20:37] INFO admin/admin.c Received admin command listclients on mount '/Radio'
[2026-05-02  20:20:47] INFO admin/admin.c Received admin command listclients on mount '/Radio'
[2026-05-02  20:20:55] INFO admin/admin.c Received admin command metadata on mount '/Radio'
[2026-05-02  20:20:55] WARN admin/admin.c Client 0000018E631A4E40 (role=legacy-global-source, acl=legacy-global-source, username=source) uses safe method GET on /admin/metadata
[2026-05-02  20:20:55] INFO admin/admin.c Metadata on mountpoint /Radio changed to "Infraction,\x20Jinaction\x20-\x20Mad\x20At\x20Chu"
[2026-05-02  20:20:55] INFO event-stream/event_stream.c event queued
[2026-05-02  20:20:55] WARN stats/stats.c No charset found for "ISO8859-1"
[2026-05-02  20:20:55] WARN stats/stats.c No charset found for "ISO8859-1"
[2026-05-02  20:20:55] INFO event-stream/event_stream.c event queued
[2026-05-02  20:20:57] INFO admin/admin.c Received admin command listclients on mount '/Radio'
[2026-05-02  20:21:07] INFO admin/admin.c Received admin command listclients on mount '/Radio'
[2026-05-02  20:21:17] INFO admin/admin.c Received admin command listclients on mount '/Radio'
[2026-05-02  20:21:19] INFO source/source.c listener count on /Radio now 2
[2026-05-02  20:21:19] INFO event-stream/event_stream.c event queued
[2026-05-02  20:21:27] INFO admin/admin.c Received admin command listclients on mount '/Radio'
[2026-05-02  20:21:37] INFO admin/admin.c Received admin command listclients on mount '/Radio'
[2026-05-02  20:21:47] INFO admin/admin.c Received admin command listclients on mount '/Radio'
[2026-05-02  20:21:57] INFO admin/admin.c Received admin command listclients on mount '/Radio'
[2026-05-02  20:22:07] INFO admin/admin.c Received admin command listclients on mount '/Radio'
[2026-05-02  20:22:17] INFO admin/admin.c Received admin command listclients on mount '/Radio'
[2026-05-02  20:22:27] INFO admin/admin.c Received admin command listclients on mount '/Radio'
[2026-05-02  20:22:37] INFO admin/admin.c Received admin command listclients on mount '/Radio'
[2026-05-02  20:22:47] INFO admin/admin.c Received admin command listclients on mount '/Radio'
[2026-05-02  20:22:57] INFO admin/admin.c Received admin command listclients on mount '/Radio'
[2026-05-02  20:23:07] INFO admin/admin.c Received admin command listclients on mount '/Radio'
[2026-05-02  20:23:17] INFO admin/admin.c Received admin command listclients on mount '/Radio'
[2026-05-02  20:23:20] INFO source/source.c listener count on /Radio now 1
[2026-05-02  20:23:20] INFO event-stream/event_stream.c event queued
[2026-05-02  20:23:24] INFO event-stream/event_stream.c event queued
[2026-05-02  20:23:24] INFO source/source.c listener count on /Radio now 2
[2026-05-02  20:23:24] INFO event-stream/event_stream.c event queued
[2026-05-02  20:23:27] INFO admin/admin.c Received admin command listclients on mount '/Radio'
[2026-05-02  20:23:37] INFO admin/admin.c Received admin command listclients on mount '/Radio'
[2026-05-02  20:23:47] INFO admin/admin.c Received admin command listclients on mount '/Radio'
[2026-05-02  20:23:47] INFO admin/admin.c Received admin command metadata on mount '/Radio'
[2026-05-02  20:23:47] WARN admin/admin.c Client 0000018E631A4780 (role=legacy-global-source, acl=legacy-global-source, username=source) uses safe method GET on /admin/metadata
[2026-05-02  20:23:47] INFO admin/admin.c Metadata on mountpoint /Radio changed to "Jacknife\x20&\x20The\x20Bloody\x20Beetroots\x20-\x20Jericho\x20(Extended\x20Mix)"
[2026-05-02  20:23:47] INFO event-stream/event_stream.c event queued
[2026-05-02  20:23:47] WARN stats/stats.c No charset found for "ISO8859-1"
[2026-05-02  20:23:47] WARN stats/stats.c No charset found for "ISO8859-1"
[2026-05-02  20:23:47] INFO event-stream/event_stream.c event queued
[2026-05-02  20:23:57] INFO admin/admin.c Received admin command listclients on mount '/Radio'
[2026-05-02  20:24:07] INFO admin/admin.c Received admin command listclients on mount '/Radio'
[2026-05-02  20:24:17] INFO admin/admin.c Received admin command listclients on mount '/Radio'
[2026-05-02  20:24:27] INFO admin/admin.c Received admin command listclients on mount '/Radio'
[2026-05-02  20:24:37] INFO admin/admin.c Received admin command listclients on mount '/Radio'
[2026-05-02  20:24:47] INFO admin/admin.c Received admin command listclients on mount '/Radio'
[2026-05-02  20:24:57] INFO admin/admin.c Received admin command listclients on mount '/Radio'
[2026-05-02  20:25:07] INFO admin/admin.c Received admin command listclients on mount '/Radio'
[2026-05-02  20:25:17] INFO admin/admin.c Received admin command listclients on mount '/Radio'
[2026-05-02  20:25:24] INFO source/source.c listener count on /Radio now 1
[2026-05-02  20:25:24] INFO event-stream/event_stream.c event queued
[2026-05-02  20:25:27] INFO admin/admin.c Received admin command listclients on mount '/Radio'
[2026-05-02  20:25:37] INFO admin/admin.c Received admin command listclients on mount '/Radio'
[2026-05-02  20:25:47] INFO admin/admin.c Received admin command listclients on mount '/Radio'
[2026-05-02  20:25:57] INFO admin/admin.c Received admin command listclients on mount '/Radio'
[2026-05-02  20:26:07] INFO admin/admin.c Received admin command listclients on mount '/Radio'
[2026-05-02  20:26:17] INFO admin/admin.c Received admin command listclients on mount '/Radio'
[2026-05-02  20:26:27] INFO admin/admin.c Received admin command listclients on mount '/Radio'
[2026-05-02  20:26:37] INFO admin/admin.c Received admin command listclients on mount '/Radio'
[2026-05-02  20:26:47] INFO admin/admin.c Received admin command listclients on mount '/Radio'
[2026-05-02  20:26:57] INFO admin/admin.c Received admin command listclients on mount '/Radio'
[2026-05-02  20:27:07] INFO admin/admin.c Received admin command listclients on mount '/Radio'
[2026-05-02  20:27:17] INFO admin/admin.c Received admin command listclients on mount '/Radio'
[2026-05-02  20:27:27] INFO admin/admin.c Received admin command listclients on mount '/Radio'
[2026-05-02  20:27:37] INFO admin/admin.c Received admin command listclients on mount '/Radio'
[2026-05-02  20:27:43] INFO admin/admin.c Received admin command metadata on mount '/Radio'
[2026-05-02  20:27:43] WARN admin/admin.c Client 0000018E631A49C0 (role=legacy-global-source, acl=legacy-global-source, username=source) uses safe method GET on /admin/metadata
[2026-05-02  20:27:43] INFO admin/admin.c Metadata on mountpoint /Radio changed to "Jump\x20System\x20-\x20Shut\x20Down"
[2026-05-02  20:27:43] INFO event-stream/event_stream.c event queued
[2026-05-02  20:27:43] WARN stats/stats.c No charset found for "ISO8859-1"
[2026-05-02  20:27:43] WARN stats/stats.c No charset found for "ISO8859-1"
[2026-05-02  20:27:43] INFO event-stream/event_stream.c event queued
[2026-05-02  20:27:47] INFO admin/admin.c Received admin command listclients on mount '/Radio'
[2026-05-02  20:27:57] INFO admin/admin.c Received admin command listclients on mount '/Radio'
[2026-05-02  20:28:07] INFO admin/admin.c Received admin command listclients on mount '/Radio'
[2026-05-02  20:28:17] INFO admin/admin.c Received admin command listclients on mount '/Radio'
[2026-05-02  20:28:24] INFO source/source.c listener count on /Radio now 0
[2026-05-02  20:28:24] INFO event-stream/event_stream.c event queued
[2026-05-02  20:28:24] INFO event-stream/event_stream.c event queued
[2026-05-02  20:28:27] INFO admin/admin.c Received admin command listclients on mount '/Radio'
[2026-05-02  20:28:37] INFO admin/admin.c Received admin command listclients on mount '/Radio'
[2026-05-02  20:28:47] INFO admin/admin.c Received admin command listclients on mount '/Radio'
[2026-05-02  20:28:57] INFO admin/admin.c Received admin command listclients on mount '/Radio'
[2026-05-02  20:29:07] INFO admin/admin.c Received admin command listclients on mount '/Radio'
[2026-05-02  20:29:17] INFO admin/admin.c Received admin command listclients on mount '/Radio'
[2026-05-02  20:29:27] INFO admin/admin.c Received admin command listclients on mount '/Radio'
[2026-05-02  20:29:37] INFO admin/admin.c Received admin command listclients on mount '/Radio'
[2026-05-02  20:29:47] INFO admin/admin.c Received admin command listclients on mount '/Radio'
[2026-05-02  20:29:57] INFO admin/admin.c Received admin command listclients on mount '/Radio'
[2026-05-02  20:30:07] INFO admin/admin.c Received admin command listclients on mount '/Radio'
[2026-05-02  20:30:17] INFO admin/admin.c Received admin command listclients on mount '/Radio'
[2026-05-02  20:30:27] INFO admin/admin.c Received admin command listclients on mount '/Radio'
[2026-05-02  20:30:37] INFO admin/admin.c Received admin command listclients on mount '/Radio'
[2026-05-02  20:30:47] INFO admin/admin.c Received admin command listclients on mount '/Radio'
[2026-05-02  20:30:57] INFO admin/admin.c Received admin command listclients on mount '/Radio'
[2026-05-02  20:31:07] INFO admin/admin.c Received admin command listclients on mount '/Radio'
[2026-05-02  20:31:17] INFO admin/admin.c Received admin command listclients on mount '/Radio'
[2026-05-02  20:31:27] INFO admin/admin.c Received admin command listclients on mount '/Radio'
[2026-05-02  20:31:37] INFO admin/admin.c Received admin command listclients on mount '/Radio'
[2026-05-02  20:31:47] INFO admin/admin.c Received admin command listclients on mount '/Radio'
[2026-05-02  20:31:57] INFO admin/admin.c Received admin command listclients on mount '/Radio'
[2026-05-02  20:32:02] INFO admin/admin.c Received admin command metadata on mount '/Radio'
[2026-05-02  20:32:02] WARN admin/admin.c Client 0000018E631A4780 (role=legacy-global-source, acl=legacy-global-source, username=source) uses safe method GET on /admin/metadata
[2026-05-02  20:32:02] INFO admin/admin.c Metadata on mountpoint /Radio changed to "KLOUD\x20-\x20ERROR\x20www.4clubbers.pl\x20[by\x20TwilighT]"
[2026-05-02  20:32:02] INFO event-stream/event_stream.c event queued
[2026-05-02  20:32:02] WARN stats/stats.c No charset found for "ISO8859-1"
[2026-05-02  20:32:02] WARN stats/stats.c No charset found for "ISO8859-1"
[2026-05-02  20:32:02] INFO event-stream/event_stream.c event queued
[2026-05-02  20:32:07] INFO admin/admin.c Received admin command listclients on mount '/Radio'
[2026-05-02  20:32:17] INFO admin/admin.c Received admin command listclients on mount '/Radio'
[2026-05-02  20:32:27] INFO admin/admin.c Received admin command listclients on mount '/Radio'
[2026-05-02  20:32:37] INFO admin/admin.c Received admin command listclients on mount '/Radio'
[2026-05-02  20:32:47] INFO admin/admin.c Received admin command listclients on mount '/Radio'
[2026-05-02  20:32:57] INFO admin/admin.c Received admin command listclients on mount '/Radio'
[2026-05-02  20:33:07] INFO admin/admin.c Received admin command listclients on mount '/Radio'
[2026-05-02  20:33:17] INFO admin/admin.c Received admin command listclients on mount '/Radio'
[2026-05-02  20:33:27] INFO admin/admin.c Received admin command listclients on mount '/Radio'
[2026-05-02  20:33:37] INFO admin/admin.c Received admin command listclients on mount '/Radio'
[2026-05-02  20:33:47] INFO admin/admin.c Received admin command listclients on mount '/Radio'
[2026-05-02  20:33:57] INFO admin/admin.c Received admin command listclients on mount '/Radio'
[2026-05-02  20:34:07] INFO admin/admin.c Received admin command listclients on mount '/Radio'
[2026-05-02  20:34:17] INFO admin/admin.c Received admin command listclients on mount '/Radio'
[2026-05-02  20:34:27] INFO admin/admin.c Received admin command listclients on mount '/Radio'
[2026-05-02  20:34:37] INFO admin/admin.c Received admin command listclients on mount '/Radio'
[2026-05-02  20:34:47] INFO admin/admin.c Received admin command listclients on mount '/Radio'
[2026-05-02  20:34:57] INFO admin/admin.c Received admin command listclients on mount '/Radio'
[2026-05-02  20:35:07] INFO admin/admin.c Received admin command listclients on mount '/Radio'
[2026-05-02  20:35:17] INFO admin/admin.c Received admin command listclients on mount '/Radio'
[2026-05-02  20:35:27] INFO admin/admin.c Received admin command listclients on mount '/Radio'
[2026-05-02  20:35:37] INFO admin/admin.c Received admin command listclients on mount '/Radio'
[2026-05-02  20:35:47] INFO admin/admin.c Received admin command listclients on mount '/Radio'
[2026-05-02  20:35:57] INFO admin/admin.c Received admin command listclients on mount '/Radio'
[2026-05-02  20:35:59] INFO admin/admin.c Received admin command metadata on mount '/Radio'
[2026-05-02  20:35:59] WARN admin/admin.c Client 0000018E631A64C0 (role=legacy-global-source, acl=legacy-global-source, username=source) uses safe method GET on /admin/metadata
[2026-05-02  20:35:59] INFO admin/admin.c Metadata on mountpoint /Radio changed to "Krafty\x20Kuts,\x20Dubra\x20-\x20Step\x20to\x20This"
[2026-05-02  20:35:59] INFO event-stream/event_stream.c event queued
[2026-05-02  20:35:59] WARN stats/stats.c No charset found for "ISO8859-1"
[2026-05-02  20:35:59] WARN stats/stats.c No charset found for "ISO8859-1"
[2026-05-02  20:35:59] INFO event-stream/event_stream.c event queued
[2026-05-02  20:36:07] INFO admin/admin.c Received admin command listclients on mount '/Radio'
[2026-05-02  20:36:17] INFO admin/admin.c Received admin command listclients on mount '/Radio'
[2026-05-02  20:36:27] INFO admin/admin.c Received admin command listclients on mount '/Radio'
[2026-05-02  20:36:37] INFO admin/admin.c Received admin command listclients on mount '/Radio'
[2026-05-02  20:36:47] INFO admin/admin.c Received admin command listclients on mount '/Radio'
[2026-05-02  20:36:57] INFO admin/admin.c Received admin command listclients on mount '/Radio'
[2026-05-02  20:37:07] INFO admin/admin.c Received admin command listclients on mount '/Radio'
[2026-05-02  20:37:17] INFO admin/admin.c Received admin command listclients on mount '/Radio'
[2026-05-02  20:37:27] INFO admin/admin.c Received admin command listclients on mount '/Radio'
[2026-05-02  20:37:37] INFO admin/admin.c Received admin command listclients on mount '/Radio'
[2026-05-02  20:37:47] INFO admin/admin.c Received admin command listclients on mount '/Radio'
[2026-05-02  20:37:57] INFO admin/admin.c Received admin command listclients on mount '/Radio'
[2026-05-02  20:38:07] INFO admin/admin.c Received admin command listclients on mount '/Radio'
[2026-05-02  20:38:17] INFO admin/admin.c Received admin command listclients on mount '/Radio'
[2026-05-02  20:38:27] INFO admin/admin.c Received admin command listclients on mount '/Radio'
[2026-05-02  20:38:37] INFO admin/admin.c Received admin command listclients on mount '/Radio'
[2026-05-02  20:38:47] INFO admin/admin.c Received admin command listclients on mount '/Radio'
[2026-05-02  20:38:57] INFO admin/admin.c Received admin command listclients on mount '/Radio'
[2026-05-02  20:39:07] INFO admin/admin.c Received admin command listclients on mount '/Radio'
[2026-05-02  20:39:17] INFO admin/admin.c Received admin command listclients on mount '/Radio'
[2026-05-02  20:39:27] INFO admin/admin.c Received admin command listclients on mount '/Radio'
[2026-05-02  20:39:37] INFO admin/admin.c Received admin command listclients on mount '/Radio'
[2026-05-02  20:39:42] INFO admin/admin.c Received admin command metadata on mount '/Radio'
[2026-05-02  20:39:42] WARN admin/admin.c Client 0000018E631A49C0 (role=legacy-global-source, acl=legacy-global-source, username=source) uses safe method GET on /admin/metadata
[2026-05-02  20:39:42] INFO admin/admin.c Metadata on mountpoint /Radio changed to "Lakros\x20-\x20Quadra\x20(Extended\x20Mix)\x20[by\x20DragoN_Sky]"
[2026-05-02  20:39:42] INFO event-stream/event_stream.c event queued
[2026-05-02  20:39:42] WARN stats/stats.c No charset found for "ISO8859-1"
[2026-05-02  20:39:42] WARN stats/stats.c No charset found for "ISO8859-1"
[2026-05-02  20:39:42] INFO event-stream/event_stream.c event queued
[2026-05-02  20:39:47] INFO admin/admin.c Received admin command listclients on mount '/Radio'
[2026-05-02  20:39:57] INFO admin/admin.c Received admin command listclients on mount '/Radio'
[2026-05-02  20:40:07] INFO admin/admin.c Received admin command listclients on mount '/Radio'
[2026-05-02  20:40:17] INFO admin/admin.c Received admin command listclients on mount '/Radio'
[2026-05-02  20:40:27] INFO admin/admin.c Received admin command listclients on mount '/Radio'
[2026-05-02  20:40:37] INFO admin/admin.c Received admin command listclients on mount '/Radio'
[2026-05-02  20:40:47] INFO admin/admin.c Received admin command listclients on mount '/Radio'
[2026-05-02  20:40:57] INFO admin/admin.c Received admin command listclients on mount '/Radio'
[2026-05-02  20:41:07] INFO admin/admin.c Received admin command listclients on mount '/Radio'
[2026-05-02  20:41:17] INFO admin/admin.c Received admin command listclients on mount '/Radio'
[2026-05-02  20:41:27] INFO admin/admin.c Received admin command listclients on mount '/Radio'
[2026-05-02  20:41:37] INFO admin/admin.c Received admin command listclients on mount '/Radio'
[2026-05-02  20:41:47] INFO admin/admin.c Received admin command listclients on mount '/Radio'
[2026-05-02  20:41:57] INFO admin/admin.c Received admin command listclients on mount '/Radio'
[2026-05-02  20:42:07] INFO admin/admin.c Received admin command listclients on mount '/Radio'
[2026-05-02  20:42:17] INFO admin/admin.c Received admin command listclients on mount '/Radio'
[2026-05-02  20:42:27] INFO admin/admin.c Received admin command listclients on mount '/Radio'
[2026-05-02  20:42:37] INFO admin/admin.c Received admin command listclients on mount '/Radio'
[2026-05-02  20:42:47] INFO admin/admin.c Received admin command listclients on mount '/Radio'
[2026-05-02  20:42:57] INFO admin/admin.c Received admin command listclients on mount '/Radio'
[2026-05-02  20:43:03] INFO admin/admin.c Received admin command metadata on mount '/Radio'
[2026-05-02  20:43:03] WARN admin/admin.c Client 0000018E631A49C0 (role=legacy-global-source, acl=legacy-global-source, username=source) uses safe method GET on /admin/metadata
[2026-05-02  20:43:03] INFO admin/admin.c Metadata on mountpoint /Radio changed to "Lemaitre\x20-\x20Stepping\x20Stone\x20(feat.\x20Mark\x20Johns)"
[2026-05-02  20:43:03] INFO event-stream/event_stream.c event queued
[2026-05-02  20:43:03] WARN stats/stats.c No charset found for "ISO8859-1"
[2026-05-02  20:43:03] WARN stats/stats.c No charset found for "ISO8859-1"
[2026-05-02  20:43:03] INFO event-stream/event_stream.c event queued
[2026-05-02  20:43:07] INFO admin/admin.c Received admin command listclients on mount '/Radio'
[2026-05-02  20:43:17] INFO admin/admin.c Received admin command listclients on mount '/Radio'
[2026-05-02  20:43:27] INFO admin/admin.c Received admin command listclients on mount '/Radio'
[2026-05-02  20:43:37] INFO admin/admin.c Received admin command listclients on mount '/Radio'
[2026-05-02  20:43:47] INFO admin/admin.c Received admin command listclients on mount '/Radio'
[2026-05-02  20:43:57] INFO admin/admin.c Received admin command listclients on mount '/Radio'
[2026-05-02  20:44:07] INFO admin/admin.c Received admin command listclients on mount '/Radio'
[2026-05-02  20:44:17] INFO admin/admin.c Received admin command listclients on mount '/Radio'
[2026-05-02  20:44:27] INFO admin/admin.c Received admin command listclients on mount '/Radio'
[2026-05-02  20:44:37] INFO admin/admin.c Received admin command listclients on mount '/Radio'
[2026-05-02  20:44:47] INFO admin/admin.c Received admin command listclients on mount '/Radio'
[2026-05-02  20:44:57] INFO admin/admin.c Received admin command listclients on mount '/Radio'
[2026-05-02  20:45:07] INFO admin/admin.c Received admin command listclients on mount '/Radio'
[2026-05-02  20:45:17] INFO admin/admin.c Received admin command listclients on mount '/Radio'
[2026-05-02  20:45:27] INFO admin/admin.c Received admin command listclients on mount '/Radio'
[2026-05-02  20:45:37] INFO admin/admin.c Received admin command listclients on mount '/Radio'
[2026-05-02  20:45:47] INFO admin/admin.c Received admin command listclients on mount '/Radio'
[2026-05-02  20:45:57] INFO admin/admin.c Received admin command listclients on mount '/Radio'
[2026-05-02  20:46:07] INFO admin/admin.c Received admin command listclients on mount '/Radio'
[2026-05-02  20:46:17] INFO admin/admin.c Received admin command listclients on mount '/Radio'
[2026-05-02  20:46:27] INFO admin/admin.c Received admin command listclients on mount '/Radio'
[2026-05-02  20:46:37] INFO admin/admin.c Received admin command listclients on mount '/Radio'
[2026-05-02  20:46:47] INFO admin/admin.c Received admin command listclients on mount '/Radio'
[2026-05-02  20:46:57] INFO admin/admin.c Received admin command listclients on mount '/Radio'
[2026-05-02  20:47:07] INFO admin/admin.c Received admin command listclients on mount '/Radio'
[2026-05-02  20:47:14] INFO admin/admin.c Received admin command metadata on mount '/Radio'
[2026-05-02  20:47:14] WARN admin/admin.c Client 0000018E631A49C0 (role=legacy-global-source, acl=legacy-global-source, username=source) uses safe method GET on /admin/metadata
[2026-05-02  20:47:14] INFO admin/admin.c Metadata on mountpoint /Radio changed to "Lucille\x20Croft\x20&\x20BRVMES,\x20TINYKVT\x20-\x20Misery\x20(Original\x20Mix)\x20[by\x20DragoN_Sky]"
[2026-05-02  20:47:14] INFO event-stream/event_stream.c event queued
[2026-05-02  20:47:14] WARN stats/stats.c No charset found for "ISO8859-1"
[2026-05-02  20:47:14] WARN stats/stats.c No charset found for "ISO8859-1"
[2026-05-02  20:47:14] INFO event-stream/event_stream.c event queued
[2026-05-02  20:47:17] INFO admin/admin.c Received admin command listclients on mount '/Radio'
[2026-05-02  20:47:27] INFO admin/admin.c Received admin command listclients on mount '/Radio'
[2026-05-02  20:47:37] INFO admin/admin.c Received admin command listclients on mount '/Radio'
[2026-05-02  20:47:47] INFO admin/admin.c Received admin command listclients on mount '/Radio'
[2026-05-02  20:47:57] INFO admin/admin.c Received admin command listclients on mount '/Radio'
[2026-05-02  20:48:07] INFO admin/admin.c Received admin command listclients on mount '/Radio'
[2026-05-02  20:48:17] INFO admin/admin.c Received admin command listclients on mount '/Radio'
[2026-05-02  20:48:27] INFO admin/admin.c Received admin command listclients on mount '/Radio'
[2026-05-02  20:48:37] INFO admin/admin.c Received admin command listclients on mount '/Radio'
[2026-05-02  20:48:47] INFO admin/admin.c Received admin command listclients on mount '/Radio'
[2026-05-02  20:48:57] INFO admin/admin.c Received admin command listclients on mount '/Radio'
[2026-05-02  20:49:07] INFO admin/admin.c Received admin command listclients on mount '/Radio'
[2026-05-02  20:49:17] INFO admin/admin.c Received admin command listclients on mount '/Radio'
[2026-05-02  20:49:27] INFO admin/admin.c Received admin command listclients on mount '/Radio'
[2026-05-02  20:49:37] INFO admin/admin.c Received admin command listclients on mount '/Radio'
[2026-05-02  20:49:47] INFO admin/admin.c Received admin command listclients on mount '/Radio'
[2026-05-02  20:49:57] INFO admin/admin.c Received admin command listclients on mount '/Radio'
[2026-05-02  20:50:07] INFO admin/admin.c Received admin command listclients on mount '/Radio'
[2026-05-02  20:50:17] INFO admin/admin.c Received admin command listclients on mount '/Radio'
[2026-05-02  20:50:27] INFO admin/admin.c Received admin command listclients on mount '/Radio'
[2026-05-02  20:50:35] INFO admin/admin.c Received admin command metadata on mount '/Radio'
[2026-05-02  20:50:35] WARN admin/admin.c Client 0000018E631A4E40 (role=legacy-global-source, acl=legacy-global-source, username=source) uses safe method GET on /admin/metadata
[2026-05-02  20:50:35] INFO admin/admin.c Metadata on mountpoint /Radio changed to "LUNDN\x20-\x20Machine"
[2026-05-02  20:50:35] INFO event-stream/event_stream.c event queued
[2026-05-02  20:50:35] WARN stats/stats.c No charset found for "ISO8859-1"
[2026-05-02  20:50:35] WARN stats/stats.c No charset found for "ISO8859-1"
[2026-05-02  20:50:35] INFO event-stream/event_stream.c event queued
[2026-05-02  20:50:37] INFO admin/admin.c Received admin command listclients on mount '/Radio'
[2026-05-02  20:50:47] INFO admin/admin.c Received admin command listclients on mount '/Radio'
[2026-05-02  20:50:57] INFO admin/admin.c Received admin command listclients on mount '/Radio'
[2026-05-02  20:51:07] INFO admin/admin.c Received admin command listclients on mount '/Radio'
[2026-05-02  20:51:17] INFO admin/admin.c Received admin command listclients on mount '/Radio'
[2026-05-02  20:51:27] INFO admin/admin.c Received admin command listclients on mount '/Radio'
[2026-05-02  20:51:37] INFO admin/admin.c Received admin command listclients on mount '/Radio'
[2026-05-02  20:51:47] INFO admin/admin.c Received admin command listclients on mount '/Radio'
[2026-05-02  20:51:57] INFO admin/admin.c Received admin command listclients on mount '/Radio'
[2026-05-02  20:52:07] INFO admin/admin.c Received admin command listclients on mount '/Radio'
[2026-05-02  20:52:17] INFO admin/admin.c Received admin command listclients on mount '/Radio'
[2026-05-02  20:52:27] INFO admin/admin.c Received admin command listclients on mount '/Radio'
[2026-05-02  20:52:37] INFO admin/admin.c Received admin command listclients on mount '/Radio'
[2026-05-02  20:52:47] INFO admin/admin.c Received admin command listclients on mount '/Radio'
[2026-05-02  20:52:57] INFO admin/admin.c Received admin command listclients on mount '/Radio'
[2026-05-02  20:53:07] INFO admin/admin.c Received admin command listclients on mount '/Radio'
[2026-05-02  20:53:17] INFO admin/admin.c Received admin command listclients on mount '/Radio'
[2026-05-02  20:53:27] INFO admin/admin.c Received admin command listclients on mount '/Radio'
[2026-05-02  20:53:37] INFO admin/admin.c Received admin command listclients on mount '/Radio'
[2026-05-02  20:53:47] INFO admin/admin.c Received admin command listclients on mount '/Radio'
[2026-05-02  20:53:53] INFO admin/admin.c Received admin command metadata on mount '/Radio'
[2026-05-02  20:53:53] WARN admin/admin.c Client 0000018E631A4F60 (role=legacy-global-source, acl=legacy-global-source, username=source) uses safe method GET on /admin/metadata
[2026-05-02  20:53:53] INFO admin/admin.c Metadata on mountpoint /Radio changed to "Made\x20By\x20Tsuki\x20&\x20HUZU\x20-\x20Bloodsport"
[2026-05-02  20:53:53] INFO event-stream/event_stream.c event queued
[2026-05-02  20:53:53] WARN stats/stats.c No charset found for "ISO8859-1"
[2026-05-02  20:53:53] WARN stats/stats.c No charset found for "ISO8859-1"
[2026-05-02  20:53:53] INFO event-stream/event_stream.c event queued
[2026-05-02  20:53:57] INFO admin/admin.c Received admin command listclients on mount '/Radio'
[2026-05-02  20:54:07] INFO admin/admin.c Received admin command listclients on mount '/Radio'
[2026-05-02  20:54:17] INFO admin/admin.c Received admin command listclients on mount '/Radio'
[2026-05-02  20:54:27] INFO admin/admin.c Received admin command listclients on mount '/Radio'
[2026-05-02  20:54:37] INFO admin/admin.c Received admin command listclients on mount '/Radio'
[2026-05-02  20:54:47] INFO admin/admin.c Received admin command listclients on mount '/Radio'
[2026-05-02  20:54:57] INFO admin/admin.c Received admin command listclients on mount '/Radio'
[2026-05-02  20:55:07] INFO admin/admin.c Received admin command listclients on mount '/Radio'
[2026-05-02  20:55:17] INFO admin/admin.c Received admin command listclients on mount '/Radio'
[2026-05-02  20:55:27] INFO admin/admin.c Received admin command listclients on mount '/Radio'
[2026-05-02  20:55:37] INFO admin/admin.c Received admin command listclients on mount '/Radio'
[2026-05-02  20:55:47] INFO admin/admin.c Received admin command listclients on mount '/Radio'
[2026-05-02  20:55:57] INFO admin/admin.c Received admin command listclients on mount '/Radio'
[2026-05-02  20:56:07] INFO admin/admin.c Received admin command listclients on mount '/Radio'
[2026-05-02  20:56:17] INFO admin/admin.c Received admin command listclients on mount '/Radio'
[2026-05-02  20:56:27] INFO admin/admin.c Received admin command listclients on mount '/Radio'
[2026-05-02  20:56:37] INFO admin/admin.c Received admin command listclients on mount '/Radio'
[2026-05-02  20:56:47] INFO admin/admin.c Received admin command listclients on mount '/Radio'
[2026-05-02  20:56:53] INFO admin/admin.c Received admin command metadata on mount '/Radio'
[2026-05-02  20:56:53] WARN admin/admin.c Client 0000018E63194820 (role=legacy-global-source, acl=legacy-global-source, username=source) uses safe method GET on /admin/metadata
[2026-05-02  20:56:53] INFO admin/admin.c Metadata on mountpoint /Radio changed to "Misanthropix\x20-\x20Wirehead\x20(Original\x20Mix)\x20[by\x20DragoN_Sky]"
[2026-05-02  20:56:53] INFO event-stream/event_stream.c event queued
[2026-05-02  20:56:53] WARN stats/stats.c No charset found for "ISO8859-1"
[2026-05-02  20:56:53] WARN stats/stats.c No charset found for "ISO8859-1"
[2026-05-02  20:56:53] INFO event-stream/event_stream.c event queued
[2026-05-02  20:56:57] INFO admin/admin.c Received admin command listclients on mount '/Radio'
[2026-05-02  20:57:07] INFO admin/admin.c Received admin command listclients on mount '/Radio'
[2026-05-02  20:57:17] INFO admin/admin.c Received admin command listclients on mount '/Radio'
[2026-05-02  20:57:27] INFO admin/admin.c Received admin command listclients on mount '/Radio'
[2026-05-02  20:57:37] INFO admin/admin.c Received admin command listclients on mount '/Radio'
[2026-05-02  20:57:47] INFO admin/admin.c Received admin command listclients on mount '/Radio'
[2026-05-02  20:57:57] INFO admin/admin.c Received admin command listclients on mount '/Radio'
[2026-05-02  20:58:07] INFO admin/admin.c Received admin command listclients on mount '/Radio'
[2026-05-02  20:58:17] INFO admin/admin.c Received admin command listclients on mount '/Radio'
[2026-05-02  20:58:27] INFO admin/admin.c Received admin command listclients on mount '/Radio'
[2026-05-02  20:58:37] INFO admin/admin.c Received admin command listclients on mount '/Radio'
[2026-05-02  20:58:47] INFO admin/admin.c Received admin command listclients on mount '/Radio'
[2026-05-02  20:58:57] INFO admin/admin.c Received admin command listclients on mount '/Radio'
[2026-05-02  20:59:07] INFO admin/admin.c Received admin command listclients on mount '/Radio'
[2026-05-02  20:59:17] INFO admin/admin.c Received admin command listclients on mount '/Radio'
[2026-05-02  20:59:27] INFO admin/admin.c Received admin command listclients on mount '/Radio'
[2026-05-02  20:59:37] INFO admin/admin.c Received admin command listclients on mount '/Radio'
[2026-05-02  20:59:47] INFO admin/admin.c Received admin command listclients on mount '/Radio'
[2026-05-02  20:59:57] INFO admin/admin.c Received admin command listclients on mount '/Radio'
[2026-05-02  21:00:07] INFO admin/admin.c Received admin command listclients on mount '/Radio'
[2026-05-02  21:00:17] INFO admin/admin.c Received admin command listclients on mount '/Radio'
[2026-05-02  21:00:27] INFO admin/admin.c Received admin command listclients on mount '/Radio'
[2026-05-02  21:00:37] INFO admin/admin.c Received admin command listclients on mount '/Radio'
[2026-05-02  21:00:47] INFO admin/admin.c Received admin command listclients on mount '/Radio'
[2026-05-02  21:00:57] INFO admin/admin.c Received admin command listclients on mount '/Radio'
[2026-05-02  21:01:07] INFO admin/admin.c Received admin command listclients on mount '/Radio'
[2026-05-02  21:01:17] INFO admin/admin.c Received admin command listclients on mount '/Radio'
[2026-05-02  21:01:27] INFO admin/admin.c Received admin command listclients on mount '/Radio'
[2026-05-02  21:01:37] INFO admin/admin.c Received admin command listclients on mount '/Radio'
[2026-05-02  21:01:42] INFO admin/admin.c Received admin command metadata on mount '/Radio'
[2026-05-02  21:01:42] WARN admin/admin.c Client 0000018E63194940 (role=legacy-global-source, acl=legacy-global-source, username=source) uses safe method GET on /admin/metadata
[2026-05-02  21:01:42] INFO admin/admin.c Metadata on mountpoint /Radio changed to "Mom\x20N\x20Dad\x20&\x20ESPER\x20-\x20RIP\x20(Original\x20Mix)"
[2026-05-02  21:01:42] INFO event-stream/event_stream.c event queued
[2026-05-02  21:01:42] WARN stats/stats.c No charset found for "ISO8859-1"
[2026-05-02  21:01:42] WARN stats/stats.c No charset found for "ISO8859-1"
[2026-05-02  21:01:42] INFO event-stream/event_stream.c event queued
[2026-05-02  21:01:47] INFO admin/admin.c Received admin command listclients on mount '/Radio'
[2026-05-02  21:01:57] INFO admin/admin.c Received admin command listclients on mount '/Radio'
[2026-05-02  21:02:07] INFO admin/admin.c Received admin command listclients on mount '/Radio'
[2026-05-02  21:02:17] INFO admin/admin.c Received admin command listclients on mount '/Radio'
[2026-05-02  21:02:27] INFO admin/admin.c Received admin command listclients on mount '/Radio'
[2026-05-02  21:02:37] INFO admin/admin.c Received admin command listclients on mount '/Radio'
[2026-05-02  21:02:47] INFO admin/admin.c Received admin command listclients on mount '/Radio'
[2026-05-02  21:02:57] INFO admin/admin.c Received admin command listclients on mount '/Radio'
[2026-05-02  21:03:07] INFO admin/admin.c Received admin command listclients on mount '/Radio'
[2026-05-02  21:03:17] INFO admin/admin.c Received admin command listclients on mount '/Radio'
[2026-05-02  21:03:27] INFO admin/admin.c Received admin command listclients on mount '/Radio'
[2026-05-02  21:03:37] INFO admin/admin.c Received admin command listclients on mount '/Radio'
[2026-05-02  21:03:47] INFO admin/admin.c Received admin command listclients on mount '/Radio'
[2026-05-02  21:03:57] INFO admin/admin.c Received admin command listclients on mount '/Radio'
[2026-05-02  21:04:07] INFO admin/admin.c Received admin command listclients on mount '/Radio'
[2026-05-02  21:04:17] INFO admin/admin.c Received admin command listclients on mount '/Radio'
[2026-05-02  21:04:27] INFO admin/admin.c Received admin command listclients on mount '/Radio'
[2026-05-02  21:04:37] INFO admin/admin.c Received admin command listclients on mount '/Radio'
[2026-05-02  21:04:44] INFO admin/admin.c Received admin command metadata on mount '/Radio'
[2026-05-02  21:04:44] WARN admin/admin.c Client 0000018E631C0CC0 (role=legacy-global-source, acl=legacy-global-source, username=source) uses safe method GET on /admin/metadata
[2026-05-02  21:04:44] INFO admin/admin.c Metadata on mountpoint /Radio changed to "MUZZ\x20-\x20Horsepower\x20(F.O.O.L\x20&\x20Tokyo\x20Rose\x20Remix)"
[2026-05-02  21:04:44] INFO event-stream/event_stream.c event queued
[2026-05-02  21:04:44] WARN stats/stats.c No charset found for "ISO8859-1"
[2026-05-02  21:04:44] WARN stats/stats.c No charset found for "ISO8859-1"
[2026-05-02  21:04:44] INFO event-stream/event_stream.c event queued
[2026-05-02  21:04:47] INFO admin/admin.c Received admin command listclients on mount '/Radio'
[2026-05-02  21:04:57] INFO admin/admin.c Received admin command listclients on mount '/Radio'
[2026-05-02  21:05:07] INFO admin/admin.c Received admin command listclients on mount '/Radio'
[2026-05-02  21:05:17] INFO admin/admin.c Received admin command listclients on mount '/Radio'
[2026-05-02  21:05:27] INFO admin/admin.c Received admin command listclients on mount '/Radio'
[2026-05-02  21:05:37] INFO admin/admin.c Received admin command listclients on mount '/Radio'
[2026-05-02  21:05:47] INFO admin/admin.c Received admin command listclients on mount '/Radio'
[2026-05-02  21:05:57] INFO admin/admin.c Received admin command listclients on mount '/Radio'
[2026-05-02  21:06:07] INFO admin/admin.c Received admin command listclients on mount '/Radio'
[2026-05-02  21:06:17] INFO admin/admin.c Received admin command listclients on mount '/Radio'
[2026-05-02  21:06:27] INFO admin/admin.c Received admin command listclients on mount '/Radio'
[2026-05-02  21:06:37] INFO admin/admin.c Received admin command listclients on mount '/Radio'
[2026-05-02  21:06:47] INFO admin/admin.c Received admin command listclients on mount '/Radio'
[2026-05-02  21:06:57] INFO admin/admin.c Received admin command listclients on mount '/Radio'
[2026-05-02  21:07:07] INFO admin/admin.c Received admin command listclients on mount '/Radio'
[2026-05-02  21:07:17] INFO admin/admin.c Received admin command listclients on mount '/Radio'
[2026-05-02  21:07:27] INFO admin/admin.c Received admin command listclients on mount '/Radio'
[2026-05-02  21:07:37] INFO admin/admin.c Received admin command listclients on mount '/Radio'
[2026-05-02  21:07:47] INFO admin/admin.c Received admin command listclients on mount '/Radio'
[2026-05-02  21:07:55] INFO admin/admin.c Received admin command metadata on mount '/Radio'
[2026-05-02  21:07:55] WARN admin/admin.c Client 0000018E631C1380 (role=legacy-global-source, acl=legacy-global-source, username=source) uses safe method GET on /admin/metadata
[2026-05-02  21:07:55] INFO admin/admin.c Metadata on mountpoint /Radio changed to "Muzz\x20-\x20Start\x20Again\x20(Original\x20Mix)"
[2026-05-02  21:07:55] INFO event-stream/event_stream.c event queued
[2026-05-02  21:07:55] WARN stats/stats.c No charset found for "ISO8859-1"
[2026-05-02  21:07:55] WARN stats/stats.c No charset found for "ISO8859-1"
[2026-05-02  21:07:55] INFO event-stream/event_stream.c event queued
[2026-05-02  21:07:57] INFO admin/admin.c Received admin command listclients on mount '/Radio'
[2026-05-02  21:08:07] INFO admin/admin.c Received admin command listclients on mount '/Radio'
[2026-05-02  21:08:17] INFO admin/admin.c Received admin command listclients on mount '/Radio'
[2026-05-02  21:08:27] INFO admin/admin.c Received admin command listclients on mount '/Radio'
[2026-05-02  21:08:37] INFO admin/admin.c Received admin command listclients on mount '/Radio'
[2026-05-02  21:08:47] INFO admin/admin.c Received admin command listclients on mount '/Radio'
[2026-05-02  21:08:57] INFO admin/admin.c Received admin command listclients on mount '/Radio'
[2026-05-02  21:09:07] INFO admin/admin.c Received admin command listclients on mount '/Radio'
[2026-05-02  21:09:17] INFO admin/admin.c Received admin command listclients on mount '/Radio'
[2026-05-02  21:09:27] INFO admin/admin.c Received admin command listclients on mount '/Radio'
[2026-05-02  21:09:37] INFO admin/admin.c Received admin command listclients on mount '/Radio'
[2026-05-02  21:09:47] INFO admin/admin.c Received admin command listclients on mount '/Radio'
[2026-05-02  21:09:57] INFO admin/admin.c Received admin command listclients on mount '/Radio'
[2026-05-02  21:10:07] INFO admin/admin.c Received admin command listclients on mount '/Radio'
[2026-05-02  21:10:17] INFO admin/admin.c Received admin command listclients on mount '/Radio'
[2026-05-02  21:10:27] INFO admin/admin.c Received admin command listclients on mount '/Radio'
[2026-05-02  21:10:37] INFO admin/admin.c Received admin command listclients on mount '/Radio'
[2026-05-02  21:10:47] INFO admin/admin.c Received admin command listclients on mount '/Radio'
[2026-05-02  21:10:57] INFO admin/admin.c Received admin command listclients on mount '/Radio'
[2026-05-02  21:11:07] INFO admin/admin.c Received admin command listclients on mount '/Radio'
[2026-05-02  21:11:17] INFO admin/admin.c Received admin command listclients on mount '/Radio'
[2026-05-02  21:11:27] INFO admin/admin.c Received admin command listclients on mount '/Radio'
[2026-05-02  21:11:37] INFO admin/admin.c Received admin command listclients on mount '/Radio'
[2026-05-02  21:11:47] INFO admin/admin.c Received admin command listclients on mount '/Radio'
[2026-05-02  21:11:57] INFO admin/admin.c Received admin command listclients on mount '/Radio'
[2026-05-02  21:12:02] INFO admin/admin.c Received admin command metadata on mount '/Radio'
[2026-05-02  21:12:02] WARN admin/admin.c Client 0000018E631C1A40 (role=legacy-global-source, acl=legacy-global-source, username=source) uses safe method GET on /admin/metadata
[2026-05-02  21:12:02] INFO admin/admin.c Metadata on mountpoint /Radio changed to "Nightfall\x20Heroes\x20-\x20Voltage"
[2026-05-02  21:12:02] INFO event-stream/event_stream.c event queued
[2026-05-02  21:12:02] WARN stats/stats.c No charset found for "ISO8859-1"
[2026-05-02  21:12:02] WARN stats/stats.c No charset found for "ISO8859-1"
[2026-05-02  21:12:02] INFO event-stream/event_stream.c event queued
[2026-05-02  21:12:07] INFO admin/admin.c Received admin command listclients on mount '/Radio'
[2026-05-02  21:12:17] INFO admin/admin.c Received admin command listclients on mount '/Radio'
[2026-05-02  21:12:27] INFO admin/admin.c Received admin command listclients on mount '/Radio'
[2026-05-02  21:12:37] INFO admin/admin.c Received admin command listclients on mount '/Radio'
[2026-05-02  21:12:47] INFO admin/admin.c Received admin command listclients on mount '/Radio'
[2026-05-02  21:12:57] INFO admin/admin.c Received admin command listclients on mount '/Radio'
[2026-05-02  21:13:07] INFO admin/admin.c Received admin command listclients on mount '/Radio'
[2026-05-02  21:13:17] INFO admin/admin.c Received admin command listclients on mount '/Radio'
[2026-05-02  21:13:27] INFO admin/admin.c Received admin command listclients on mount '/Radio'
[2026-05-02  21:13:37] INFO admin/admin.c Received admin command listclients on mount '/Radio'
[2026-05-02  21:13:47] INFO admin/admin.c Received admin command listclients on mount '/Radio'
[2026-05-02  21:13:57] INFO admin/admin.c Received admin command listclients on mount '/Radio'
[2026-05-02  21:14:07] INFO admin/admin.c Received admin command listclients on mount '/Radio'
[2026-05-02  21:14:17] INFO admin/admin.c Received admin command listclients on mount '/Radio'
[2026-05-02  21:14:27] INFO admin/admin.c Received admin command listclients on mount '/Radio'
[2026-05-02  21:14:37] INFO admin/admin.c Received admin command listclients on mount '/Radio'
[2026-05-02  21:14:47] INFO admin/admin.c Received admin command listclients on mount '/Radio'
[2026-05-02  21:14:57] INFO admin/admin.c Received admin command listclients on mount '/Radio'
[2026-05-02  21:14:59] INFO admin/admin.c Received admin command metadata on mount '/Radio'
[2026-05-02  21:14:59] WARN admin/admin.c Client 0000018E631C1A40 (role=legacy-global-source, acl=legacy-global-source, username=source) uses safe method GET on /admin/metadata
[2026-05-02  21:14:59] INFO admin/admin.c Metadata on mountpoint /Radio changed to "Ninjula\x20-\x20Spanish\x20Princess\x20(2020)"
[2026-05-02  21:14:59] INFO event-stream/event_stream.c event queued
[2026-05-02  21:14:59] WARN stats/stats.c No charset found for "ISO8859-1"
[2026-05-02  21:14:59] WARN stats/stats.c No charset found for "ISO8859-1"
[2026-05-02  21:14:59] INFO event-stream/event_stream.c event queued
[2026-05-02  21:15:07] INFO admin/admin.c Received admin command listclients on mount '/Radio'
[2026-05-02  21:15:17] INFO admin/admin.c Received admin command listclients on mount '/Radio'
[2026-05-02  21:15:27] INFO admin/admin.c Received admin command listclients on mount '/Radio'
[2026-05-02  21:15:37] INFO admin/admin.c Received admin command listclients on mount '/Radio'
[2026-05-02  21:15:47] INFO admin/admin.c Received admin command listclients on mount '/Radio'
[2026-05-02  21:15:57] INFO admin/admin.c Received admin command listclients on mount '/Radio'
[2026-05-02  21:16:07] INFO admin/admin.c Received admin command listclients on mount '/Radio'
[2026-05-02  21:16:17] INFO admin/admin.c Received admin command listclients on mount '/Radio'
[2026-05-02  21:16:27] INFO admin/admin.c Received admin command listclients on mount '/Radio'
[2026-05-02  21:16:37] INFO admin/admin.c Received admin command listclients on mount '/Radio'
[2026-05-02  21:16:47] INFO admin/admin.c Received admin command listclients on mount '/Radio'
[2026-05-02  21:16:57] INFO admin/admin.c Received admin command listclients on mount '/Radio'
[2026-05-02  21:17:07] INFO admin/admin.c Received admin command listclients on mount '/Radio'
[2026-05-02  21:17:17] INFO admin/admin.c Received admin command listclients on mount '/Radio'
[2026-05-02  21:17:27] INFO admin/admin.c Received admin command listclients on mount '/Radio'
[2026-05-02  21:17:37] INFO admin/admin.c Received admin command listclients on mount '/Radio'
[2026-05-02  21:17:47] INFO admin/admin.c Received admin command listclients on mount '/Radio'
[2026-05-02  21:17:57] INFO admin/admin.c Received admin command listclients on mount '/Radio'
[2026-05-02  21:18:07] INFO admin/admin.c Received admin command listclients on mount '/Radio'
[2026-05-02  21:18:17] INFO admin/admin.c Received admin command listclients on mount '/Radio'
[2026-05-02  21:18:27] INFO admin/admin.c Received admin command listclients on mount '/Radio'
[2026-05-02  21:18:37] INFO admin/admin.c Received admin command listclients on mount '/Radio'
[2026-05-02  21:18:47] INFO admin/admin.c Received admin command listclients on mount '/Radio'
[2026-05-02  21:18:57] INFO admin/admin.c Received admin command listclients on mount '/Radio'
[2026-05-02  21:19:05] INFO admin/admin.c Received admin command metadata on mount '/Radio'
[2026-05-02  21:19:05] WARN admin/admin.c Client 0000018E631C1800 (role=legacy-global-source, acl=legacy-global-source, username=source) uses safe method GET on /admin/metadata
[2026-05-02  21:19:05] INFO admin/admin.c Metadata on mountpoint /Radio changed to "Nitti\x20Gritti\x20&\x20Dr.\x20Fresch\x20-\x20Cold\x20Day\x20in\x20Hell"
[2026-05-02  21:19:05] INFO event-stream/event_stream.c event queued
[2026-05-02  21:19:05] WARN stats/stats.c No charset found for "ISO8859-1"
[2026-05-02  21:19:05] WARN stats/stats.c No charset found for "ISO8859-1"
[2026-05-02  21:19:05] INFO event-stream/event_stream.c event queued
[2026-05-02  21:19:07] INFO admin/admin.c Received admin command listclients on mount '/Radio'
[2026-05-02  21:19:17] INFO admin/admin.c Received admin command listclients on mount '/Radio'
[2026-05-02  21:19:27] INFO admin/admin.c Received admin command listclients on mount '/Radio'
[2026-05-02  21:19:37] INFO admin/admin.c Received admin command listclients on mount '/Radio'
[2026-05-02  21:19:47] INFO admin/admin.c Received admin command listclients on mount '/Radio'
[2026-05-02  21:19:57] INFO admin/admin.c Received admin command listclients on mount '/Radio'
[2026-05-02  21:20:07] INFO admin/admin.c Received admin command listclients on mount '/Radio'
[2026-05-02  21:20:17] INFO admin/admin.c Received admin command listclients on mount '/Radio'
[2026-05-02  21:20:27] INFO admin/admin.c Received admin command listclients on mount '/Radio'
[2026-05-02  21:20:37] INFO admin/admin.c Received admin command listclients on mount '/Radio'
[2026-05-02  21:20:47] INFO admin/admin.c Received admin command listclients on mount '/Radio'
[2026-05-02  21:20:57] INFO admin/admin.c Received admin command listclients on mount '/Radio'
[2026-05-02  21:21:07] INFO admin/admin.c Received admin command listclients on mount '/Radio'
[2026-05-02  21:21:17] INFO admin/admin.c Received admin command listclients on mount '/Radio'
[2026-05-02  21:21:22] INFO admin/admin.c Received admin command metadata on mount '/Radio'
[2026-05-02  21:21:22] WARN admin/admin.c Client 0000018E631C1B60 (role=legacy-global-source, acl=legacy-global-source, username=source) uses safe method GET on /admin/metadata
[2026-05-02  21:21:22] INFO admin/admin.c Metadata on mountpoint /Radio changed to "OkregLucky,\x20DonLear\x20-\x20Przykop\x203021"
[2026-05-02  21:21:22] INFO event-stream/event_stream.c event queued
[2026-05-02  21:21:22] WARN stats/stats.c No charset found for "ISO8859-1"
[2026-05-02  21:21:22] WARN stats/stats.c No charset found for "ISO8859-1"
[2026-05-02  21:21:22] INFO event-stream/event_stream.c event queued
[2026-05-02  21:21:27] INFO admin/admin.c Received admin command listclients on mount '/Radio'
[2026-05-02  21:21:37] INFO admin/admin.c Received admin command listclients on mount '/Radio'
[2026-05-02  21:21:47] INFO admin/admin.c Received admin command listclients on mount '/Radio'
[2026-05-02  21:21:57] INFO admin/admin.c Received admin command listclients on mount '/Radio'
[2026-05-02  21:22:07] INFO admin/admin.c Received admin command listclients on mount '/Radio'
[2026-05-02  21:22:17] INFO admin/admin.c Received admin command listclients on mount '/Radio'
[2026-05-02  21:22:27] INFO admin/admin.c Received admin command listclients on mount '/Radio'
[2026-05-02  21:22:37] INFO admin/admin.c Received admin command listclients on mount '/Radio'
[2026-05-02  21:22:47] INFO admin/admin.c Received admin command listclients on mount '/Radio'
[2026-05-02  21:22:57] INFO admin/admin.c Received admin command listclients on mount '/Radio'
[2026-05-02  21:23:07] INFO admin/admin.c Received admin command listclients on mount '/Radio'
[2026-05-02  21:23:17] INFO admin/admin.c Received admin command listclients on mount '/Radio'
[2026-05-02  21:23:27] INFO admin/admin.c Received admin command listclients on mount '/Radio'
[2026-05-02  21:23:37] INFO admin/admin.c Received admin command listclients on mount '/Radio'
[2026-05-02  21:23:47] INFO admin/admin.c Received admin command listclients on mount '/Radio'
[2026-05-02  21:23:57] INFO admin/admin.c Received admin command listclients on mount '/Radio'
[2026-05-02  21:24:07] INFO admin/admin.c Received admin command listclients on mount '/Radio'
[2026-05-02  21:24:17] INFO admin/admin.c Received admin command metadata on mount '/Radio'
[2026-05-02  21:24:17] WARN admin/admin.c Client 0000018E631C1140 (role=legacy-global-source, acl=legacy-global-source, username=source) uses safe method GET on /admin/metadata
[2026-05-02  21:24:17] INFO admin/admin.c Metadata on mountpoint /Radio changed to "Ost+Front\x20-\x20Geld\x20Geld\x20Geld\x20(Code\x20Pandorum\x20Remix)\x20[by\x20DragoN_Sky]"
[2026-05-02  21:24:17] INFO event-stream/event_stream.c event queued
[2026-05-02  21:24:17] WARN stats/stats.c No charset found for "ISO8859-1"
[2026-05-02  21:24:17] WARN stats/stats.c No charset found for "ISO8859-1"
[2026-05-02  21:24:17] INFO event-stream/event_stream.c event queued
[2026-05-02  21:24:17] INFO admin/admin.c Received admin command listclients on mount '/Radio'
[2026-05-02  21:24:27] INFO admin/admin.c Received admin command listclients on mount '/Radio'
[2026-05-02  21:24:37] INFO admin/admin.c Received admin command listclients on mount '/Radio'
[2026-05-02  21:24:47] INFO admin/admin.c Received admin command listclients on mount '/Radio'
[2026-05-02  21:24:57] INFO admin/admin.c Received admin command listclients on mount '/Radio'
[2026-05-02  21:25:07] INFO admin/admin.c Received admin command listclients on mount '/Radio'
[2026-05-02  21:25:17] INFO admin/admin.c Received admin command listclients on mount '/Radio'
[2026-05-02  21:25:27] INFO admin/admin.c Received admin command listclients on mount '/Radio'
[2026-05-02  21:25:38] INFO admin/admin.c Received admin command listclients on mount '/Radio'
[2026-05-02  21:25:48] INFO admin/admin.c Received admin command listclients on mount '/Radio'
[2026-05-02  21:25:58] INFO admin/admin.c Received admin command listclients on mount '/Radio'
[2026-05-02  21:26:08] INFO admin/admin.c Received admin command listclients on mount '/Radio'
[2026-05-02  21:26:18] INFO admin/admin.c Received admin command listclients on mount '/Radio'
[2026-05-02  21:26:28] INFO admin/admin.c Received admin command listclients on mount '/Radio'
[2026-05-02  21:26:38] INFO admin/admin.c Received admin command listclients on mount '/Radio'
[2026-05-02  21:26:48] INFO admin/admin.c Received admin command listclients on mount '/Radio'
[2026-05-02  21:26:58] INFO admin/admin.c Received admin command listclients on mount '/Radio'
[2026-05-02  21:27:08] INFO admin/admin.c Received admin command listclients on mount '/Radio'
[2026-05-02  21:27:18] INFO admin/admin.c Received admin command listclients on mount '/Radio'
[2026-05-02  21:27:28] INFO admin/admin.c Received admin command listclients on mount '/Radio'
[2026-05-02  21:27:38] INFO admin/admin.c Received admin command listclients on mount '/Radio'
[2026-05-02  21:27:48] INFO admin/admin.c Received admin command listclients on mount '/Radio'
[2026-05-02  21:27:58] INFO admin/admin.c Received admin command listclients on mount '/Radio'
[2026-05-02  21:27:58] INFO admin/admin.c Received admin command metadata on mount '/Radio'
[2026-05-02  21:27:58] WARN admin/admin.c Client 0000018E631C1020 (role=legacy-global-source, acl=legacy-global-source, username=source) uses safe method GET on /admin/metadata
[2026-05-02  21:27:58] INFO admin/admin.c Metadata on mountpoint /Radio changed to "Owl\x20Vision\x20-\x20EXODUZ"
[2026-05-02  21:27:58] INFO event-stream/event_stream.c event queued
[2026-05-02  21:27:58] WARN stats/stats.c No charset found for "ISO8859-1"
[2026-05-02  21:27:58] WARN stats/stats.c No charset found for "ISO8859-1"
[2026-05-02  21:27:58] INFO event-stream/event_stream.c event queued
[2026-05-02  21:28:08] INFO admin/admin.c Received admin command listclients on mount '/Radio'
[2026-05-02  21:28:18] INFO admin/admin.c Received admin command listclients on mount '/Radio'
[2026-05-02  21:28:28] INFO admin/admin.c Received admin command listclients on mount '/Radio'
[2026-05-02  21:28:38] INFO admin/admin.c Received admin command listclients on mount '/Radio'
[2026-05-02  21:28:48] INFO admin/admin.c Received admin command listclients on mount '/Radio'
[2026-05-02  21:28:58] INFO admin/admin.c Received admin command listclients on mount '/Radio'
[2026-05-02  21:29:08] INFO admin/admin.c Received admin command listclients on mount '/Radio'
[2026-05-02  21:29:18] INFO admin/admin.c Received admin command listclients on mount '/Radio'
[2026-05-02  21:29:28] INFO admin/admin.c Received admin command listclients on mount '/Radio'
[2026-05-02  21:29:38] INFO admin/admin.c Received admin command listclients on mount '/Radio'
[2026-05-02  21:29:48] INFO admin/admin.c Received admin command listclients on mount '/Radio'
[2026-05-02  21:29:58] INFO admin/admin.c Received admin command listclients on mount '/Radio'
[2026-05-02  21:30:08] INFO admin/admin.c Received admin command listclients on mount '/Radio'
[2026-05-02  21:30:18] INFO admin/admin.c Received admin command listclients on mount '/Radio'
[2026-05-02  21:30:28] INFO admin/admin.c Received admin command listclients on mount '/Radio'
[2026-05-02  21:30:38] INFO admin/admin.c Received admin command listclients on mount '/Radio'
[2026-05-02  21:30:39] INFO admin/admin.c Received admin command metadata on mount '/Radio'
[2026-05-02  21:30:39] WARN admin/admin.c Client 0000018E631C1800 (role=legacy-global-source, acl=legacy-global-source, username=source) uses safe method GET on /admin/metadata
[2026-05-02  21:30:39] INFO admin/admin.c Metadata on mountpoint /Radio changed to "PHUTURE\x20DOOM\x20-\x20HELAS\x20(BRVMES\x20Blood\x20Edit)"
[2026-05-02  21:30:39] INFO event-stream/event_stream.c event queued
[2026-05-02  21:30:39] WARN stats/stats.c No charset found for "ISO8859-1"
[2026-05-02  21:30:39] WARN stats/stats.c No charset found for "ISO8859-1"
[2026-05-02  21:30:39] INFO event-stream/event_stream.c event queued
[2026-05-02  21:30:48] INFO admin/admin.c Received admin command listclients on mount '/Radio'
[2026-05-02  21:30:58] INFO admin/admin.c Received admin command listclients on mount '/Radio'
[2026-05-02  21:31:08] INFO admin/admin.c Received admin command listclients on mount '/Radio'
[2026-05-02  21:31:18] INFO admin/admin.c Received admin command listclients on mount '/Radio'
[2026-05-02  21:31:28] INFO admin/admin.c Received admin command listclients on mount '/Radio'
[2026-05-02  21:31:38] INFO admin/admin.c Received admin command listclients on mount '/Radio'
[2026-05-02  21:31:48] INFO admin/admin.c Received admin command listclients on mount '/Radio'
[2026-05-02  21:31:58] INFO admin/admin.c Received admin command listclients on mount '/Radio'
[2026-05-02  21:32:08] INFO admin/admin.c Received admin command listclients on mount '/Radio'
[2026-05-02  21:32:18] INFO admin/admin.c Received admin command listclients on mount '/Radio'
[2026-05-02  21:32:28] INFO admin/admin.c Received admin command listclients on mount '/Radio'
[2026-05-02  21:32:38] INFO admin/admin.c Received admin command listclients on mount '/Radio'
[2026-05-02  21:32:48] INFO admin/admin.c Received admin command listclients on mount '/Radio'
[2026-05-02  21:32:58] INFO admin/admin.c Received admin command listclients on mount '/Radio'
[2026-05-02  21:33:03] EROR connection-handle/connection_handle.c Wrong request type from client
[2026-05-02  21:33:08] INFO admin/admin.c Received admin command listclients on mount '/Radio'
[2026-05-02  21:33:18] INFO admin/admin.c Received admin command listclients on mount '/Radio'
[2026-05-02  21:33:28] INFO admin/admin.c Received admin command listclients on mount '/Radio'
[2026-05-02  21:33:28] INFO event-stream/event_stream.c event queued
[2026-05-02  21:33:28] INFO source/source.c listener count on /Radio now 1
[2026-05-02  21:33:28] INFO event-stream/event_stream.c event queued
[2026-05-02  21:33:29] INFO source/source.c listener count on /Radio now 0
[2026-05-02  21:33:29] INFO event-stream/event_stream.c event queued
[2026-05-02  21:33:29] INFO event-stream/event_stream.c event queued
[2026-05-02  21:33:38] INFO admin/admin.c Received admin command listclients on mount '/Radio'
[2026-05-02  21:33:48] INFO admin/admin.c Received admin command listclients on mount '/Radio'
[2026-05-02  21:33:58] INFO admin/admin.c Received admin command listclients on mount '/Radio'
[2026-05-02  21:34:08] INFO admin/admin.c Received admin command listclients on mount '/Radio'
[2026-05-02  21:34:18] INFO admin/admin.c Received admin command listclients on mount '/Radio'
[2026-05-02  21:34:28] INFO admin/admin.c Received admin command listclients on mount '/Radio'
[2026-05-02  21:34:38] INFO admin/admin.c Received admin command listclients on mount '/Radio'
[2026-05-02  21:34:48] INFO admin/admin.c Received admin command listclients on mount '/Radio'
[2026-05-02  21:34:58] INFO admin/admin.c Received admin command listclients on mount '/Radio'
[2026-05-02  21:35:00] INFO event-stream/event_stream.c event queued
[2026-05-02  21:35:00] INFO source/source.c listener count on /Radio now 1
[2026-05-02  21:35:00] INFO event-stream/event_stream.c event queued
[2026-05-02  21:35:01] INFO source/source.c listener count on /Radio now 0
[2026-05-02  21:35:01] INFO event-stream/event_stream.c event queued
[2026-05-02  21:35:01] INFO event-stream/event_stream.c event queued
[2026-05-02  21:35:08] INFO admin/admin.c Received admin command listclients on mount '/Radio'
[2026-05-02  21:35:18] INFO admin/admin.c Received admin command listclients on mount '/Radio'
[2026-05-02  21:35:28] INFO admin/admin.c Received admin command listclients on mount '/Radio'
[2026-05-02  21:35:38] INFO admin/admin.c Received admin command listclients on mount '/Radio'
[2026-05-02  21:35:48] INFO admin/admin.c Received admin command listclients on mount '/Radio'
[2026-05-02  21:35:50] INFO admin/admin.c Received admin command metadata on mount '/Radio'
[2026-05-02  21:35:50] WARN admin/admin.c Client 0000018E631C14A0 (role=legacy-global-source, acl=legacy-global-source, username=source) uses safe method GET on /admin/metadata
[2026-05-02  21:35:50] INFO admin/admin.c Metadata on mountpoint /Radio changed to "Rage\x20Against\x20the\x20Machine\x20-\x20Killing\x20In\x20The\x20Name\x20(SYN\x20Flip)"
[2026-05-02  21:35:50] INFO event-stream/event_stream.c event queued
[2026-05-02  21:35:50] WARN stats/stats.c No charset found for "ISO8859-1"
[2026-05-02  21:35:50] WARN stats/stats.c No charset found for "ISO8859-1"
[2026-05-02  21:35:50] INFO event-stream/event_stream.c event queued
[2026-05-02  21:35:58] INFO admin/admin.c Received admin command listclients on mount '/Radio'
[2026-05-02  21:36:08] INFO admin/admin.c Received admin command listclients on mount '/Radio'
[2026-05-02  21:36:18] INFO admin/admin.c Received admin command listclients on mount '/Radio'
[2026-05-02  21:36:28] INFO admin/admin.c Received admin command listclients on mount '/Radio'
[2026-05-02  21:36:33] EROR connection-handle/connection_handle.c Wrong request type from client
[2026-05-02  21:36:38] INFO admin/admin.c Received admin command listclients on mount '/Radio'
[2026-05-02  21:36:48] INFO admin/admin.c Received admin command listclients on mount '/Radio'
[2026-05-02  21:36:48] INFO event-stream/event_stream.c event queued
[2026-05-02  21:36:48] INFO source/source.c listener count on /Radio now 1
[2026-05-02  21:36:48] INFO event-stream/event_stream.c event queued
[2026-05-02  21:36:58] INFO admin/admin.c Received admin command listclients on mount '/Radio'
[2026-05-02  21:36:58] INFO source/source.c listener count on /Radio now 0
[2026-05-02  21:36:58] INFO event-stream/event_stream.c event queued
[2026-05-02  21:36:58] INFO event-stream/event_stream.c event queued
[2026-05-02  21:37:08] INFO admin/admin.c Received admin command listclients on mount '/Radio'
[2026-05-02  21:37:18] INFO admin/admin.c Received admin command listclients on mount '/Radio'
[2026-05-02  21:37:28] INFO admin/admin.c Received admin command listclients on mount '/Radio'
[2026-05-02  21:37:38] INFO admin/admin.c Received admin command listclients on mount '/Radio'
[2026-05-02  21:37:48] INFO admin/admin.c Received admin command listclients on mount '/Radio'
[2026-05-02  21:37:58] INFO admin/admin.c Received admin command listclients on mount '/Radio'
[2026-05-02  21:38:08] INFO admin/admin.c Received admin command listclients on mount '/Radio'
[2026-05-02  21:38:18] INFO admin/admin.c Received admin command listclients on mount '/Radio'
[2026-05-02  21:38:24] EROR admin/admin.c Error parsing command string or unrecognised command: config.xsl
[2026-05-02  21:38:25] INFO admin/admin.c Received admin command metadata on mount '/Radio'
[2026-05-02  21:38:25] WARN admin/admin.c Client 0000018E631C16E0 (role=legacy-global-source, acl=legacy-global-source, username=source) uses safe method GET on /admin/metadata
[2026-05-02  21:38:25] INFO admin/admin.c Metadata on mountpoint /Radio changed to "Retro\x20Mars,\x20Swedish\x20Revolution\x20-\x20TRON"
[2026-05-02  21:38:25] INFO event-stream/event_stream.c event queued
[2026-05-02  21:38:25] WARN stats/stats.c No charset found for "ISO8859-1"
[2026-05-02  21:38:25] WARN stats/stats.c No charset found for "ISO8859-1"
[2026-05-02  21:38:25] INFO event-stream/event_stream.c event queued
[2026-05-02  21:38:28] INFO admin/admin.c Received admin command listclients on mount '/Radio'
[2026-05-02  21:38:38] INFO admin/admin.c Received admin command listclients on mount '/Radio'
[2026-05-02  21:38:48] INFO admin/admin.c Received admin command listclients on mount '/Radio'
[2026-05-02  21:38:58] INFO admin/admin.c Received admin command listclients on mount '/Radio'
[2026-05-02  21:39:08] INFO admin/admin.c Received admin command listclients on mount '/Radio'
[2026-05-02  21:39:18] INFO admin/admin.c Received admin command listclients on mount '/Radio'
[2026-05-02  21:39:28] INFO admin/admin.c Received admin command listclients on mount '/Radio'
[2026-05-02  21:39:38] INFO admin/admin.c Received admin command listclients on mount '/Radio'
[2026-05-02  21:39:48] INFO admin/admin.c Received admin command listclients on mount '/Radio'
[2026-05-02  21:39:58] INFO admin/admin.c Received admin command listclients on mount '/Radio'
[2026-05-02  21:40:08] INFO admin/admin.c Received admin command listclients on mount '/Radio'
[2026-05-02  21:40:18] INFO admin/admin.c Received admin command listclients on mount '/Radio'
[2026-05-02  21:40:28] INFO admin/admin.c Received admin command listclients on mount '/Radio'
[2026-05-02  21:40:38] INFO admin/admin.c Received admin command listclients on mount '/Radio'
[2026-05-02  21:40:48] INFO admin/admin.c Received admin command listclients on mount '/Radio'
[2026-05-02  21:40:58] INFO admin/admin.c Received admin command listclients on mount '/Radio'
[2026-05-02  21:41:08] INFO admin/admin.c Received admin command listclients on mount '/Radio'
[2026-05-02  21:41:09] INFO admin/admin.c Received admin command metadata on mount '/Radio'
[2026-05-02  21:41:09] WARN admin/admin.c Client 0000018E631C1920 (role=legacy-global-source, acl=legacy-global-source, username=source) uses safe method GET on /admin/metadata
[2026-05-02  21:41:09] INFO admin/admin.c Metadata on mountpoint /Radio changed to "Revizia,\x20Yenmania\x20-\x20No\x20Trouble"
[2026-05-02  21:41:09] INFO event-stream/event_stream.c event queued
[2026-05-02  21:41:09] WARN stats/stats.c No charset found for "ISO8859-1"
[2026-05-02  21:41:09] WARN stats/stats.c No charset found for "ISO8859-1"
[2026-05-02  21:41:09] INFO event-stream/event_stream.c event queued
[2026-05-02  21:41:18] INFO admin/admin.c Received admin command listclients on mount '/Radio'
[2026-05-02  21:41:28] INFO admin/admin.c Received admin command listclients on mount '/Radio'
[2026-05-02  21:41:38] INFO admin/admin.c Received admin command listclients on mount '/Radio'
[2026-05-02  21:41:48] INFO admin/admin.c Received admin command listclients on mount '/Radio'
[2026-05-02  21:41:58] INFO admin/admin.c Received admin command listclients on mount '/Radio'
[2026-05-02  21:42:08] INFO admin/admin.c Received admin command listclients on mount '/Radio'
[2026-05-02  21:42:18] INFO admin/admin.c Received admin command listclients on mount '/Radio'
[2026-05-02  21:42:28] INFO admin/admin.c Received admin command listclients on mount '/Radio'
[2026-05-02  21:42:38] INFO admin/admin.c Received admin command listclients on mount '/Radio'
[2026-05-02  21:42:48] INFO admin/admin.c Received admin command listclients on mount '/Radio'
[2026-05-02  21:42:58] INFO admin/admin.c Received admin command listclients on mount '/Radio'
[2026-05-02  21:43:08] INFO admin/admin.c Received admin command listclients on mount '/Radio'
[2026-05-02  21:43:18] INFO admin/admin.c Received admin command listclients on mount '/Radio'
[2026-05-02  21:43:28] INFO admin/admin.c Received admin command listclients on mount '/Radio'
[2026-05-02  21:43:38] INFO admin/admin.c Received admin command listclients on mount '/Radio'
[2026-05-02  21:43:48] INFO admin/admin.c Received admin command listclients on mount '/Radio'
[2026-05-02  21:43:58] INFO admin/admin.c Received admin command listclients on mount '/Radio'
[2026-05-02  21:44:08] INFO admin/admin.c Received admin command listclients on mount '/Radio'
[2026-05-02  21:44:18] INFO admin/admin.c Received admin command listclients on mount '/Radio'
[2026-05-02  21:44:25] INFO admin/admin.c Received admin command metadata on mount '/Radio'
[2026-05-02  21:44:25] WARN admin/admin.c Client 0000018E631C1A40 (role=legacy-global-source, acl=legacy-global-source, username=source) uses safe method GET on /admin/metadata
[2026-05-02  21:44:25] INFO admin/admin.c Metadata on mountpoint /Radio changed to "Roberto\x20Kan\x20-\x20Hard\x20Kiss\x20(Original\x20Mix)"
[2026-05-02  21:44:25] INFO event-stream/event_stream.c event queued
[2026-05-02  21:44:25] WARN stats/stats.c No charset found for "ISO8859-1"
[2026-05-02  21:44:25] WARN stats/stats.c No charset found for "ISO8859-1"
[2026-05-02  21:44:25] INFO event-stream/event_stream.c event queued
[2026-05-02  21:44:28] INFO admin/admin.c Received admin command listclients on mount '/Radio'
[2026-05-02  21:44:38] INFO admin/admin.c Received admin command listclients on mount '/Radio'
[2026-05-02  21:44:48] INFO admin/admin.c Received admin command listclients on mount '/Radio'
[2026-05-02  21:44:58] INFO admin/admin.c Received admin command listclients on mount '/Radio'
[2026-05-02  21:45:08] INFO admin/admin.c Received admin command listclients on mount '/Radio'
[2026-05-02  21:45:18] INFO admin/admin.c Received admin command listclients on mount '/Radio'
[2026-05-02  21:45:28] INFO admin/admin.c Received admin command listclients on mount '/Radio'
[2026-05-02  21:45:38] INFO admin/admin.c Received admin command listclients on mount '/Radio'
[2026-05-02  21:45:48] INFO admin/admin.c Received admin command listclients on mount '/Radio'
[2026-05-02  21:45:58] INFO admin/admin.c Received admin command listclients on mount '/Radio'
[2026-05-02  21:46:08] INFO admin/admin.c Received admin command listclients on mount '/Radio'
[2026-05-02  21:46:18] INFO admin/admin.c Received admin command listclients on mount '/Radio'
[2026-05-02  21:46:28] INFO admin/admin.c Received admin command listclients on mount '/Radio'
[2026-05-02  21:46:38] INFO admin/admin.c Received admin command listclients on mount '/Radio'
[2026-05-02  21:46:48] INFO admin/admin.c Received admin command listclients on mount '/Radio'
[2026-05-02  21:46:58] INFO admin/admin.c Received admin command listclients on mount '/Radio'
[2026-05-02  21:47:08] INFO admin/admin.c Received admin command listclients on mount '/Radio'
[2026-05-02  21:47:18] INFO admin/admin.c Received admin command listclients on mount '/Radio'
[2026-05-02  21:47:28] INFO admin/admin.c Received admin command listclients on mount '/Radio'
[2026-05-02  21:47:38] INFO admin/admin.c Received admin command listclients on mount '/Radio'
[2026-05-02  21:47:48] INFO admin/admin.c Received admin command listclients on mount '/Radio'
[2026-05-02  21:47:56] INFO admin/admin.c Received admin command metadata on mount '/Radio'
[2026-05-02  21:47:56] WARN admin/admin.c Client 0000018E631BFE20 (role=legacy-global-source, acl=legacy-global-source, username=source) uses safe method GET on /admin/metadata
[2026-05-02  21:47:56] INFO admin/admin.c Metadata on mountpoint /Radio changed to "Savage\x20Kids\x20&\x20Lorean\x20-\x20Dark\x20Side\x20(Extended\x20Mix)"
[2026-05-02  21:47:56] INFO event-stream/event_stream.c event queued
[2026-05-02  21:47:56] WARN stats/stats.c No charset found for "ISO8859-1"
[2026-05-02  21:47:56] WARN stats/stats.c No charset found for "ISO8859-1"
[2026-05-02  21:47:56] INFO event-stream/event_stream.c event queued
[2026-05-02  21:47:58] INFO admin/admin.c Received admin command listclients on mount '/Radio'
[2026-05-02  21:48:08] INFO admin/admin.c Received admin command listclients on mount '/Radio'
[2026-05-02  21:48:18] INFO admin/admin.c Received admin command listclients on mount '/Radio'
[2026-05-02  21:48:28] INFO admin/admin.c Received admin command listclients on mount '/Radio'
[2026-05-02  21:48:38] INFO admin/admin.c Received admin command listclients on mount '/Radio'
[2026-05-02  21:48:48] INFO admin/admin.c Received admin command listclients on mount '/Radio'
[2026-05-02  21:48:58] INFO admin/admin.c Received admin command listclients on mount '/Radio'
[2026-05-02  21:49:08] INFO admin/admin.c Received admin command listclients on mount '/Radio'
[2026-05-02  21:49:18] INFO admin/admin.c Received admin command listclients on mount '/Radio'
[2026-05-02  21:49:28] INFO admin/admin.c Received admin command listclients on mount '/Radio'
[2026-05-02  21:49:38] INFO admin/admin.c Received admin command listclients on mount '/Radio'
[2026-05-02  21:49:48] INFO admin/admin.c Received admin command listclients on mount '/Radio'
[2026-05-02  21:49:58] INFO admin/admin.c Received admin command listclients on mount '/Radio'
[2026-05-02  21:50:08] INFO admin/admin.c Received admin command listclients on mount '/Radio'
[2026-05-02  21:50:18] INFO admin/admin.c Received admin command listclients on mount '/Radio'
[2026-05-02  21:50:28] INFO admin/admin.c Received admin command listclients on mount '/Radio'
[2026-05-02  21:50:38] INFO admin/admin.c Received admin command listclients on mount '/Radio'
[2026-05-02  21:50:48] INFO admin/admin.c Received admin command listclients on mount '/Radio'
[2026-05-02  21:50:58] INFO admin/admin.c Received admin command listclients on mount '/Radio'
[2026-05-02  21:51:08] INFO admin/admin.c Received admin command listclients on mount '/Radio'
[2026-05-02  21:51:18] INFO admin/admin.c Received admin command listclients on mount '/Radio'
[2026-05-02  21:51:28] INFO admin/admin.c Received admin command listclients on mount '/Radio'
[2026-05-02  21:51:38] INFO admin/admin.c Received admin command listclients on mount '/Radio'
[2026-05-02  21:51:41] INFO admin/admin.c Received admin command metadata on mount '/Radio'
[2026-05-02  21:51:41] WARN admin/admin.c Client 0000018E631BFF40 (role=legacy-global-source, acl=legacy-global-source, username=source) uses safe method GET on /admin/metadata
[2026-05-02  21:51:41] INFO admin/admin.c Metadata on mountpoint /Radio changed to "Second\x20Degree\x20-\x20Death\x20Rising"
[2026-05-02  21:51:41] INFO event-stream/event_stream.c event queued
[2026-05-02  21:51:41] WARN stats/stats.c No charset found for "ISO8859-1"
[2026-05-02  21:51:41] WARN stats/stats.c No charset found for "ISO8859-1"
[2026-05-02  21:51:41] INFO event-stream/event_stream.c event queued
[2026-05-02  21:51:48] INFO admin/admin.c Received admin command listclients on mount '/Radio'
[2026-05-02  21:51:58] INFO admin/admin.c Received admin command listclients on mount '/Radio'
[2026-05-02  21:52:08] INFO admin/admin.c Received admin command listclients on mount '/Radio'
[2026-05-02  21:52:18] INFO admin/admin.c Received admin command listclients on mount '/Radio'
[2026-05-02  21:52:28] INFO admin/admin.c Received admin command listclients on mount '/Radio'
[2026-05-02  21:52:38] INFO admin/admin.c Received admin command listclients on mount '/Radio'
[2026-05-02  21:52:48] INFO admin/admin.c Received admin command listclients on mount '/Radio'
[2026-05-02  21:52:58] INFO admin/admin.c Received admin command listclients on mount '/Radio'
[2026-05-02  21:53:08] INFO admin/admin.c Received admin command listclients on mount '/Radio'
[2026-05-02  21:53:18] INFO admin/admin.c Received admin command listclients on mount '/Radio'
[2026-05-02  21:53:28] INFO admin/admin.c Received admin command listclients on mount '/Radio'
[2026-05-02  21:53:38] INFO admin/admin.c Received admin command listclients on mount '/Radio'
[2026-05-02  21:53:48] INFO admin/admin.c Received admin command listclients on mount '/Radio'
[2026-05-02  21:53:58] INFO admin/admin.c Received admin command listclients on mount '/Radio'
[2026-05-02  21:54:05] INFO admin/admin.c Received admin command metadata on mount '/Radio'
[2026-05-02  21:54:05] WARN admin/admin.c Client 0000018E631C4F80 (role=legacy-global-source, acl=legacy-global-source, username=source) uses safe method GET on /admin/metadata
[2026-05-02  21:54:05] INFO admin/admin.c Metadata on mountpoint /Radio changed to "Slamtype\x20-\x20Alarm"
[2026-05-02  21:54:05] INFO event-stream/event_stream.c event queued
[2026-05-02  21:54:05] WARN stats/stats.c No charset found for "ISO8859-1"
[2026-05-02  21:54:05] WARN stats/stats.c No charset found for "ISO8859-1"
[2026-05-02  21:54:05] INFO event-stream/event_stream.c event queued
[2026-05-02  21:54:08] INFO admin/admin.c Received admin command listclients on mount '/Radio'
[2026-05-02  21:54:18] INFO admin/admin.c Received admin command listclients on mount '/Radio'
[2026-05-02  21:54:28] INFO admin/admin.c Received admin command listclients on mount '/Radio'
[2026-05-02  21:54:38] INFO admin/admin.c Received admin command listclients on mount '/Radio'
[2026-05-02  21:54:48] INFO admin/admin.c Received admin command listclients on mount '/Radio'
[2026-05-02  21:54:58] INFO admin/admin.c Received admin command listclients on mount '/Radio'
[2026-05-02  21:55:08] INFO admin/admin.c Received admin command listclients on mount '/Radio'
[2026-05-02  21:55:18] INFO admin/admin.c Received admin command listclients on mount '/Radio'
[2026-05-02  21:55:28] INFO admin/admin.c Received admin command listclients on mount '/Radio'
[2026-05-02  21:55:38] INFO admin/admin.c Received admin command listclients on mount '/Radio'
[2026-05-02  21:55:48] INFO admin/admin.c Received admin command listclients on mount '/Radio'
[2026-05-02  21:55:58] INFO admin/admin.c Received admin command listclients on mount '/Radio'
[2026-05-02  21:56:08] INFO admin/admin.c Received admin command listclients on mount '/Radio'
[2026-05-02  21:56:18] INFO admin/admin.c Received admin command listclients on mount '/Radio'
[2026-05-02  21:56:28] INFO admin/admin.c Received admin command listclients on mount '/Radio'
[2026-05-02  21:56:33] INFO admin/admin.c Received admin command metadata on mount '/Radio'
[2026-05-02  21:56:33] WARN admin/admin.c Client 0000018E631C52E0 (role=legacy-global-source, acl=legacy-global-source, username=source) uses safe method GET on /admin/metadata
[2026-05-02  21:56:33] INFO admin/admin.c Metadata on mountpoint /Radio changed to "Social\x20Kid\x20-\x20Magick"
[2026-05-02  21:56:33] INFO event-stream/event_stream.c event queued
[2026-05-02  21:56:33] WARN stats/stats.c No charset found for "ISO8859-1"
[2026-05-02  21:56:33] WARN stats/stats.c No charset found for "ISO8859-1"
[2026-05-02  21:56:33] INFO event-stream/event_stream.c event queued
[2026-05-02  21:56:38] INFO admin/admin.c Received admin command listclients on mount '/Radio'
[2026-05-02  21:56:48] INFO admin/admin.c Received admin command listclients on mount '/Radio'
[2026-05-02  21:56:58] INFO admin/admin.c Received admin command listclients on mount '/Radio'
[2026-05-02  21:57:08] INFO admin/admin.c Received admin command listclients on mount '/Radio'
[2026-05-02  21:57:18] INFO admin/admin.c Received admin command listclients on mount '/Radio'
[2026-05-02  21:57:28] INFO admin/admin.c Received admin command listclients on mount '/Radio'
[2026-05-02  21:57:38] INFO admin/admin.c Received admin command listclients on mount '/Radio'
[2026-05-02  21:57:48] INFO admin/admin.c Received admin command listclients on mount '/Radio'
[2026-05-02  21:57:58] INFO admin/admin.c Received admin command listclients on mount '/Radio'
[2026-05-02  21:58:08] INFO admin/admin.c Received admin command listclients on mount '/Radio'
[2026-05-02  21:58:18] INFO admin/admin.c Received admin command listclients on mount '/Radio'
[2026-05-02  21:58:28] INFO admin/admin.c Received admin command listclients on mount '/Radio'
[2026-05-02  21:58:38] INFO admin/admin.c Received admin command listclients on mount '/Radio'
[2026-05-02  21:58:48] INFO admin/admin.c Received admin command listclients on mount '/Radio'
[2026-05-02  21:58:58] INFO admin/admin.c Received admin command listclients on mount '/Radio'
[2026-05-02  21:59:08] INFO admin/admin.c Received admin command listclients on mount '/Radio'
[2026-05-02  21:59:18] INFO admin/admin.c Received admin command listclients on mount '/Radio'
[2026-05-02  21:59:28] INFO admin/admin.c Received admin command listclients on mount '/Radio'
[2026-05-02  21:59:38] INFO admin/admin.c Received admin command listclients on mount '/Radio'
[2026-05-02  21:59:45] INFO admin/admin.c Received admin command metadata on mount '/Radio'
[2026-05-02  21:59:45] WARN admin/admin.c Client 0000018E631C6960 (role=legacy-global-source, acl=legacy-global-source, username=source) uses safe method GET on /admin/metadata
[2026-05-02  21:59:45] INFO admin/admin.c Metadata on mountpoint /Radio changed to "Space\x20Laces\x20-\x20Grover"
[2026-05-02  21:59:45] INFO event-stream/event_stream.c event queued
[2026-05-02  21:59:45] WARN stats/stats.c No charset found for "ISO8859-1"
[2026-05-02  21:59:45] WARN stats/stats.c No charset found for "ISO8859-1"
[2026-05-02  21:59:45] INFO event-stream/event_stream.c event queued
[2026-05-02  21:59:48] INFO admin/admin.c Received admin command listclients on mount '/Radio'
[2026-05-02  21:59:52] INFO event-stream/event_stream.c event queued
[2026-05-02  21:59:52] INFO source/source.c listener count on /Radio now 1
[2026-05-02  21:59:52] INFO event-stream/event_stream.c event queued
[2026-05-02  21:59:58] INFO admin/admin.c Received admin command listclients on mount '/Radio'
[2026-05-02  22:00:02] INFO source/source.c listener count on /Radio now 0
[2026-05-02  22:00:02] INFO event-stream/event_stream.c event queued
[2026-05-02  22:00:02] INFO event-stream/event_stream.c event queued
[2026-05-02  22:00:08] INFO admin/admin.c Received admin command listclients on mount '/Radio'
[2026-05-02  22:00:18] INFO admin/admin.c Received admin command listclients on mount '/Radio'
[2026-05-02  22:00:28] INFO admin/admin.c Received admin command listclients on mount '/Radio'
[2026-05-02  22:00:38] INFO admin/admin.c Received admin command listclients on mount '/Radio'
[2026-05-02  22:00:48] INFO admin/admin.c Received admin command listclients on mount '/Radio'
[2026-05-02  22:01:12] INFO stats/stats.c stats thread started
[2026-05-02  22:01:12] INFO fserve/fserve.c file serving started
[2026-05-02  22:01:12] INFO main/main.c Icecast 2.5.0 server started
[2026-05-02  22:01:12] INFO main/main.c Server's PID is 30644
[2026-05-02  22:01:12] INFO main/main.c Running on DJGooDOFF; OS: MS Windows; Address Bits: 64
[2026-05-02  22:01:12] INFO main/main.c From configuration: Our hostname is "178.49.69.37", located "Earth", with admin contact "icemaster@localhost"
[2026-05-02  22:01:12] INFO yp/yp.c YP update thread started
[2026-05-02  22:01:12] INFO event-stream/event_stream.c event queued
[2026-05-02  22:01:12] INFO connection/connection.c No TLS capability on any configured ports
[2026-05-02  22:01:19] INFO connection-handle/connection_handle.c Source logging in at mountpoint "/Radio" using "SOURCE" from 127.0.0.1 as role legacy-global-source with acl legacy-global-source
[2026-05-02  22:01:19] WARN format/format.c Unsupported or legacy stream type: "audio/mpeg". Falling back to generic minimal handler for best effort.
[2026-05-02  22:01:19] INFO event-stream/event_stream.c event queued
[2026-05-02  22:01:19] INFO format-mp3/format_mp3.c No charset given for mount - with source client 2413771620352, assuming ISO8859-1
[2026-05-02  22:01:19] WARN stats/stats.c No charset found for "ISO8859-1"
[2026-05-02  22:01:19] WARN stats/stats.c No charset found for "ISO8859-1"
[2026-05-02  22:01:19] WARN stats/stats.c No charset found for "ISO8859-1"
[2026-05-02  22:01:19] WARN stats/stats.c No charset found for "ISO8859-1"
[2026-05-02  22:01:19] INFO event-stream/event_stream.c event queued
[2026-05-02  22:01:19] INFO event-stream/event_stream.c event queued
[2026-05-02  22:01:19] INFO event-stream/event_stream.c event queued
[2026-05-02  22:01:19] INFO source/source.c listener count on /Radio now 0
[2026-05-02  22:01:19] INFO event-stream/event_stream.c event queued
[2026-05-02  22:01:19] INFO event-stream/event_stream.c event queued
[2026-05-02  22:01:19] INFO admin/admin.c Received admin command metadata on mount '/Radio'
[2026-05-02  22:01:19] WARN admin/admin.c Client 00000232EBB76F40 (role=legacy-global-source, acl=legacy-global-source, username=source) uses safe method GET on /admin/metadata
[2026-05-02  22:01:19] INFO admin/admin.c Metadata on mountpoint /Radio changed to "6A\x20-\x20Energy\x208\x20-\x202Whales\x20feat.\x20TR\x20Tactics\x20-\x20Weak"
[2026-05-02  22:01:19] INFO event-stream/event_stream.c event queued
[2026-05-02  22:01:19] WARN stats/stats.c No charset found for "ISO8859-1"
[2026-05-02  22:01:19] WARN stats/stats.c No charset found for "ISO8859-1"
[2026-05-02  22:01:19] INFO event-stream/event_stream.c event queued
[2026-05-02  22:01:29] INFO admin/admin.c Received admin command listclients on mount '/Radio'
[2026-05-02  22:01:39] INFO admin/admin.c Received admin command listclients on mount '/Radio'
[2026-05-02  22:01:49] INFO admin/admin.c Received admin command listclients on mount '/Radio'
[2026-05-02  22:01:54] INFO event-stream/event_stream.c event queued
[2026-05-02  22:01:59] INFO admin/admin.c Received admin command listclients on mount '/Radio'
[2026-05-02  22:02:09] INFO admin/admin.c Received admin command listclients on mount '/Radio'
[2026-05-02  22:02:19] INFO admin/admin.c Received admin command listclients on mount '/Radio'
[2026-05-02  22:02:29] INFO admin/admin.c Received admin command listclients on mount '/Radio'
[2026-05-02  22:02:39] INFO admin/admin.c Received admin command listclients on mount '/Radio'
[2026-05-02  22:02:49] INFO admin/admin.c Received admin command listclients on mount '/Radio'
[2026-05-02  22:02:59] INFO admin/admin.c Received admin command listclients on mount '/Radio'
[2026-05-02  22:03:09] INFO admin/admin.c Received admin command listclients on mount '/Radio'
[2026-05-02  22:03:19] INFO admin/admin.c Received admin command listclients on mount '/Radio'
[2026-05-02  22:03:29] INFO admin/admin.c Received admin command listclients on mount '/Radio'
[2026-05-02  22:03:39] INFO admin/admin.c Received admin command listclients on mount '/Radio'
[2026-05-02  22:03:49] INFO admin/admin.c Received admin command listclients on mount '/Radio'
[2026-05-02  22:03:59] INFO admin/admin.c Received admin command listclients on mount '/Radio'
[2026-05-02  22:04:09] INFO admin/admin.c Received admin command listclients on mount '/Radio'
[2026-05-02  22:04:19] INFO admin/admin.c Received admin command listclients on mount '/Radio'
[2026-05-02  22:04:29] INFO admin/admin.c Received admin command listclients on mount '/Radio'
[2026-05-02  22:04:39] INFO admin/admin.c Received admin command listclients on mount '/Radio'
[2026-05-02  22:04:49] INFO admin/admin.c Received admin command listclients on mount '/Radio'
[2026-05-02  22:04:59] INFO admin/admin.c Received admin command listclients on mount '/Radio'
[2026-05-02  22:05:09] INFO admin/admin.c Received admin command listclients on mount '/Radio'
[2026-05-02  22:05:19] INFO admin/admin.c Received admin command listclients on mount '/Radio'
[2026-05-02  22:05:29] INFO admin/admin.c Received admin command listclients on mount '/Radio'
[2026-05-02  22:05:39] INFO admin/admin.c Received admin command listclients on mount '/Radio'
[2026-05-02  22:05:43] INFO admin/admin.c Received admin command metadata on mount '/Radio'
[2026-05-02  22:05:43] WARN admin/admin.c Client 00000232EBB90360 (role=legacy-global-source, acl=legacy-global-source, username=source) uses safe method GET on /admin/metadata
[2026-05-02  22:05:43] INFO admin/admin.c Metadata on mountpoint /Radio changed to "5A\x20-\x20Energy\x207\x20-\x207th\x20Sense\x20-\x20Manu?s\x20Song"
[2026-05-02  22:05:44] INFO event-stream/event_stream.c event queued
[2026-05-02  22:05:44] WARN stats/stats.c No charset found for "ISO8859-1"
[2026-05-02  22:05:44] WARN stats/stats.c No charset found for "ISO8859-1"
[2026-05-02  22:05:44] INFO event-stream/event_stream.c event queued
[2026-05-02  22:05:50] INFO admin/admin.c Received admin command listclients on mount '/Radio'
[2026-05-02  22:06:00] INFO admin/admin.c Received admin command listclients on mount '/Radio'
[2026-05-02  22:06:10] INFO admin/admin.c Received admin command listclients on mount '/Radio'
[2026-05-02  22:06:20] INFO admin/admin.c Received admin command listclients on mount '/Radio'
[2026-05-02  22:06:30] INFO admin/admin.c Received admin command listclients on mount '/Radio'
[2026-05-02  22:06:40] INFO admin/admin.c Received admin command listclients on mount '/Radio'
[2026-05-02  22:06:51] INFO admin/admin.c Received admin command listclients on mount '/Radio'
[2026-05-02  22:07:01] INFO admin/admin.c Received admin command listclients on mount '/Radio'
[2026-05-02  22:07:11] INFO admin/admin.c Received admin command listclients on mount '/Radio'
[2026-05-02  22:07:21] INFO admin/admin.c Received admin command listclients on mount '/Radio'
[2026-05-02  22:07:31] INFO admin/admin.c Received admin command listclients on mount '/Radio'
[2026-05-02  22:07:41] INFO admin/admin.c Received admin command listclients on mount '/Radio'
[2026-05-02  22:07:51] INFO admin/admin.c Received admin command listclients on mount '/Radio'
[2026-05-02  22:07:52] INFO event-stream/event_stream.c event queued
[2026-05-02  22:07:52] INFO source/source.c listener count on /Radio now 1
[2026-05-02  22:07:52] INFO event-stream/event_stream.c event queued
[2026-05-02  22:07:52] INFO source/source.c listener count on /Radio now 0
[2026-05-02  22:07:52] INFO event-stream/event_stream.c event queued
[2026-05-02  22:07:52] INFO event-stream/event_stream.c event queued
[2026-05-02  22:07:52] INFO event-stream/event_stream.c event queued
[2026-05-02  22:07:52] INFO source/source.c listener count on /Radio now 1
[2026-05-02  22:07:52] INFO event-stream/event_stream.c event queued
[2026-05-02  22:08:02] INFO admin/admin.c Received admin command listclients on mount '/Radio'
[2026-05-02  22:08:06] INFO source/source.c listener count on /Radio now 0
[2026-05-02  22:08:06] INFO event-stream/event_stream.c event queued
[2026-05-02  22:08:06] INFO event-stream/event_stream.c event queued
[2026-05-02  22:08:12] INFO admin/admin.c Received admin command listclients on mount '/Radio'
[2026-05-02  22:08:22] INFO admin/admin.c Received admin command listclients on mount '/Radio'
[2026-05-02  22:08:32] INFO admin/admin.c Received admin command listclients on mount '/Radio'
[2026-05-02  22:08:42] INFO admin/admin.c Received admin command listclients on mount '/Radio'
[2026-05-02  22:08:52] INFO admin/admin.c Received admin command listclients on mount '/Radio'
[2026-05-02  22:09:03] INFO admin/admin.c Received admin command listclients on mount '/Radio'
[2026-05-02  22:09:13] INFO admin/admin.c Received admin command listclients on mount '/Radio'
[2026-05-02  22:09:23] INFO admin/admin.c Received admin command listclients on mount '/Radio'
[2026-05-02  22:09:33] INFO admin/admin.c Received admin command listclients on mount '/Radio'
[2026-05-02  22:09:43] INFO admin/admin.c Received admin command listclients on mount '/Radio'
[2026-05-02  22:09:53] INFO admin/admin.c Received admin command listclients on mount '/Radio'
[2026-05-02  22:10:03] INFO admin/admin.c Received admin command listclients on mount '/Radio'
[2026-05-02  22:10:14] INFO admin/admin.c Received admin command listclients on mount '/Radio'
[2026-05-02  22:10:24] INFO admin/admin.c Received admin command listclients on mount '/Radio'
[2026-05-02  22:10:31] INFO admin/admin.c Received admin command metadata on mount '/Radio'
[2026-05-02  22:10:31] WARN admin/admin.c Client 00000232EBB77FF0 (role=legacy-global-source, acl=legacy-global-source, username=source) uses safe method GET on /admin/metadata
[2026-05-02  22:10:31] INFO admin/admin.c Metadata on mountpoint /Radio changed to "11A\x20-\x20Energy\x208\x20-\x20Absurd\x20-\x20Train\x20To\x20Hell"
[2026-05-02  22:10:31] INFO event-stream/event_stream.c event queued
[2026-05-02  22:10:31] WARN stats/stats.c No charset found for "ISO8859-1"
[2026-05-02  22:10:31] WARN stats/stats.c No charset found for "ISO8859-1"
[2026-05-02  22:10:31] INFO event-stream/event_stream.c event queued
[2026-05-02  22:10:34] INFO admin/admin.c Received admin command listclients on mount '/Radio'
[2026-05-02  22:10:44] INFO admin/admin.c Received admin command listclients on mount '/Radio'
[2026-05-02  22:10:54] INFO admin/admin.c Received admin command listclients on mount '/Radio'
[2026-05-02  22:11:04] INFO admin/admin.c Received admin command listclients on mount '/Radio'
[2026-05-02  22:11:15] INFO admin/admin.c Received admin command listclients on mount '/Radio'
[2026-05-02  22:11:25] INFO admin/admin.c Received admin command listclients on mount '/Radio'
[2026-05-02  22:11:35] INFO admin/admin.c Received admin command listclients on mount '/Radio'
[2026-05-02  22:11:45] INFO admin/admin.c Received admin command listclients on mount '/Radio'
[2026-05-02  22:11:55] INFO admin/admin.c Received admin command listclients on mount '/Radio'
[2026-05-02  22:12:05] INFO admin/admin.c Received admin command listclients on mount '/Radio'
[2026-05-02  22:12:16] INFO admin/admin.c Received admin command listclients on mount '/Radio'
[2026-05-02  22:12:26] INFO admin/admin.c Received admin command listclients on mount '/Radio'
[2026-05-02  22:12:36] INFO admin/admin.c Received admin command listclients on mount '/Radio'
[2026-05-02  22:12:46] INFO admin/admin.c Received admin command listclients on mount '/Radio'
[2026-05-02  22:12:56] INFO admin/admin.c Received admin command listclients on mount '/Radio'
[2026-05-02  22:13:06] INFO admin/admin.c Received admin command listclients on mount '/Radio'
[2026-05-02  22:13:16] INFO admin/admin.c Received admin command listclients on mount '/Radio'
[2026-05-02  22:13:27] INFO admin/admin.c Received admin command listclients on mount '/Radio'
[2026-05-02  22:13:37] INFO admin/admin.c Received admin command listclients on mount '/Radio'
[2026-05-02  22:13:47] INFO admin/admin.c Received admin command listclients on mount '/Radio'
[2026-05-02  22:13:57] INFO admin/admin.c Received admin command listclients on mount '/Radio'
[2026-05-02  22:14:07] INFO admin/admin.c Received admin command listclients on mount '/Radio'
[2026-05-02  22:14:17] INFO admin/admin.c Received admin command listclients on mount '/Radio'
[2026-05-02  22:14:28] INFO admin/admin.c Received admin command listclients on mount '/Radio'
[2026-05-02  22:14:38] INFO admin/admin.c Received admin command listclients on mount '/Radio'
[2026-05-02  22:14:48] INFO admin/admin.c Received admin command listclients on mount '/Radio'
[2026-05-02  22:14:58] INFO admin/admin.c Received admin command listclients on mount '/Radio'
[2026-05-02  22:15:08] INFO admin/admin.c Received admin command listclients on mount '/Radio'
[2026-05-02  22:15:18] INFO admin/admin.c Received admin command listclients on mount '/Radio'
[2026-05-02  22:15:28] INFO admin/admin.c Received admin command listclients on mount '/Radio'
[2026-05-02  22:15:39] INFO admin/admin.c Received admin command listclients on mount '/Radio'
[2026-05-02  22:15:49] INFO admin/admin.c Received admin command listclients on mount '/Radio'
[2026-05-02  22:15:50] INFO admin/admin.c Received admin command metadata on mount '/Radio'
[2026-05-02  22:15:50] WARN admin/admin.c Client 00000232EBBFCAE0 (role=legacy-global-source, acl=legacy-global-source, username=source) uses safe method GET on /admin/metadata
[2026-05-02  22:15:50] INFO admin/admin.c Metadata on mountpoint /Radio changed to "6A\x20-\x20Energy\x207\x20-\x20Agressor\x20Bunx\x20-\x20Bunker"
[2026-05-02  22:15:50] INFO event-stream/event_stream.c event queued
[2026-05-02  22:15:50] WARN stats/stats.c No charset found for "ISO8859-1"
[2026-05-02  22:15:50] WARN stats/stats.c No charset found for "ISO8859-1"
[2026-05-02  22:15:50] INFO event-stream/event_stream.c event queued
[2026-05-02  22:15:59] INFO admin/admin.c Received admin command listclients on mount '/Radio'
[2026-05-02  22:16:09] INFO admin/admin.c Received admin command listclients on mount '/Radio'
[2026-05-02  22:16:19] INFO admin/admin.c Received admin command listclients on mount '/Radio'
[2026-05-02  22:16:29] INFO admin/admin.c Received admin command listclients on mount '/Radio'
[2026-05-02  22:16:40] INFO admin/admin.c Received admin command listclients on mount '/Radio'
[2026-05-02  22:16:50] INFO admin/admin.c Received admin command listclients on mount '/Radio'
[2026-05-02  22:17:00] INFO admin/admin.c Received admin command listclients on mount '/Radio'
[2026-05-02  22:17:10] INFO admin/admin.c Received admin command listclients on mount '/Radio'
[2026-05-02  22:17:20] INFO admin/admin.c Received admin command listclients on mount '/Radio'
[2026-05-02  22:17:30] INFO admin/admin.c Received admin command listclients on mount '/Radio'
[2026-05-02  22:17:40] INFO admin/admin.c Received admin command listclients on mount '/Radio'
[2026-05-02  22:17:51] INFO admin/admin.c Received admin command listclients on mount '/Radio'
[2026-05-02  22:18:01] INFO admin/admin.c Received admin command listclients on mount '/Radio'
[2026-05-02  22:18:11] INFO admin/admin.c Received admin command listclients on mount '/Radio'
[2026-05-02  22:18:21] INFO admin/admin.c Received admin command listclients on mount '/Radio'
[2026-05-02  22:18:31] INFO admin/admin.c Received admin command listclients on mount '/Radio'
[2026-05-02  22:18:41] INFO admin/admin.c Received admin command listclients on mount '/Radio'
[2026-05-02  22:18:52] INFO admin/admin.c Received admin command listclients on mount '/Radio'
[2026-05-02  22:19:02] INFO admin/admin.c Received admin command listclients on mount '/Radio'
[2026-05-02  22:19:12] INFO admin/admin.c Received admin command listclients on mount '/Radio'
[2026-05-02  22:19:22] INFO admin/admin.c Received admin command listclients on mount '/Radio'
[2026-05-02  22:19:32] INFO admin/admin.c Received admin command listclients on mount '/Radio'
[2026-05-02  22:19:42] INFO admin/admin.c Received admin command listclients on mount '/Radio'
[2026-05-02  22:19:52] INFO admin/admin.c Received admin command listclients on mount '/Radio'
[2026-05-02  22:19:54] INFO admin/admin.c Received admin command metadata on mount '/Radio'
[2026-05-02  22:19:54] WARN admin/admin.c Client 00000232EBC0DFB0 (role=legacy-global-source, acl=legacy-global-source, username=source) uses safe method GET on /admin/metadata
[2026-05-02  22:19:54] INFO admin/admin.c Metadata on mountpoint /Radio changed to "6A\x20-\x20Energy\x207\x20-\x20Aktive\x20-\x20Let\x20It\x20Off\x20(Original\x20Mix)"
[2026-05-02  22:19:54] INFO event-stream/event_stream.c event queued
[2026-05-02  22:19:54] WARN stats/stats.c No charset found for "ISO8859-1"
[2026-05-02  22:19:54] WARN stats/stats.c No charset found for "ISO8859-1"
[2026-05-02  22:19:54] INFO event-stream/event_stream.c event queued
[2026-05-02  22:20:03] INFO admin/admin.c Received admin command listclients on mount '/Radio'
[2026-05-02  22:20:13] INFO admin/admin.c Received admin command listclients on mount '/Radio'
[2026-05-02  22:20:23] INFO admin/admin.c Received admin command listclients on mount '/Radio'
[2026-05-02  22:20:33] INFO admin/admin.c Received admin command listclients on mount '/Radio'
[2026-05-02  22:20:43] INFO admin/admin.c Received admin command listclients on mount '/Radio'
[2026-05-02  22:20:53] INFO admin/admin.c Received admin command listclients on mount '/Radio'
[2026-05-02  22:21:04] INFO admin/admin.c Received admin command listclients on mount '/Radio'
[2026-05-02  22:21:14] INFO admin/admin.c Received admin command listclients on mount '/Radio'
[2026-05-02  22:21:24] INFO admin/admin.c Received admin command listclients on mount '/Radio'
[2026-05-02  22:21:34] INFO admin/admin.c Received admin command listclients on mount '/Radio'
[2026-05-02  22:21:44] INFO admin/admin.c Received admin command listclients on mount '/Radio'
[2026-05-02  22:21:54] INFO admin/admin.c Received admin command listclients on mount '/Radio'
[2026-05-02  22:22:04] INFO admin/admin.c Received admin command listclients on mount '/Radio'
[2026-05-02  22:22:15] INFO admin/admin.c Received admin command listclients on mount '/Radio'
[2026-05-02  22:22:25] INFO admin/admin.c Received admin command listclients on mount '/Radio'
[2026-05-02  22:22:35] INFO admin/admin.c Received admin command listclients on mount '/Radio'
[2026-05-02  22:22:45] INFO admin/admin.c Received admin command listclients on mount '/Radio'
[2026-05-02  22:22:55] INFO admin/admin.c Received admin command listclients on mount '/Radio'
[2026-05-02  22:23:05] INFO admin/admin.c Received admin command listclients on mount '/Radio'
[2026-05-02  22:23:16] INFO admin/admin.c Received admin command listclients on mount '/Radio'
[2026-05-02  22:23:26] INFO admin/admin.c Received admin command listclients on mount '/Radio'
[2026-05-02  22:23:36] INFO admin/admin.c Received admin command listclients on mount '/Radio'
[2026-05-02  22:23:46] INFO admin/admin.c Received admin command listclients on mount '/Radio'
[2026-05-02  22:23:56] INFO admin/admin.c Received admin command listclients on mount '/Radio'
[2026-05-02  22:24:06] INFO admin/admin.c Received admin command listclients on mount '/Radio'
[2026-05-02  22:24:16] INFO admin/admin.c Received admin command listclients on mount '/Radio'
[2026-05-02  22:24:27] INFO admin/admin.c Received admin command listclients on mount '/Radio'
[2026-05-02  22:24:37] INFO admin/admin.c Received admin command listclients on mount '/Radio'
[2026-05-02  22:24:43] INFO admin/admin.c Received admin command metadata on mount '/Radio'
[2026-05-02  22:24:43] WARN admin/admin.c Client 00000232EBC0E430 (role=legacy-global-source, acl=legacy-global-source, username=source) uses safe method GET on /admin/metadata
[2026-05-02  22:24:43] INFO admin/admin.c Metadata on mountpoint /Radio changed to "9A\x20-\x20Energy\x207\x20-\x20Asobik\x20-\x20Madman\x20And\x20Machete\x20(Disla\x20\x20Remix)"
[2026-05-02  22:24:43] INFO event-stream/event_stream.c event queued
[2026-05-02  22:24:43] WARN stats/stats.c No charset found for "ISO8859-1"
[2026-05-02  22:24:43] WARN stats/stats.c No charset found for "ISO8859-1"
[2026-05-02  22:24:43] INFO event-stream/event_stream.c event queued
[2026-05-02  22:24:47] INFO admin/admin.c Received admin command listclients on mount '/Radio'
[2026-05-02  22:24:57] INFO admin/admin.c Received admin command listclients on mount '/Radio'
[2026-05-02  22:25:07] INFO admin/admin.c Received admin command listclients on mount '/Radio'
[2026-05-02  22:25:17] INFO admin/admin.c Received admin command listclients on mount '/Radio'
[2026-05-02  22:25:28] INFO admin/admin.c Received admin command listclients on mount '/Radio'
[2026-05-02  22:25:38] INFO admin/admin.c Received admin command listclients on mount '/Radio'
[2026-05-02  22:25:48] INFO admin/admin.c Received admin command listclients on mount '/Radio'
[2026-05-02  22:25:58] INFO admin/admin.c Received admin command listclients on mount '/Radio'
[2026-05-02  22:26:08] INFO admin/admin.c Received admin command listclients on mount '/Radio'
[2026-05-02  22:26:18] INFO admin/admin.c Received admin command listclients on mount '/Radio'
[2026-05-02  22:26:29] INFO admin/admin.c Received admin command listclients on mount '/Radio'
[2026-05-02  22:26:39] INFO admin/admin.c Received admin command listclients on mount '/Radio'
[2026-05-02  22:26:49] INFO admin/admin.c Received admin command listclients on mount '/Radio'
[2026-05-02  22:26:57] INFO fserve/fserve.c checking for file /_next (./web/_next)
[2026-05-02  22:26:57] WARN fserve/fserve.c req for file "./web/_next" No such file or directory
[2026-05-02  22:26:57] EROR util/util.c Input string does not parse as KVA. Selecting first option.
[2026-05-02  22:26:59] INFO fserve/fserve.c checking for file /api (./web/api)
[2026-05-02  22:26:59] WARN fserve/fserve.c req for file "./web/api" No such file or directory
[2026-05-02  22:26:59] EROR util/util.c Input string does not parse as KVA. Selecting first option.
[2026-05-02  22:26:59] INFO admin/admin.c Received admin command listclients on mount '/Radio'
[2026-05-02  22:26:59] INFO fserve/fserve.c checking for file /_next/server (./web/_next/server)
[2026-05-02  22:26:59] WARN fserve/fserve.c req for file "./web/_next/server" No such file or directory
[2026-05-02  22:26:59] EROR util/util.c Input string does not parse as KVA. Selecting first option.
[2026-05-02  22:27:00] INFO fserve/fserve.c checking for file /app (./web/app)
[2026-05-02  22:27:00] WARN fserve/fserve.c req for file "./web/app" No such file or directory
[2026-05-02  22:27:00] EROR util/util.c Input string does not parse as KVA. Selecting first option.
[2026-05-02  22:27:01] INFO fserve/fserve.c checking for file /api/route (./web/api/route)
[2026-05-02  22:27:01] WARN fserve/fserve.c req for file "./web/api/route" No such file or directory
[2026-05-02  22:27:01] EROR util/util.c Input string does not parse as KVA. Selecting first option.
[2026-05-02  22:27:09] INFO admin/admin.c Received admin command listclients on mount '/Radio'
[2026-05-02  22:27:19] INFO admin/admin.c Received admin command listclients on mount '/Radio'
[2026-05-02  22:27:29] INFO admin/admin.c Received admin command listclients on mount '/Radio'
[2026-05-02  22:27:40] INFO admin/admin.c Received admin command listclients on mount '/Radio'
[2026-05-02  22:27:50] INFO admin/admin.c Received admin command listclients on mount '/Radio'
[2026-05-02  22:28:00] INFO admin/admin.c Received admin command listclients on mount '/Radio'
[2026-05-02  22:28:10] INFO admin/admin.c Received admin command listclients on mount '/Radio'
[2026-05-02  22:28:20] INFO admin/admin.c Received admin command listclients on mount '/Radio'
[2026-05-02  22:28:30] INFO admin/admin.c Received admin command listclients on mount '/Radio'
[2026-05-02  22:28:40] INFO admin/admin.c Received admin command listclients on mount '/Radio'
[2026-05-02  22:28:51] INFO admin/admin.c Received admin command listclients on mount '/Radio'
[2026-05-02  22:29:00] INFO admin/admin.c Received admin command metadata on mount '/Radio'
[2026-05-02  22:29:00] WARN admin/admin.c Client 00000232EBC0DFB0 (role=legacy-global-source, acl=legacy-global-source, username=source) uses safe method GET on /admin/metadata
[2026-05-02  22:29:00] INFO admin/admin.c Metadata on mountpoint /Radio changed to "6A\x20-\x20Energy\x208\x20-\x20Audio\x20-\x20Make\x20It\x20Happen"
[2026-05-02  22:29:00] INFO event-stream/event_stream.c event queued
[2026-05-02  22:29:00] WARN stats/stats.c No charset found for "ISO8859-1"
[2026-05-02  22:29:00] WARN stats/stats.c No charset found for "ISO8859-1"
[2026-05-02  22:29:00] INFO event-stream/event_stream.c event queued
[2026-05-02  22:29:01] INFO admin/admin.c Received admin command listclients on mount '/Radio'
[2026-05-02  22:29:11] INFO admin/admin.c Received admin command listclients on mount '/Radio'
[2026-05-02  22:29:21] INFO admin/admin.c Received admin command listclients on mount '/Radio'
[2026-05-02  22:29:31] INFO admin/admin.c Received admin command listclients on mount '/Radio'
[2026-05-02  22:29:41] INFO admin/admin.c Received admin command listclients on mount '/Radio'
[2026-05-02  22:29:52] INFO admin/admin.c Received admin command listclients on mount '/Radio'
[2026-05-02  22:30:02] INFO admin/admin.c Received admin command listclients on mount '/Radio'
[2026-05-02  22:30:12] INFO admin/admin.c Received admin command listclients on mount '/Radio'
[2026-05-02  22:30:22] INFO admin/admin.c Received admin command listclients on mount '/Radio'
[2026-05-02  22:30:32] INFO admin/admin.c Received admin command listclients on mount '/Radio'
[2026-05-02  22:30:42] INFO admin/admin.c Received admin command listclients on mount '/Radio'
[2026-05-02  22:30:52] INFO admin/admin.c Received admin command listclients on mount '/Radio'
[2026-05-02  22:31:03] INFO admin/admin.c Received admin command listclients on mount '/Radio'
[2026-05-02  22:31:13] INFO admin/admin.c Received admin command listclients on mount '/Radio'
[2026-05-02  22:31:23] INFO admin/admin.c Received admin command listclients on mount '/Radio'
[2026-05-02  22:31:33] INFO admin/admin.c Received admin command listclients on mount '/Radio'
[2026-05-02  22:31:43] INFO admin/admin.c Received admin command listclients on mount '/Radio'
[2026-05-02  22:31:53] INFO admin/admin.c Received admin command listclients on mount '/Radio'
[2026-05-02  22:32:04] INFO admin/admin.c Received admin command listclients on mount '/Radio'
[2026-05-02  22:32:14] INFO admin/admin.c Received admin command listclients on mount '/Radio'
[2026-05-02  22:32:24] INFO admin/admin.c Received admin command listclients on mount '/Radio'
[2026-05-02  22:32:34] INFO admin/admin.c Received admin command listclients on mount '/Radio'
[2026-05-02  22:32:44] INFO admin/admin.c Received admin command listclients on mount '/Radio'
[2026-05-02  22:32:54] INFO admin/admin.c Received admin command listclients on mount '/Radio'
[2026-05-02  22:33:04] INFO admin/admin.c Received admin command listclients on mount '/Radio'
[2026-05-02  22:33:15] INFO admin/admin.c Received admin command listclients on mount '/Radio'
[2026-05-02  22:33:20] INFO admin/admin.c Received admin command metadata on mount '/Radio'
[2026-05-02  22:33:20] WARN admin/admin.c Client 00000232EBC0E8B0 (role=legacy-global-source, acl=legacy-global-source, username=source) uses safe method GET on /admin/metadata
[2026-05-02  22:33:20] INFO admin/admin.c Metadata on mountpoint /Radio changed to "9A\x20-\x20Energy\x208\x20-\x20Baby\x20D\x20-\x20Let\x20Me\x20Be\x20Your\x20Fantasy\x20(MV\x20Bootleg)"
[2026-05-02  22:33:20] INFO event-stream/event_stream.c event queued
[2026-05-02  22:33:20] WARN stats/stats.c No charset found for "ISO8859-1"
[2026-05-02  22:33:20] WARN stats/stats.c No charset found for "ISO8859-1"
[2026-05-02  22:33:20] INFO event-stream/event_stream.c event queued
[2026-05-02  22:33:25] INFO admin/admin.c Received admin command listclients on mount '/Radio'
[2026-05-02  22:33:35] INFO admin/admin.c Received admin command listclients on mount '/Radio'
[2026-05-02  22:33:45] INFO admin/admin.c Received admin command listclients on mount '/Radio'
[2026-05-02  22:33:55] INFO admin/admin.c Received admin command listclients on mount '/Radio'
[2026-05-02  22:34:05] INFO admin/admin.c Received admin command listclients on mount '/Radio'
[2026-05-02  22:34:16] INFO admin/admin.c Received admin command listclients on mount '/Radio'
[2026-05-02  22:34:26] INFO admin/admin.c Received admin command listclients on mount '/Radio'
[2026-05-02  22:34:36] INFO admin/admin.c Received admin command listclients on mount '/Radio'
[2026-05-02  22:34:46] INFO admin/admin.c Received admin command listclients on mount '/Radio'
[2026-05-02  22:34:56] INFO admin/admin.c Received admin command listclients on mount '/Radio'
[2026-05-02  22:35:06] INFO admin/admin.c Received admin command listclients on mount '/Radio'
[2026-05-02  22:35:16] INFO admin/admin.c Received admin command listclients on mount '/Radio'
[2026-05-02  22:35:27] INFO admin/admin.c Received admin command listclients on mount '/Radio'
[2026-05-02  22:35:37] INFO admin/admin.c Received admin command listclients on mount '/Radio'
[2026-05-02  22:35:47] INFO admin/admin.c Received admin command listclients on mount '/Radio'
[2026-05-02  22:35:57] INFO admin/admin.c Received admin command listclients on mount '/Radio'
[2026-05-02  22:36:07] INFO admin/admin.c Received admin command listclients on mount '/Radio'
[2026-05-02  22:36:17] INFO admin/admin.c Received admin command listclients on mount '/Radio'
[2026-05-02  22:36:28] INFO admin/admin.c Received admin command listclients on mount '/Radio'
[2026-05-02  22:36:38] INFO admin/admin.c Received admin command listclients on mount '/Radio'
[2026-05-02  22:36:48] INFO admin/admin.c Received admin command listclients on mount '/Radio'
[2026-05-02  22:36:58] INFO admin/admin.c Received admin command listclients on mount '/Radio'
[2026-05-02  22:37:08] INFO admin/admin.c Received admin command listclients on mount '/Radio'
[2026-05-02  22:37:18] INFO admin/admin.c Received admin command listclients on mount '/Radio'
[2026-05-02  22:37:29] INFO admin/admin.c Received admin command listclients on mount '/Radio'
[2026-05-02  22:37:39] INFO admin/admin.c Received admin command listclients on mount '/Radio'
[2026-05-02  22:37:49] INFO admin/admin.c Received admin command listclients on mount '/Radio'
[2026-05-02  22:37:59] INFO admin/admin.c Received admin command listclients on mount '/Radio'
[2026-05-02  22:38:09] INFO admin/admin.c Received admin command listclients on mount '/Radio'
[2026-05-02  22:38:19] INFO admin/admin.c Received admin command listclients on mount '/Radio'
[2026-05-02  22:38:29] INFO admin/admin.c Received admin command listclients on mount '/Radio'
[2026-05-02  22:38:34] INFO admin/admin.c Received admin command metadata on mount '/Radio'
[2026-05-02  22:38:34] WARN admin/admin.c Client 00000232EBC0EAF0 (role=legacy-global-source, acl=legacy-global-source, username=source) uses safe method GET on /admin/metadata
[2026-05-02  22:38:34] INFO admin/admin.c Metadata on mountpoint /Radio changed to "4A\x20-\x20Energy\x207\x20-\x20Bit-Hunter\x20-\x20Help\x20(Original\x20Mix)"
[2026-05-02  22:38:34] INFO event-stream/event_stream.c event queued
[2026-05-02  22:38:34] WARN stats/stats.c No charset found for "ISO8859-1"
[2026-05-02  22:38:34] WARN stats/stats.c No charset found for "ISO8859-1"
[2026-05-02  22:38:34] INFO event-stream/event_stream.c event queued
[2026-05-02  22:38:40] INFO admin/admin.c Received admin command listclients on mount '/Radio'
[2026-05-02  22:38:50] INFO admin/admin.c Received admin command listclients on mount '/Radio'
[2026-05-02  22:39:00] INFO admin/admin.c Received admin command listclients on mount '/Radio'
[2026-05-02  22:39:10] INFO admin/admin.c Received admin command listclients on mount '/Radio'
[2026-05-02  22:39:20] INFO admin/admin.c Received admin command listclients on mount '/Radio'
[2026-05-02  22:39:30] INFO admin/admin.c Received admin command listclients on mount '/Radio'
[2026-05-02  22:39:41] INFO admin/admin.c Received admin command listclients on mount '/Radio'
[2026-05-02  22:39:51] INFO admin/admin.c Received admin command listclients on mount '/Radio'
[2026-05-02  22:40:01] INFO admin/admin.c Received admin command listclients on mount '/Radio'
[2026-05-02  22:40:11] INFO admin/admin.c Received admin command listclients on mount '/Radio'
[2026-05-02  22:40:21] INFO admin/admin.c Received admin command listclients on mount '/Radio'
[2026-05-02  22:40:31] INFO admin/admin.c Received admin command listclients on mount '/Radio'
[2026-05-02  22:40:41] INFO admin/admin.c Received admin command listclients on mount '/Radio'
[2026-05-02  22:40:52] INFO admin/admin.c Received admin command listclients on mount '/Radio'
[2026-05-02  22:41:02] INFO admin/admin.c Received admin command listclients on mount '/Radio'
[2026-05-02  22:41:12] INFO admin/admin.c Received admin command listclients on mount '/Radio'
[2026-05-02  22:41:22] INFO admin/admin.c Received admin command listclients on mount '/Radio'
[2026-05-02  22:41:32] INFO admin/admin.c Received admin command listclients on mount '/Radio'
[2026-05-02  22:41:42] INFO admin/admin.c Received admin command listclients on mount '/Radio'
[2026-05-02  22:41:53] INFO admin/admin.c Received admin command listclients on mount '/Radio'
[2026-05-02  22:42:03] INFO admin/admin.c Received admin command listclients on mount '/Radio'
[2026-05-02  22:42:13] INFO admin/admin.c Received admin command listclients on mount '/Radio'
[2026-05-02  22:42:23] INFO admin/admin.c Received admin command listclients on mount '/Radio'
[2026-05-02  22:42:32] INFO admin/admin.c Received admin command metadata on mount '/Radio'
[2026-05-02  22:42:32] WARN admin/admin.c Client 00000232EBC0EAF0 (role=legacy-global-source, acl=legacy-global-source, username=source) uses safe method GET on /admin/metadata
[2026-05-02  22:42:32] INFO admin/admin.c Metadata on mountpoint /Radio changed to "6A\x20-\x20Energy\x208\x20-\x20Brainpain\x20-\x20HEAVY\x20DEFEAT\x20(Original\x20Mix)"
[2026-05-02  22:42:32] INFO event-stream/event_stream.c event queued
[2026-05-02  22:42:32] WARN stats/stats.c No charset found for "ISO8859-1"
[2026-05-02  22:42:32] WARN stats/stats.c No charset found for "ISO8859-1"
[2026-05-02  22:42:32] INFO event-stream/event_stream.c event queued
[2026-05-02  22:42:33] INFO admin/admin.c Received admin command listclients on mount '/Radio'
[2026-05-02  22:42:43] INFO admin/admin.c Received admin command listclients on mount '/Radio'
[2026-05-02  22:42:53] INFO admin/admin.c Received admin command listclients on mount '/Radio'
[2026-05-02  22:43:04] INFO admin/admin.c Received admin command listclients on mount '/Radio'
[2026-05-02  22:43:14] INFO admin/admin.c Received admin command listclients on mount '/Radio'
[2026-05-02  22:43:24] INFO admin/admin.c Received admin command listclients on mount '/Radio'
[2026-05-02  22:43:34] INFO admin/admin.c Received admin command listclients on mount '/Radio'
[2026-05-02  22:43:44] INFO admin/admin.c Received admin command listclients on mount '/Radio'
[2026-05-02  22:43:54] INFO admin/admin.c Received admin command listclients on mount '/Radio'
[2026-05-02  22:44:00] INFO fserve/fserve.c checking for file /assets/css/style.css (./web/assets/css/style.css)
[2026-05-02  22:44:00] INFO fserve/fserve.c checking for file /assets/img/icecast.png (./web/assets/img/icecast.png)
[2026-05-02  22:44:00] INFO fserve/fserve.c checking for file /favicon.ico (./web/favicon.ico)
[2026-05-02  22:44:05] INFO admin/admin.c Received admin command listclients on mount '/Radio'
[2026-05-02  22:44:15] INFO admin/admin.c Received admin command listclients on mount '/Radio'
[2026-05-02  22:44:24] INFO fserve/fserve.c checking for file /radio (./web/radio)
[2026-05-02  22:44:24] WARN fserve/fserve.c req for file "./web/radio" No such file or directory
[2026-05-02  22:44:24] INFO fserve/fserve.c checking for file /assets/css/style.css (./web/assets/css/style.css)
[2026-05-02  22:44:24] INFO fserve/fserve.c checking for file /assets/img/icecast.png (./web/assets/img/icecast.png)
[2026-05-02  22:44:25] INFO admin/admin.c Received admin command listclients on mount '/Radio'
[2026-05-02  22:44:35] INFO admin/admin.c Received admin command listclients on mount '/Radio'
[2026-05-02  22:44:35] INFO event-stream/event_stream.c event queued
[2026-05-02  22:44:35] INFO source/source.c listener count on /Radio now 1
[2026-05-02  22:44:35] INFO event-stream/event_stream.c event queued
[2026-05-02  22:44:36] INFO source/source.c listener count on /Radio now 0
[2026-05-02  22:44:36] INFO event-stream/event_stream.c event queued
[2026-05-02  22:44:36] INFO event-stream/event_stream.c event queued
[2026-05-02  22:44:36] INFO event-stream/event_stream.c event queued
[2026-05-02  22:44:36] INFO source/source.c listener count on /Radio now 1
[2026-05-02  22:44:36] INFO event-stream/event_stream.c event queued
[2026-05-02  22:44:36] INFO event-stream/event_stream.c event queued
[2026-05-02  22:44:36] INFO source/source.c listener count on /Radio now 2
[2026-05-02  22:44:36] INFO event-stream/event_stream.c event queued
[2026-05-02  22:44:45] INFO admin/admin.c Received admin command listclients on mount '/Radio'
[2026-05-02  22:44:55] INFO admin/admin.c Received admin command listclients on mount '/Radio'
[2026-05-02  22:44:58] INFO source/source.c listener count on /Radio now 0
[2026-05-02  22:44:58] INFO event-stream/event_stream.c event queued
[2026-05-02  22:44:58] INFO event-stream/event_stream.c event queued
[2026-05-02  22:45:05] INFO admin/admin.c Received admin command listclients on mount '/Radio'
[2026-05-02  22:45:16] INFO admin/admin.c Received admin command listclients on mount '/Radio'
[2026-05-02  22:45:26] INFO admin/admin.c Received admin command listclients on mount '/Radio'
[2026-05-02  22:45:36] INFO admin/admin.c Received admin command listclients on mount '/Radio'
[2026-05-02  22:45:46] INFO admin/admin.c Received admin command listclients on mount '/Radio'
[2026-05-02  22:45:56] INFO admin/admin.c Received admin command listclients on mount '/Radio'
[2026-05-02  22:46:06] INFO admin/admin.c Received admin command listclients on mount '/Radio'
[2026-05-02  22:46:16] INFO admin/admin.c Received admin command listclients on mount '/Radio'
[2026-05-02  22:46:27] INFO admin/admin.c Received admin command listclients on mount '/Radio'
[2026-05-02  22:46:37] INFO admin/admin.c Received admin command listclients on mount '/Radio'
[2026-05-02  22:46:47] INFO admin/admin.c Received admin command listclients on mount '/Radio'
[2026-05-02  22:46:57] INFO admin/admin.c Received admin command listclients on mount '/Radio'
[2026-05-02  22:47:07] INFO admin/admin.c Received admin command listclients on mount '/Radio'
[2026-05-02  22:47:17] INFO admin/admin.c Received admin command listclients on mount '/Radio'
[2026-05-02  22:47:28] INFO admin/admin.c Received admin command listclients on mount '/Radio'
[2026-05-02  22:47:38] INFO admin/admin.c Received admin command listclients on mount '/Radio'
[2026-05-02  22:47:48] INFO admin/admin.c Received admin command listclients on mount '/Radio'
[2026-05-02  22:47:58] INFO admin/admin.c Received admin command listclients on mount '/Radio'
[2026-05-02  22:48:08] INFO admin/admin.c Received admin command listclients on mount '/Radio'
[2026-05-02  22:48:18] INFO admin/admin.c Received admin command listclients on mount '/Radio'
[2026-05-02  22:48:28] INFO admin/admin.c Received admin command listclients on mount '/Radio'
[2026-05-02  22:48:40] INFO admin/admin.c Received admin command listclients on mount '/Radio'
[2026-05-02  22:48:50] INFO admin/admin.c Received admin command listclients on mount '/Radio'
[2026-05-02  22:48:58] EROR connection-handle/connection_handle.c Wrong request type from client
[2026-05-02  22:49:00] INFO admin/admin.c Received admin command listclients on mount '/Radio'
[2026-05-02  22:49:10] INFO admin/admin.c Received admin command listclients on mount '/Radio'
[2026-05-02  22:49:18] INFO event-stream/event_stream.c event queued
[2026-05-02  22:49:18] INFO source/source.c listener count on /Radio now 1
[2026-05-02  22:49:18] INFO event-stream/event_stream.c event queued
[2026-05-02  22:49:19] INFO source/source.c listener count on /Radio now 0
[2026-05-02  22:49:19] INFO event-stream/event_stream.c event queued
[2026-05-02  22:49:19] INFO event-stream/event_stream.c event queued
[2026-05-02  22:49:20] INFO admin/admin.c Received admin command listclients on mount '/Radio'
[2026-05-02  22:49:30] INFO admin/admin.c Received admin command listclients on mount '/Radio'
[2026-05-02  22:49:40] INFO admin/admin.c Received admin command listclients on mount '/Radio'
[2026-05-02  22:49:51] INFO admin/admin.c Received admin command listclients on mount '/Radio'
[2026-05-02  22:50:00] INFO admin/admin.c Received admin command metadata on mount '/Radio'
[2026-05-02  22:50:00] WARN admin/admin.c Client 00000232ED5A1CD0 (role=legacy-global-source, acl=legacy-global-source, username=source) uses safe method GET on /admin/metadata
[2026-05-02  22:50:00] INFO admin/admin.c Metadata on mountpoint /Radio changed to "4A\x20-\x20Energy\x208\x20-\x20Burr\x20Oak\x20-\x20Teleporter"
[2026-05-02  22:50:00] INFO event-stream/event_stream.c event queued
[2026-05-02  22:50:00] WARN stats/stats.c No charset found for "ISO8859-1"
[2026-05-02  22:50:00] WARN stats/stats.c No charset found for "ISO8859-1"
[2026-05-02  22:50:00] INFO event-stream/event_stream.c event queued
[2026-05-02  22:50:01] INFO admin/admin.c Received admin command listclients on mount '/Radio'
[2026-05-02  22:50:11] INFO admin/admin.c Received admin command listclients on mount '/Radio'
[2026-05-02  22:50:13] INFO event-stream/event_stream.c event queued
[2026-05-02  22:50:13] INFO source/source.c listener count on /Radio now 1
[2026-05-02  22:50:13] INFO event-stream/event_stream.c event queued
[2026-05-02  22:50:21] INFO admin/admin.c Received admin command listclients on mount '/Radio'
[2026-05-02  22:50:23] INFO source/source.c listener count on /Radio now 0
[2026-05-02  22:50:23] INFO event-stream/event_stream.c event queued
[2026-05-02  22:50:23] INFO event-stream/event_stream.c event queued
[2026-05-02  22:50:31] INFO admin/admin.c Received admin command listclients on mount '/Radio'
[2026-05-02  22:50:41] INFO admin/admin.c Received admin command listclients on mount '/Radio'
[2026-05-02  22:50:52] INFO admin/admin.c Received admin command listclients on mount '/Radio'
[2026-05-02  22:51:02] INFO admin/admin.c Received admin command listclients on mount '/Radio'
[2026-05-02  22:51:12] INFO admin/admin.c Received admin command listclients on mount '/Radio'
[2026-05-02  22:51:22] INFO admin/admin.c Received admin command listclients on mount '/Radio'
[2026-05-02  22:51:32] INFO admin/admin.c Received admin command listclients on mount '/Radio'
[2026-05-02  22:51:42] INFO admin/admin.c Received admin command listclients on mount '/Radio'
[2026-05-02  22:51:53] INFO admin/admin.c Received admin command listclients on mount '/Radio'
[2026-05-02  22:52:03] INFO admin/admin.c Received admin command listclients on mount '/Radio'
[2026-05-02  22:52:13] INFO admin/admin.c Received admin command listclients on mount '/Radio'
[2026-05-02  22:52:23] INFO admin/admin.c Received admin command listclients on mount '/Radio'
[2026-05-02  22:52:33] INFO admin/admin.c Received admin command listclients on mount '/Radio'
[2026-05-02  22:52:43] INFO admin/admin.c Received admin command listclients on mount '/Radio'
[2026-05-02  22:52:53] INFO admin/admin.c Received admin command listclients on mount '/Radio'
[2026-05-02  22:53:04] INFO admin/admin.c Received admin command listclients on mount '/Radio'
[2026-05-02  22:53:14] INFO admin/admin.c Received admin command listclients on mount '/Radio'
[2026-05-02  22:53:24] INFO admin/admin.c Received admin command listclients on mount '/Radio'
[2026-05-02  22:53:34] INFO admin/admin.c Received admin command listclients on mount '/Radio'
[2026-05-02  22:53:44] INFO admin/admin.c Received admin command metadata on mount '/Radio'
[2026-05-02  22:53:44] WARN admin/admin.c Client 00000232ED5A02F0 (role=legacy-global-source, acl=legacy-global-source, username=source) uses safe method GET on /admin/metadata
[2026-05-02  22:53:44] INFO admin/admin.c Metadata on mountpoint /Radio changed to "4A\x20-\x20Energy\x208\x20-\x20Computerartist\x20&\x20Kryptomedic\x20-\x20Downfall\x20(Original\x20Mix)\x20[by\x20DragoN_Sky]"
[2026-05-02  22:53:44] INFO event-stream/event_stream.c event queued
[2026-05-02  22:53:44] WARN stats/stats.c No charset found for "ISO8859-1"
[2026-05-02  22:53:44] WARN stats/stats.c No charset found for "ISO8859-1"
[2026-05-02  22:53:44] INFO event-stream/event_stream.c event queued
[2026-05-02  22:53:44] INFO admin/admin.c Received admin command listclients on mount '/Radio'
[2026-05-02  22:53:54] INFO admin/admin.c Received admin command listclients on mount '/Radio'
[2026-05-02  22:54:05] INFO admin/admin.c Received admin command listclients on mount '/Radio'
[2026-05-02  22:54:15] INFO admin/admin.c Received admin command listclients on mount '/Radio'
[2026-05-02  22:54:25] INFO admin/admin.c Received admin command listclients on mount '/Radio'
[2026-05-02  22:54:35] INFO admin/admin.c Received admin command listclients on mount '/Radio'
[2026-05-02  22:54:45] INFO admin/admin.c Received admin command listclients on mount '/Radio'
[2026-05-02  22:54:55] INFO admin/admin.c Received admin command listclients on mount '/Radio'
[2026-05-02  22:55:05] INFO admin/admin.c Received admin command listclients on mount '/Radio'
[2026-05-02  22:55:16] INFO admin/admin.c Received admin command listclients on mount '/Radio'
[2026-05-02  22:55:26] INFO admin/admin.c Received admin command listclients on mount '/Radio'
[2026-05-02  22:55:36] INFO admin/admin.c Received admin command listclients on mount '/Radio'
[2026-05-02  22:55:46] INFO admin/admin.c Received admin command listclients on mount '/Radio'
[2026-05-02  22:55:56] INFO admin/admin.c Received admin command listclients on mount '/Radio'
[2026-05-02  22:56:06] INFO admin/admin.c Received admin command listclients on mount '/Radio'
[2026-05-02  22:56:17] INFO admin/admin.c Received admin command listclients on mount '/Radio'
[2026-05-02  22:56:27] INFO admin/admin.c Received admin command listclients on mount '/Radio'
[2026-05-02  22:56:37] INFO admin/admin.c Received admin command listclients on mount '/Radio'
[2026-05-02  22:56:47] INFO admin/admin.c Received admin command listclients on mount '/Radio'
[2026-05-02  22:56:57] INFO admin/admin.c Received admin command listclients on mount '/Radio'
[2026-05-02  22:57:07] INFO admin/admin.c Received admin command listclients on mount '/Radio'
[2026-05-02  22:57:17] INFO admin/admin.c Received admin command listclients on mount '/Radio'
[2026-05-02  22:57:28] INFO admin/admin.c Received admin command listclients on mount '/Radio'
[2026-05-02  22:57:38] INFO admin/admin.c Received admin command listclients on mount '/Radio'
[2026-05-02  22:57:48] INFO admin/admin.c Received admin command listclients on mount '/Radio'
[2026-05-02  22:57:58] INFO admin/admin.c Received admin command listclients on mount '/Radio'
[2026-05-02  22:58:08] INFO admin/admin.c Received admin command listclients on mount '/Radio'
[2026-05-02  22:58:18] INFO admin/admin.c Received admin command listclients on mount '/Radio'
[2026-05-02  22:58:29] INFO admin/admin.c Received admin command listclients on mount '/Radio'
[2026-05-02  22:58:35] INFO admin/admin.c Received admin command metadata on mount '/Radio'
[2026-05-02  22:58:35] WARN admin/admin.c Client 00000232ED5A02F0 (role=legacy-global-source, acl=legacy-global-source, username=source) uses safe method GET on /admin/metadata
[2026-05-02  22:58:35] INFO admin/admin.c Metadata on mountpoint /Radio changed to "4A\x20-\x20Energy\x207\x20-\x20Current\x20Value\x20-\x20Recovery\x20File"
[2026-05-02  22:58:35] INFO event-stream/event_stream.c event queued
[2026-05-02  22:58:35] WARN stats/stats.c No charset found for "ISO8859-1"
[2026-05-02  22:58:35] WARN stats/stats.c No charset found for "ISO8859-1"
[2026-05-02  22:58:35] INFO event-stream/event_stream.c event queued
[2026-05-02  22:58:39] INFO admin/admin.c Received admin command listclients on mount '/Radio'
[2026-05-02  22:58:49] INFO admin/admin.c Received admin command listclients on mount '/Radio'
[2026-05-02  22:58:51] INFO event-stream/event_stream.c event queued
[2026-05-02  22:58:51] INFO source/source.c listener count on /Radio now 1
[2026-05-02  22:58:51] INFO event-stream/event_stream.c event queued
[2026-05-02  22:58:54] EROR connection-handle/connection_handle.c Wrong request type from client
[2026-05-02  22:58:59] INFO admin/admin.c Received admin command listclients on mount '/Radio'
[2026-05-02  22:59:01] INFO event-stream/event_stream.c event queued
[2026-05-02  22:59:01] INFO source/source.c listener count on /Radio now 2
[2026-05-02  22:59:01] INFO event-stream/event_stream.c event queued
[2026-05-02  22:59:09] INFO admin/admin.c Received admin command listclients on mount '/Radio'
[2026-05-02  22:59:19] INFO admin/admin.c Received admin command listclients on mount '/Radio'
[2026-05-02  22:59:30] INFO admin/admin.c Received admin command listclients on mount '/Radio'
[2026-05-02  22:59:40] INFO admin/admin.c Received admin command listclients on mount '/Radio'
[2026-05-02  22:59:50] INFO admin/admin.c Received admin command listclients on mount '/Radio'
[2026-05-02  22:59:56] INFO event-stream/event_stream.c event queued
[2026-05-02  22:59:56] INFO source/source.c listener count on /Radio now 3
[2026-05-02  22:59:56] INFO event-stream/event_stream.c event queued
[2026-05-02  23:00:00] INFO admin/admin.c Received admin command listclients on mount '/Radio'
[2026-05-02  23:00:10] INFO admin/admin.c Received admin command listclients on mount '/Radio'
[2026-05-02  23:00:20] INFO admin/admin.c Received admin command listclients on mount '/Radio'
[2026-05-02  23:00:31] INFO admin/admin.c Received admin command listclients on mount '/Radio'
[2026-05-02  23:00:40] INFO event-stream/event_stream.c event queued
[2026-05-02  23:00:40] INFO source/source.c listener count on /Radio now 4
[2026-05-02  23:00:40] INFO event-stream/event_stream.c event queued
[2026-05-02  23:00:41] INFO admin/admin.c Received admin command listclients on mount '/Radio'
[2026-05-02  23:00:50] INFO source/source.c listener count on /Radio now 3
[2026-05-02  23:00:50] INFO event-stream/event_stream.c event queued
[2026-05-02  23:00:50] INFO event-stream/event_stream.c event queued
[2026-05-02  23:00:50] INFO source/source.c listener count on /Radio now 4
[2026-05-02  23:00:50] INFO event-stream/event_stream.c event queued
[2026-05-02  23:00:51] INFO admin/admin.c Received admin command listclients on mount '/Radio'
[2026-05-02  23:01:01] INFO admin/admin.c Received admin command listclients on mount '/Radio'
[2026-05-02  23:01:11] INFO admin/admin.c Received admin command listclients on mount '/Radio'
[2026-05-02  23:01:21] INFO admin/admin.c Received admin command listclients on mount '/Radio'
[2026-05-02  23:01:31] INFO admin/admin.c Received admin command listclients on mount '/Radio'
[2026-05-02  23:01:42] INFO admin/admin.c Received admin command listclients on mount '/Radio'
[2026-05-02  23:01:52] INFO admin/admin.c Received admin command listclients on mount '/Radio'
[2026-05-02  23:02:02] INFO admin/admin.c Received admin command listclients on mount '/Radio'
[2026-05-02  23:02:12] INFO admin/admin.c Received admin command listclients on mount '/Radio'
[2026-05-02  23:02:22] INFO admin/admin.c Received admin command listclients on mount '/Radio'
[2026-05-02  23:02:24] INFO event-stream/event_stream.c event queued
[2026-05-02  23:02:24] INFO source/source.c listener count on /Radio now 5
[2026-05-02  23:02:24] INFO event-stream/event_stream.c event queued
[2026-05-02  23:02:24] INFO source/source.c listener count on /Radio now 4
[2026-05-02  23:02:24] INFO event-stream/event_stream.c event queued
[2026-05-02  23:02:26] INFO event-stream/event_stream.c event queued
[2026-05-02  23:02:26] INFO source/source.c listener count on /Radio now 5
[2026-05-02  23:02:26] INFO event-stream/event_stream.c event queued
[2026-05-02  23:02:26] INFO source/source.c listener count on /Radio now 4
[2026-05-02  23:02:26] INFO event-stream/event_stream.c event queued
[2026-05-02  23:02:27] INFO event-stream/event_stream.c event queued
[2026-05-02  23:02:27] INFO source/source.c listener count on /Radio now 5
[2026-05-02  23:02:27] INFO event-stream/event_stream.c event queued
[2026-05-02  23:02:28] INFO source/source.c listener count on /Radio now 4
[2026-05-02  23:02:28] INFO event-stream/event_stream.c event queued
[2026-05-02  23:02:29] INFO event-stream/event_stream.c event queued
[2026-05-02  23:02:29] INFO source/source.c listener count on /Radio now 5
[2026-05-02  23:02:29] INFO event-stream/event_stream.c event queued
[2026-05-02  23:02:29] INFO source/source.c listener count on /Radio now 4
[2026-05-02  23:02:29] INFO event-stream/event_stream.c event queued
[2026-05-02  23:02:30] INFO event-stream/event_stream.c event queued
[2026-05-02  23:02:30] INFO source/source.c listener count on /Radio now 5
[2026-05-02  23:02:30] INFO event-stream/event_stream.c event queued
[2026-05-02  23:02:30] INFO source/source.c listener count on /Radio now 4
[2026-05-02  23:02:30] INFO event-stream/event_stream.c event queued
[2026-05-02  23:02:31] INFO event-stream/event_stream.c event queued
[2026-05-02  23:02:31] INFO source/source.c listener count on /Radio now 5
[2026-05-02  23:02:31] INFO event-stream/event_stream.c event queued
[2026-05-02  23:02:31] INFO source/source.c listener count on /Radio now 4
[2026-05-02  23:02:31] INFO event-stream/event_stream.c event queued
[2026-05-02  23:02:32] INFO event-stream/event_stream.c event queued
[2026-05-02  23:02:32] INFO source/source.c listener count on /Radio now 5
[2026-05-02  23:02:32] INFO event-stream/event_stream.c event queued
[2026-05-02  23:02:32] INFO source/source.c listener count on /Radio now 4
[2026-05-02  23:02:32] INFO event-stream/event_stream.c event queued
[2026-05-02  23:02:32] INFO admin/admin.c Received admin command listclients on mount '/Radio'
[2026-05-02  23:02:34] INFO event-stream/event_stream.c event queued
[2026-05-02  23:02:34] INFO source/source.c listener count on /Radio now 5
[2026-05-02  23:02:34] INFO event-stream/event_stream.c event queued
[2026-05-02  23:02:34] INFO source/source.c listener count on /Radio now 4
[2026-05-02  23:02:34] INFO event-stream/event_stream.c event queued
[2026-05-02  23:02:38] INFO event-stream/event_stream.c event queued
[2026-05-02  23:02:38] INFO source/source.c listener count on /Radio now 5
[2026-05-02  23:02:38] INFO event-stream/event_stream.c event queued
[2026-05-02  23:02:38] INFO source/source.c listener count on /Radio now 4
[2026-05-02  23:02:38] INFO event-stream/event_stream.c event queued
[2026-05-02  23:02:43] INFO admin/admin.c Received admin command listclients on mount '/Radio'
[2026-05-02  23:02:53] INFO admin/admin.c Received admin command listclients on mount '/Radio'
[2026-05-02  23:03:03] INFO admin/admin.c Received admin command listclients on mount '/Radio'
[2026-05-02  23:03:13] INFO admin/admin.c Received admin command listclients on mount '/Radio'
[2026-05-02  23:03:23] INFO admin/admin.c Received admin command listclients on mount '/Radio'
[2026-05-02  23:03:33] INFO admin/admin.c Received admin command listclients on mount '/Radio'
[2026-05-02  23:03:44] INFO admin/admin.c Received admin command listclients on mount '/Radio'
[2026-05-02  23:03:45] INFO admin/admin.c Received admin command metadata on mount '/Radio'
[2026-05-02  23:03:45] WARN admin/admin.c Client 00000232ED5C2610 (role=legacy-global-source, acl=legacy-global-source, username=source) uses safe method GET on /admin/metadata
[2026-05-02  23:03:45] INFO admin/admin.c Metadata on mountpoint /Radio changed to "1A\x20-\x20Energy\x208\x20-\x20Dimension\x20-\x20Altar"
[2026-05-02  23:03:45] INFO event-stream/event_stream.c event queued
[2026-05-02  23:03:45] WARN stats/stats.c No charset found for "ISO8859-1"
[2026-05-02  23:03:45] WARN stats/stats.c No charset found for "ISO8859-1"
[2026-05-02  23:03:45] INFO event-stream/event_stream.c event queued
[2026-05-02  23:03:51] INFO source/source.c listener count on /Radio now 3
[2026-05-02  23:03:51] INFO event-stream/event_stream.c event queued
[2026-05-02  23:03:54] INFO admin/admin.c Received admin command listclients on mount '/Radio'
[2026-05-02  23:04:01] INFO source/source.c listener count on /Radio now 2
[2026-05-02  23:04:01] INFO event-stream/event_stream.c event queued
[2026-05-02  23:04:04] INFO admin/admin.c Received admin command listclients on mount '/Radio'
[2026-05-02  23:04:14] INFO event-stream/event_stream.c event queued
[2026-05-02  23:04:14] INFO source/source.c listener count on /Radio now 3
[2026-05-02  23:04:14] INFO event-stream/event_stream.c event queued
[2026-05-02  23:04:14] INFO event-stream/event_stream.c event queued
[2026-05-02  23:04:14] INFO source/source.c listener count on /Radio now 4
[2026-05-02  23:04:14] INFO event-stream/event_stream.c event queued
[2026-05-02  23:04:14] INFO admin/admin.c Received admin command listclients on mount '/Radio'
[2026-05-02  23:04:24] INFO admin/admin.c Received admin command listclients on mount '/Radio'
[2026-05-02  23:04:34] INFO admin/admin.c Received admin command listclients on mount '/Radio'
[2026-05-02  23:04:44] INFO admin/admin.c Received admin command listclients on mount '/Radio'
[2026-05-02  23:04:55] INFO admin/admin.c Received admin command listclients on mount '/Radio'
[2026-05-02  23:04:56] INFO source/source.c listener count on /Radio now 3
[2026-05-02  23:04:56] INFO event-stream/event_stream.c event queued
[2026-05-02  23:05:05] INFO admin/admin.c Received admin command listclients on mount '/Radio'
[2026-05-02  23:05:15] INFO admin/admin.c Received admin command listclients on mount '/Radio'
[2026-05-02  23:05:25] INFO admin/admin.c Received admin command listclients on mount '/Radio'
[2026-05-02  23:05:35] INFO admin/admin.c Received admin command listclients on mount '/Radio'
[2026-05-02  23:05:45] INFO admin/admin.c Received admin command listclients on mount '/Radio'
[2026-05-02  23:05:50] INFO source/source.c listener count on /Radio now 2
[2026-05-02  23:05:50] INFO event-stream/event_stream.c event queued
[2026-05-02  23:05:56] INFO admin/admin.c Received admin command listclients on mount '/Radio'
[2026-05-02  23:06:06] INFO admin/admin.c Received admin command listclients on mount '/Radio'
[2026-05-02  23:06:16] INFO admin/admin.c Received admin command listclients on mount '/Radio'
[2026-05-02  23:06:26] INFO admin/admin.c Received admin command listclients on mount '/Radio'
[2026-05-02  23:06:36] INFO admin/admin.c Received admin command listclients on mount '/Radio'
[2026-05-02  23:06:46] INFO admin/admin.c Received admin command listclients on mount '/Radio'
[2026-05-02  23:06:56] INFO admin/admin.c Received admin command listclients on mount '/Radio'
[2026-05-02  23:07:07] INFO admin/admin.c Received admin command listclients on mount '/Radio'
[2026-05-02  23:07:17] INFO admin/admin.c Received admin command listclients on mount '/Radio'
[2026-05-02  23:07:27] INFO admin/admin.c Received admin command listclients on mount '/Radio'
[2026-05-02  23:07:37] INFO admin/admin.c Received admin command listclients on mount '/Radio'
[2026-05-02  23:07:47] INFO admin/admin.c Received admin command listclients on mount '/Radio'
[2026-05-02  23:07:52] INFO admin/admin.c Received admin command metadata on mount '/Radio'
[2026-05-02  23:07:52] WARN admin/admin.c Client 00000232ED5C1410 (role=legacy-global-source, acl=legacy-global-source, username=source) uses safe method GET on /admin/metadata
[2026-05-02  23:07:52] INFO admin/admin.c Metadata on mountpoint /Radio changed to "4A\x20-\x20Energy\x208\x20-\x20Dimension\x20&\x20Arctic\x20Lake\x20-\x20Plus\x20Minus\x20(Original\x20Mix)\x20[by\x20DragoN_Sky]"
[2026-05-02  23:07:52] INFO event-stream/event_stream.c event queued
[2026-05-02  23:07:52] WARN stats/stats.c No charset found for "ISO8859-1"
[2026-05-02  23:07:52] WARN stats/stats.c No charset found for "ISO8859-1"
[2026-05-02  23:07:52] INFO event-stream/event_stream.c event queued
[2026-05-02  23:07:57] INFO admin/admin.c Received admin command listclients on mount '/Radio'
[2026-05-02  23:08:08] INFO admin/admin.c Received admin command listclients on mount '/Radio'
[2026-05-02  23:08:18] INFO admin/admin.c Received admin command listclients on mount '/Radio'
[2026-05-02  23:08:28] INFO admin/admin.c Received admin command listclients on mount '/Radio'
[2026-05-02  23:08:38] INFO admin/admin.c Received admin command listclients on mount '/Radio'
[2026-05-02  23:08:48] INFO admin/admin.c Received admin command listclients on mount '/Radio'
[2026-05-02  23:08:58] INFO admin/admin.c Received admin command listclients on mount '/Radio'
[2026-05-02  23:09:08] INFO admin/admin.c Received admin command listclients on mount '/Radio'
[2026-05-02  23:09:13] INFO source/source.c listener count on /Radio now 1
[2026-05-02  23:09:13] INFO event-stream/event_stream.c event queued
[2026-05-02  23:09:14] INFO source/source.c listener count on /Radio now 0
[2026-05-02  23:09:14] INFO event-stream/event_stream.c event queued
[2026-05-02  23:09:14] INFO event-stream/event_stream.c event queued
[2026-05-02  23:09:19] INFO admin/admin.c Received admin command listclients on mount '/Radio'
[2026-05-02  23:09:29] INFO admin/admin.c Received admin command listclients on mount '/Radio'
[2026-05-02  23:09:39] INFO admin/admin.c Received admin command listclients on mount '/Radio'
[2026-05-02  23:09:49] INFO admin/admin.c Received admin command listclients on mount '/Radio'
[2026-05-02  23:09:59] INFO admin/admin.c Received admin command listclients on mount '/Radio'
[2026-05-02  23:10:09] INFO admin/admin.c Received admin command listclients on mount '/Radio'
[2026-05-02  23:10:19] INFO admin/admin.c Received admin command listclients on mount '/Radio'
[2026-05-02  23:10:30] INFO admin/admin.c Received admin command listclients on mount '/Radio'
[2026-05-02  23:10:40] INFO admin/admin.c Received admin command listclients on mount '/Radio'
[2026-05-02  23:10:50] INFO admin/admin.c Received admin command listclients on mount '/Radio'
[2026-05-02  23:11:00] INFO admin/admin.c Received admin command listclients on mount '/Radio'
[2026-05-02  23:11:10] INFO admin/admin.c Received admin command listclients on mount '/Radio'
[2026-05-02  23:11:20] INFO admin/admin.c Received admin command listclients on mount '/Radio'
[2026-05-02  23:11:31] INFO admin/admin.c Received admin command listclients on mount '/Radio'
[2026-05-02  23:11:41] INFO admin/admin.c Received admin command listclients on mount '/Radio'
[2026-05-02  23:11:51] INFO admin/admin.c Received admin command listclients on mount '/Radio'
[2026-05-02  23:11:59] EROR connection-handle/connection_handle.c Wrong request type from client
[2026-05-02  23:12:00] INFO event-stream/event_stream.c event queued
[2026-05-02  23:12:00] INFO source/source.c listener count on /Radio now 1
[2026-05-02  23:12:00] INFO event-stream/event_stream.c event queued
[2026-05-02  23:12:01] INFO admin/admin.c Received admin command listclients on mount '/Radio'
[2026-05-02  23:12:05] INFO source/source.c listener count on /Radio now 0
[2026-05-02  23:12:05] INFO event-stream/event_stream.c event queued
[2026-05-02  23:12:05] INFO event-stream/event_stream.c event queued
[2026-05-02  23:12:11] INFO admin/admin.c Received admin command listclients on mount '/Radio'
[2026-05-02  23:12:21] INFO admin/admin.c Received admin command listclients on mount '/Radio'
[2026-05-02  23:12:27] INFO admin/admin.c Received admin command metadata on mount '/Radio'
[2026-05-02  23:12:27] WARN admin/admin.c Client 00000232ED5A0770 (role=legacy-global-source, acl=legacy-global-source, username=source) uses safe method GET on /admin/metadata
[2026-05-02  23:12:27] INFO admin/admin.c Metadata on mountpoint /Radio changed to "11A\x20-\x20Energy\x207\x20-\x20Direct\x20Shift\x20-\x20Wudanq\x20Quan\x20(Original\x20Mix)"
[2026-05-02  23:12:27] INFO event-stream/event_stream.c event queued
[2026-05-02  23:12:27] WARN stats/stats.c No charset found for "ISO8859-1"
[2026-05-02  23:12:27] WARN stats/stats.c No charset found for "ISO8859-1"
[2026-05-02  23:12:27] INFO event-stream/event_stream.c event queued
[2026-05-02  23:12:32] INFO admin/admin.c Received admin command listclients on mount '/Radio'
[2026-05-02  23:12:42] INFO admin/admin.c Received admin command listclients on mount '/Radio'
[2026-05-02  23:12:52] INFO admin/admin.c Received admin command listclients on mount '/Radio'
[2026-05-02  23:13:02] INFO admin/admin.c Received admin command listclients on mount '/Radio'
[2026-05-02  23:13:12] INFO admin/admin.c Received admin command listclients on mount '/Radio'
[2026-05-02  23:13:22] INFO admin/admin.c Received admin command listclients on mount '/Radio'
[2026-05-02  23:13:32] INFO admin/admin.c Received admin command listclients on mount '/Radio'
[2026-05-02  23:13:43] INFO admin/admin.c Received admin command listclients on mount '/Radio'
[2026-05-02  23:13:53] INFO admin/admin.c Received admin command listclients on mount '/Radio'
[2026-05-02  23:14:03] INFO admin/admin.c Received admin command listclients on mount '/Radio'
[2026-05-02  23:14:13] INFO admin/admin.c Received admin command listclients on mount '/Radio'
[2026-05-02  23:14:23] INFO admin/admin.c Received admin command listclients on mount '/Radio'
[2026-05-02  23:14:33] INFO admin/admin.c Received admin command listclients on mount '/Radio'
[2026-05-02  23:14:44] INFO admin/admin.c Received admin command listclients on mount '/Radio'
[2026-05-02  23:14:54] INFO admin/admin.c Received admin command listclients on mount '/Radio'
[2026-05-02  23:15:04] INFO admin/admin.c Received admin command listclients on mount '/Radio'
[2026-05-02  23:15:14] INFO admin/admin.c Received admin command listclients on mount '/Radio'
[2026-05-02  23:15:24] INFO admin/admin.c Received admin command listclients on mount '/Radio'
[2026-05-02  23:15:34] INFO admin/admin.c Received admin command listclients on mount '/Radio'
[2026-05-02  23:15:45] INFO admin/admin.c Received admin command listclients on mount '/Radio'
[2026-05-02  23:15:55] INFO admin/admin.c Received admin command listclients on mount '/Radio'
[2026-05-02  23:16:05] INFO admin/admin.c Received admin command listclients on mount '/Radio'
[2026-05-02  23:16:12] INFO event-stream/event_stream.c event queued
[2026-05-02  23:16:12] INFO source/source.c listener count on /Radio now 1
[2026-05-02  23:16:12] INFO event-stream/event_stream.c event queued
[2026-05-02  23:16:15] INFO admin/admin.c Received admin command listclients on mount '/Radio'
[2026-05-02  23:16:15] INFO source/source.c listener count on /Radio now 0
[2026-05-02  23:16:15] INFO event-stream/event_stream.c event queued
[2026-05-02  23:16:15] INFO event-stream/event_stream.c event queued
[2026-05-02  23:16:25] INFO admin/admin.c Received admin command listclients on mount '/Radio'
[2026-05-02  23:16:35] INFO admin/admin.c Received admin command listclients on mount '/Radio'
[2026-05-02  23:16:45] INFO admin/admin.c Received admin command listclients on mount '/Radio'
[2026-05-02  23:16:56] INFO admin/admin.c Received admin command listclients on mount '/Radio'
[2026-05-02  23:17:00] INFO admin/admin.c Received admin command metadata on mount '/Radio'
[2026-05-02  23:17:00] WARN admin/admin.c Client 00000232EBC0E1F0 (role=legacy-global-source, acl=legacy-global-source, username=source) uses safe method GET on /admin/metadata
[2026-05-02  23:17:00] INFO admin/admin.c Metadata on mountpoint /Radio changed to "4A\x20-\x20Energy\x207\x20-\x20Dist\x20Hard\x20-\x20illusionist"
[2026-05-02  23:17:00] INFO event-stream/event_stream.c event queued
[2026-05-02  23:17:00] WARN stats/stats.c No charset found for "ISO8859-1"
[2026-05-02  23:17:00] WARN stats/stats.c No charset found for "ISO8859-1"
[2026-05-02  23:17:00] INFO event-stream/event_stream.c event queued
[2026-05-02  23:17:06] INFO admin/admin.c Received admin command listclients on mount '/Radio'
[2026-05-02  23:17:16] INFO admin/admin.c Received admin command listclients on mount '/Radio'
[2026-05-02  23:17:26] INFO admin/admin.c Received admin command listclients on mount '/Radio'
[2026-05-02  23:17:36] INFO admin/admin.c Received admin command listclients on mount '/Radio'
[2026-05-02  23:17:46] INFO admin/admin.c Received admin command listclients on mount '/Radio'
[2026-05-02  23:17:56] INFO admin/admin.c Received admin command listclients on mount '/Radio'
[2026-05-02  23:18:07] INFO admin/admin.c Received admin command listclients on mount '/Radio'
[2026-05-02  23:18:17] INFO admin/admin.c Received admin command listclients on mount '/Radio'
[2026-05-02  23:18:27] INFO admin/admin.c Received admin command listclients on mount '/Radio'
[2026-05-02  23:18:37] INFO admin/admin.c Received admin command listclients on mount '/Radio'
[2026-05-02  23:18:47] INFO admin/admin.c Received admin command listclients on mount '/Radio'
[2026-05-02  23:18:57] INFO admin/admin.c Received admin command listclients on mount '/Radio'
[2026-05-02  23:19:08] INFO admin/admin.c Received admin command listclients on mount '/Radio'
[2026-05-02  23:19:18] INFO admin/admin.c Received admin command listclients on mount '/Radio'
[2026-05-02  23:19:28] INFO admin/admin.c Received admin command listclients on mount '/Radio'
[2026-05-02  23:19:38] INFO admin/admin.c Received admin command listclients on mount '/Radio'
[2026-05-02  23:19:48] INFO admin/admin.c Received admin command listclients on mount '/Radio'
[2026-05-02  23:19:58] INFO admin/admin.c Received admin command listclients on mount '/Radio'
[2026-05-02  23:20:08] INFO admin/admin.c Received admin command listclients on mount '/Radio'
[2026-05-02  23:20:19] INFO admin/admin.c Received admin command listclients on mount '/Radio'
[2026-05-02  23:20:29] INFO admin/admin.c Received admin command listclients on mount '/Radio'
[2026-05-02  23:20:39] INFO admin/admin.c Received admin command listclients on mount '/Radio'
[2026-05-02  23:20:49] INFO admin/admin.c Received admin command listclients on mount '/Radio'
[2026-05-02  23:20:59] INFO admin/admin.c Received admin command listclients on mount '/Radio'
[2026-05-02  23:21:09] INFO admin/admin.c Received admin command listclients on mount '/Radio'
[2026-05-02  23:21:14] INFO admin/admin.c Received admin command metadata on mount '/Radio'
[2026-05-02  23:21:14] WARN admin/admin.c Client 00000232ED5A0770 (role=legacy-global-source, acl=legacy-global-source, username=source) uses safe method GET on /admin/metadata
[2026-05-02  23:21:14] INFO admin/admin.c Metadata on mountpoint /Radio changed to "4A\x20-\x20Energy\x207\x20-\x20Encode\x20-\x20None"
[2026-05-02  23:21:14] INFO event-stream/event_stream.c event queued
[2026-05-02  23:21:14] WARN stats/stats.c No charset found for "ISO8859-1"
[2026-05-02  23:21:14] WARN stats/stats.c No charset found for "ISO8859-1"
[2026-05-02  23:21:14] INFO event-stream/event_stream.c event queued
[2026-05-02  23:21:20] INFO admin/admin.c Received admin command listclients on mount '/Radio'
[2026-05-02  23:21:30] INFO admin/admin.c Received admin command listclients on mount '/Radio'
[2026-05-02  23:21:40] INFO admin/admin.c Received admin command listclients on mount '/Radio'
[2026-05-02  23:21:50] INFO admin/admin.c Received admin command listclients on mount '/Radio'
[2026-05-02  23:22:00] INFO admin/admin.c Received admin command listclients on mount '/Radio'
[2026-05-02  23:22:10] INFO admin/admin.c Received admin command listclients on mount '/Radio'
[2026-05-02  23:22:21] INFO admin/admin.c Received admin command listclients on mount '/Radio'
[2026-05-02  23:22:31] INFO admin/admin.c Received admin command listclients on mount '/Radio'
[2026-05-02  23:22:41] INFO admin/admin.c Received admin command listclients on mount '/Radio'
[2026-05-02  23:22:51] INFO admin/admin.c Received admin command listclients on mount '/Radio'
[2026-05-02  23:23:01] INFO admin/admin.c Received admin command listclients on mount '/Radio'
[2026-05-02  23:23:11] INFO admin/admin.c Received admin command listclients on mount '/Radio'
[2026-05-02  23:23:21] INFO admin/admin.c Received admin command listclients on mount '/Radio'
[2026-05-02  23:23:32] INFO admin/admin.c Received admin command listclients on mount '/Radio'
[2026-05-02  23:23:42] INFO admin/admin.c Received admin command listclients on mount '/Radio'
[2026-05-02  23:23:52] INFO admin/admin.c Received admin command listclients on mount '/Radio'
[2026-05-02  23:24:02] INFO admin/admin.c Received admin command listclients on mount '/Radio'
[2026-05-02  23:24:12] INFO admin/admin.c Received admin command listclients on mount '/Radio'
[2026-05-02  23:24:22] INFO admin/admin.c Received admin command listclients on mount '/Radio'
[2026-05-02  23:24:33] INFO admin/admin.c Received admin command listclients on mount '/Radio'
[2026-05-02  23:24:43] INFO admin/admin.c Received admin command listclients on mount '/Radio'
[2026-05-02  23:24:53] INFO admin/admin.c Received admin command listclients on mount '/Radio'
[2026-05-02  23:25:03] INFO admin/admin.c Received admin command listclients on mount '/Radio'
[2026-05-02  23:25:13] INFO admin/admin.c Received admin command listclients on mount '/Radio'
[2026-05-02  23:25:23] INFO admin/admin.c Received admin command listclients on mount '/Radio'
[2026-05-02  23:25:33] INFO admin/admin.c Received admin command listclients on mount '/Radio'
[2026-05-02  23:25:44] INFO admin/admin.c Received admin command listclients on mount '/Radio'
[2026-05-02  23:25:54] INFO admin/admin.c Received admin command listclients on mount '/Radio'
[2026-05-02  23:26:04] INFO admin/admin.c Received admin command listclients on mount '/Radio'
[2026-05-02  23:26:14] INFO admin/admin.c Received admin command listclients on mount '/Radio'
[2026-05-02  23:26:21] EROR connection-handle/connection_handle.c Wrong request type from client
[2026-05-02  23:26:22] EROR connection-handle/connection_handle.c Wrong request type from client
[2026-05-02  23:26:22] EROR connection-handle/connection_handle.c Wrong request type from client
[2026-05-02  23:26:24] INFO admin/admin.c Received admin command listclients on mount '/Radio'
[2026-05-02  23:26:34] INFO admin/admin.c Received admin command listclients on mount '/Radio'
[2026-05-02  23:26:45] INFO admin/admin.c Received admin command listclients on mount '/Radio'
[2026-05-02  23:26:55] INFO admin/admin.c Received admin command listclients on mount '/Radio'
[2026-05-02  23:27:05] INFO admin/admin.c Received admin command listclients on mount '/Radio'
[2026-05-02  23:27:15] INFO admin/admin.c Received admin command listclients on mount '/Radio'
[2026-05-02  23:27:25] INFO admin/admin.c Received admin command listclients on mount '/Radio'
[2026-05-02  23:27:35] INFO admin/admin.c Received admin command listclients on mount '/Radio'
[2026-05-02  23:27:45] INFO admin/admin.c Received admin command listclients on mount '/Radio'
[2026-05-02  23:27:56] INFO admin/admin.c Received admin command listclients on mount '/Radio'
[2026-05-02  23:28:06] INFO admin/admin.c Received admin command listclients on mount '/Radio'
[2026-05-02  23:28:11] INFO admin/admin.c Received admin command metadata on mount '/Radio'
[2026-05-02  23:28:11] WARN admin/admin.c Client 00000232ED5A9DA0 (role=legacy-global-source, acl=legacy-global-source, username=source) uses safe method GET on /admin/metadata
[2026-05-02  23:28:11] INFO admin/admin.c Metadata on mountpoint /Radio changed to "6A\x20-\x20Energy\x208\x20-\x20Enter\x20Shikari\x20-\x20{\x20The\x20Dreamer's\x20Hotel\x20}\x20(Boxplot\x20Bootleg)"
[2026-05-02  23:28:11] INFO event-stream/event_stream.c event queued
[2026-05-02  23:28:11] WARN stats/stats.c No charset found for "ISO8859-1"
[2026-05-02  23:28:11] WARN stats/stats.c No charset found for "ISO8859-1"
[2026-05-02  23:28:11] INFO event-stream/event_stream.c event queued
[2026-05-02  23:28:16] INFO admin/admin.c Received admin command listclients on mount '/Radio'
[2026-05-02  23:28:26] INFO admin/admin.c Received admin command listclients on mount '/Radio'
[2026-05-02  23:28:36] INFO admin/admin.c Received admin command listclients on mount '/Radio'
[2026-05-02  23:28:46] INFO admin/admin.c Received admin command listclients on mount '/Radio'
[2026-05-02  23:28:56] INFO admin/admin.c Received admin command listclients on mount '/Radio'
[2026-05-02  23:29:07] INFO admin/admin.c Received admin command listclients on mount '/Radio'
[2026-05-02  23:29:17] INFO admin/admin.c Received admin command listclients on mount '/Radio'
[2026-05-02  23:29:27] INFO admin/admin.c Received admin command listclients on mount '/Radio'
[2026-05-02  23:29:37] INFO admin/admin.c Received admin command listclients on mount '/Radio'
[2026-05-02  23:29:47] INFO admin/admin.c Received admin command listclients on mount '/Radio'
[2026-05-02  23:29:57] INFO admin/admin.c Received admin command listclients on mount '/Radio'
[2026-05-02  23:30:08] INFO admin/admin.c Received admin command listclients on mount '/Radio'
[2026-05-02  23:30:18] INFO admin/admin.c Received admin command listclients on mount '/Radio'
[2026-05-02  23:30:28] INFO admin/admin.c Received admin command listclients on mount '/Radio'
[2026-05-02  23:30:38] INFO admin/admin.c Received admin command listclients on mount '/Radio'
[2026-05-02  23:30:48] INFO admin/admin.c Received admin command listclients on mount '/Radio'
[2026-05-02  23:30:58] INFO admin/admin.c Received admin command listclients on mount '/Radio'
[2026-05-02  23:31:09] INFO admin/admin.c Received admin command listclients on mount '/Radio'
[2026-05-02  23:31:19] INFO admin/admin.c Received admin command listclients on mount '/Radio'
[2026-05-02  23:31:29] INFO admin/admin.c Received admin command listclients on mount '/Radio'
[2026-05-02  23:31:39] INFO admin/admin.c Received admin command listclients on mount '/Radio'
[2026-05-02  23:31:44] INFO admin/admin.c Received admin command metadata on mount '/Radio'
[2026-05-02  23:31:44] WARN admin/admin.c Client 00000232ED5B93F0 (role=legacy-global-source, acl=legacy-global-source, username=source) uses safe method GET on /admin/metadata
[2026-05-02  23:31:44] INFO admin/admin.c Metadata on mountpoint /Radio changed to "2A\x20-\x20Energy\x208\x20-\x20Freaks\x20&\x20Geeks\x20feat.\x20Flowanastasia\x20-\x20Pressure"
[2026-05-02  23:31:44] INFO event-stream/event_stream.c event queued
[2026-05-02  23:31:44] WARN stats/stats.c No charset found for "ISO8859-1"
[2026-05-02  23:31:44] WARN stats/stats.c No charset found for "ISO8859-1"
[2026-05-02  23:31:44] INFO event-stream/event_stream.c event queued
[2026-05-02  23:31:49] INFO admin/admin.c Received admin command listclients on mount '/Radio'
[2026-05-02  23:31:59] INFO admin/admin.c Received admin command listclients on mount '/Radio'
[2026-05-02  23:32:10] INFO admin/admin.c Received admin command listclients on mount '/Radio'
[2026-05-02  23:32:21] INFO admin/admin.c Received admin command listclients on mount '/Radio'
[2026-05-02  23:32:31] INFO admin/admin.c Received admin command listclients on mount '/Radio'
[2026-05-02  23:32:41] INFO admin/admin.c Received admin command listclients on mount '/Radio'
[2026-05-02  23:32:51] INFO admin/admin.c Received admin command listclients on mount '/Radio'
[2026-05-02  23:33:01] INFO admin/admin.c Received admin command listclients on mount '/Radio'
[2026-05-02  23:33:11] INFO admin/admin.c Received admin command listclients on mount '/Radio'
[2026-05-02  23:33:22] INFO admin/admin.c Received admin command listclients on mount '/Radio'
[2026-05-02  23:33:32] INFO admin/admin.c Received admin command listclients on mount '/Radio'
[2026-05-02  23:33:42] INFO admin/admin.c Received admin command listclients on mount '/Radio'
[2026-05-02  23:33:52] INFO admin/admin.c Received admin command listclients on mount '/Radio'
[2026-05-02  23:34:02] INFO admin/admin.c Received admin command listclients on mount '/Radio'
[2026-05-02  23:34:12] INFO admin/admin.c Received admin command listclients on mount '/Radio'
[2026-05-02  23:34:22] INFO admin/admin.c Received admin command listclients on mount '/Radio'
[2026-05-02  23:34:33] INFO admin/admin.c Received admin command listclients on mount '/Radio'
[2026-05-02  23:34:43] INFO admin/admin.c Received admin command listclients on mount '/Radio'
[2026-05-02  23:34:53] INFO admin/admin.c Received admin command listclients on mount '/Radio'
[2026-05-02  23:35:03] INFO admin/admin.c Received admin command listclients on mount '/Radio'
[2026-05-02  23:35:13] INFO admin/admin.c Received admin command listclients on mount '/Radio'
[2026-05-02  23:35:23] INFO admin/admin.c Received admin command listclients on mount '/Radio'
[2026-05-02  23:35:33] INFO admin/admin.c Received admin command metadata on mount '/Radio'
[2026-05-02  23:35:33] WARN admin/admin.c Client 00000232ED5BA830 (role=legacy-global-source, acl=legacy-global-source, username=source) uses safe method GET on /admin/metadata
[2026-05-02  23:35:33] INFO admin/admin.c Metadata on mountpoint /Radio changed to "9A\x20-\x20Energy\x208\x20-\x20Friction,\x20Poppy\x20Baskcomb\x20-\x20Falling\x20Down"
[2026-05-02  23:35:33] INFO event-stream/event_stream.c event queued
[2026-05-02  23:35:33] WARN stats/stats.c No charset found for "ISO8859-1"
[2026-05-02  23:35:33] WARN stats/stats.c No charset found for "ISO8859-1"
[2026-05-02  23:35:33] INFO event-stream/event_stream.c event queued
[2026-05-02  23:35:34] INFO admin/admin.c Received admin command listclients on mount '/Radio'
[2026-05-02  23:35:44] INFO admin/admin.c Received admin command listclients on mount '/Radio'
[2026-05-02  23:35:54] INFO admin/admin.c Received admin command listclients on mount '/Radio'
[2026-05-02  23:36:04] INFO admin/admin.c Received admin command listclients on mount '/Radio'
[2026-05-02  23:36:14] INFO admin/admin.c Received admin command listclients on mount '/Radio'
[2026-05-02  23:36:24] INFO admin/admin.c Received admin command listclients on mount '/Radio'
[2026-05-02  23:36:34] INFO admin/admin.c Received admin command listclients on mount '/Radio'
[2026-05-02  23:36:45] INFO admin/admin.c Received admin command listclients on mount '/Radio'
[2026-05-02  23:36:55] INFO admin/admin.c Received admin command listclients on mount '/Radio'
[2026-05-02  23:37:05] INFO admin/admin.c Received admin command listclients on mount '/Radio'
[2026-05-02  23:37:15] INFO admin/admin.c Received admin command listclients on mount '/Radio'
[2026-05-02  23:37:25] INFO admin/admin.c Received admin command listclients on mount '/Radio'
[2026-05-02  23:37:35] INFO admin/admin.c Received admin command listclients on mount '/Radio'
[2026-05-02  23:37:46] INFO admin/admin.c Received admin command listclients on mount '/Radio'
[2026-05-02  23:37:56] INFO admin/admin.c Received admin command listclients on mount '/Radio'
[2026-05-02  23:38:06] INFO admin/admin.c Received admin command listclients on mount '/Radio'
[2026-05-02  23:38:16] INFO admin/admin.c Received admin command listclients on mount '/Radio'
[2026-05-02  23:38:26] INFO admin/admin.c Received admin command listclients on mount '/Radio'
[2026-05-02  23:38:36] INFO admin/admin.c Received admin command listclients on mount '/Radio'
[2026-05-02  23:38:46] INFO admin/admin.c Received admin command listclients on mount '/Radio'
[2026-05-02  23:38:57] INFO admin/admin.c Received admin command listclients on mount '/Radio'
[2026-05-02  23:39:07] INFO admin/admin.c Received admin command listclients on mount '/Radio'
[2026-05-02  23:39:13] INFO admin/admin.c Received admin command metadata on mount '/Radio'
[2026-05-02  23:39:13] WARN admin/admin.c Client 00000232ED5B9870 (role=legacy-global-source, acl=legacy-global-source, username=source) uses safe method GET on /admin/metadata
[2026-05-02  23:39:13] INFO admin/admin.c Metadata on mountpoint /Radio changed to "4A\x20-\x20Energy\x208\x20-\x20Gancher\x20&\x20Ruin\x20-\x20Override"
[2026-05-02  23:39:13] INFO event-stream/event_stream.c event queued
[2026-05-02  23:39:13] WARN stats/stats.c No charset found for "ISO8859-1"
[2026-05-02  23:39:13] WARN stats/stats.c No charset found for "ISO8859-1"
[2026-05-02  23:39:13] INFO event-stream/event_stream.c event queued
[2026-05-02  23:39:17] INFO admin/admin.c Received admin command listclients on mount '/Radio'
[2026-05-02  23:39:27] INFO admin/admin.c Received admin command listclients on mount '/Radio'
